Societe,Date,Annee,Periode,Devise,Categorie,Sous_categorie,Code_ratio,Ratio,Unite,Valeur
AB inBev,2015-12-31,2015,FY,USD,Solidité,Liquidités,LIQ_GEN,Ratio de liquidité générale,x,
AB inBev,2015-12-31,2015,FY,USD,Solidité,Liquidités,LIQ_RED,Ratio de liquidité réduite,x,
AB inBev,2015-12-31,2015,FY,USD,Solidité,Liquidités,LIQ_IMM,Ratio de liquidité immédiate,x,
AB inBev,2015-12-31,2015,FY,USD,Solidité,Liquidités,INT_DEF_RED,Intervalle défensif réduit,j,
AB inBev,2015-12-31,2015,FY,USD,Solidité,Liquidités,INT_DEF,Intervalle défensif,j,
AB inBev,2015-12-31,2015,FY,USD,Solidité,Liquidités,RFR,Ratio de fonds de roulement,%,
AB inBev,2015-12-31,2015,FY,USD,Solidité,Liquidités,RBFR,Ratio de besoin en fonds de roulement,%,5.8114
AB inBev,2015-12-31,2015,FY,USD,Solidité,Gestion des actifs,LEV_ECO,Ratio du levier économique,x,
AB inBev,2015-12-31,2015,FY,USD,Solidité,Gestion des actifs,POIDS_IMMO,Poids des immobilisations,%,
AB inBev,2015-12-31,2015,FY,USD,Solidité,Gestion des actifs,FIN_IMMO,Financement des immobilisations,x,
AB inBev,2015-12-31,2015,FY,USD,Solidité,Gestion des actifs,VETUSTE,Vétusté de l'actif,%,
AB inBev,2015-12-31,2015,FY,USD,Solidité,Gestion des passifs,ENDET_GLOB,Ratio d'endettement global,%,
AB inBev,2015-12-31,2015,FY,USD,Solidité,Gestion des passifs,ENDET_TERME,Ratio d'endettement à terme,%,
AB inBev,2015-12-31,2015,FY,USD,Solidité,Gestion des passifs,INDEP_FIN,Ratio d'indépendance financière,%,
AB inBev,2015-12-31,2015,FY,USD,Solidité,Gestion des passifs,COUV_CF,Couverture des charges financières,x,
AB inBev,2015-12-31,2015,FY,USD,Solidité,Gestion des passifs,POIDS_CF,Poids des charges financières,%,
AB inBev,2015-12-31,2015,FY,USD,Solidité,Gestion des passifs,AUTO_FIN,Ratio d'autonomie financière,x,
AB inBev,2015-12-31,2015,FY,USD,Solidité,Gestion des passifs,SOLVA,Ratio de solvabilité,x,
AB inBev,2015-12-31,2015,FY,USD,Solidité,Ressources humaines,EFF_BRUT_RH,Efficacité brute des RH,x,
AB inBev,2015-12-31,2015,FY,USD,Solidité,Ressources humaines,EFF_NET_RH,Efficacité nette des RH,x,
AB inBev,2015-12-31,2015,FY,USD,Solidité,Gestion des risques,CONAN_HOLDER,Score de Conan & Holder,score,
AB inBev,2015-12-31,2015,FY,USD,Solidité,Gestion des risques,RISQ_PLACEMENT,Risque de placement,%,
AB inBev,2015-12-31,2015,FY,USD,Solidité,Gestion des risques,RISQ_COMMERCIAL,Risque commercial,%,2.0938
AB inBev,2015-12-31,2015,FY,USD,Solidité,Gestion des risques,CREDIT_FOURN,Crédits moyens fournisseurs,j,
AB inBev,2015-12-31,2015,FY,USD,Solidité,Gestion des risques,CREDIT_CLIENT,Crédits moyens clients,j,6.4223
AB inBev,2015-12-31,2015,FY,USD,Performance,Rentabilité commerciale,RENT_COM,Rentabilité commerciale,%,31.5751
AB inBev,2015-12-31,2015,FY,USD,Performance,Rentabilité commerciale,MARGE_NETTE,Ratio de la marge nette,%,22.6287
AB inBev,2015-12-31,2015,FY,USD,Performance,Rentabilité commerciale,TAUX_MARQUE,Taux de marque,%,
AB inBev,2015-12-31,2015,FY,USD,Performance,Rentabilité commerciale,ROT_CAP,Rotation des capitaux échangés,x,
AB inBev,2015-12-31,2015,FY,USD,Performance,Rentabilité économique,ROA,Rendement de l'actif (ROA),%,
AB inBev,2015-12-31,2015,FY,USD,Performance,Rentabilité économique,ROCE,Rentabilité du capital investi (ROCE),%,
AB inBev,2015-12-31,2015,FY,USD,Performance,Rentabilité économique,REND_IMMO,Rendement brut des immobilisations,%,
AB inBev,2015-12-31,2015,FY,USD,Performance,Rentabilité économique,REND_RES_STABLE,Rendement brut des ressources stables,%,
AB inBev,2015-12-31,2015,FY,USD,Performance,Rentabilité d'exploitation,MARGE_BRUTE_EXPL,Marge brute d'exploitation,%,38.618
AB inBev,2015-12-31,2015,FY,USD,Performance,Rentabilité d'exploitation,MARGE_BENEF_EXPL,Marge bénéficiaire d'exploitation,%,31.5751
AB inBev,2015-12-31,2015,FY,USD,Performance,Rentabilité opérationnelle,REND_GLOBAL_NET,Rendement global net,%,7.3287
AB inBev,2015-12-31,2015,FY,USD,Performance,Rentabilité opérationnelle,CREATION_VALEUR,Création de valeur annuelle,montant,
AB inBev,2015-12-31,2015,FY,USD,Performance,Rentabilité opérationnelle,REND_PRODUCTION,Rendement de la production,%,
AB inBev,2015-12-31,2015,FY,USD,Performance,Rentabilité opérationnelle,ROT_STOCKS,Ratio de rotation des stocks,x,
AB inBev,2015-12-31,2015,FY,USD,Performance,Rentabilité opérationnelle,PROFIT_OP,Profit opérationnel,montant,13768.0
AB inBev,2015-12-31,2015,FY,USD,Performance,Rentabilité financière,ROE,Rentabilité des capitaux propres (ROE),%,
AB inBev,2015-12-31,2015,FY,USD,Performance,Rentabilité financière,ROI,Retour sur investissement (ROI),%,
AB inBev,2015-12-31,2015,FY,USD,Performance,Rentabilité financière,PERF_PLACEMENT,Performance placement,%,
AB inBev,2016-12-31,2016,FY,USD,Solidité,Liquidités,LIQ_GEN,Ratio de liquidité générale,x,
AB inBev,2016-12-31,2016,FY,USD,Solidité,Liquidités,LIQ_RED,Ratio de liquidité réduite,x,
AB inBev,2016-12-31,2016,FY,USD,Solidité,Liquidités,LIQ_IMM,Ratio de liquidité immédiate,x,
AB inBev,2016-12-31,2016,FY,USD,Solidité,Liquidités,INT_DEF_RED,Intervalle défensif réduit,j,
AB inBev,2016-12-31,2016,FY,USD,Solidité,Liquidités,INT_DEF,Intervalle défensif,j,
AB inBev,2016-12-31,2016,FY,USD,Solidité,Liquidités,RFR,Ratio de fonds de roulement,%,
AB inBev,2016-12-31,2016,FY,USD,Solidité,Liquidités,RBFR,Ratio de besoin en fonds de roulement,%,0.0
AB inBev,2016-12-31,2016,FY,USD,Solidité,Gestion des actifs,LEV_ECO,Ratio du levier économique,x,
AB inBev,2016-12-31,2016,FY,USD,Solidité,Gestion des actifs,POIDS_IMMO,Poids des immobilisations,%,
AB inBev,2016-12-31,2016,FY,USD,Solidité,Gestion des actifs,FIN_IMMO,Financement des immobilisations,x,
AB inBev,2016-12-31,2016,FY,USD,Solidité,Gestion des actifs,VETUSTE,Vétusté de l'actif,%,
AB inBev,2016-12-31,2016,FY,USD,Solidité,Gestion des passifs,ENDET_GLOB,Ratio d'endettement global,%,
AB inBev,2016-12-31,2016,FY,USD,Solidité,Gestion des passifs,ENDET_TERME,Ratio d'endettement à terme,%,
AB inBev,2016-12-31,2016,FY,USD,Solidité,Gestion des passifs,INDEP_FIN,Ratio d'indépendance financière,%,
AB inBev,2016-12-31,2016,FY,USD,Solidité,Gestion des passifs,COUV_CF,Couverture des charges financières,x,
AB inBev,2016-12-31,2016,FY,USD,Solidité,Gestion des passifs,POIDS_CF,Poids des charges financières,%,
AB inBev,2016-12-31,2016,FY,USD,Solidité,Gestion des passifs,AUTO_FIN,Ratio d'autonomie financière,x,
AB inBev,2016-12-31,2016,FY,USD,Solidité,Gestion des passifs,SOLVA,Ratio de solvabilité,x,
AB inBev,2016-12-31,2016,FY,USD,Solidité,Ressources humaines,EFF_BRUT_RH,Efficacité brute des RH,x,
AB inBev,2016-12-31,2016,FY,USD,Solidité,Ressources humaines,EFF_NET_RH,Efficacité nette des RH,x,
AB inBev,2016-12-31,2016,FY,USD,Solidité,Gestion des risques,CONAN_HOLDER,Score de Conan & Holder,score,
AB inBev,2016-12-31,2016,FY,USD,Solidité,Gestion des risques,RISQ_PLACEMENT,Risque de placement,%,
AB inBev,2016-12-31,2016,FY,USD,Solidité,Gestion des risques,RISQ_COMMERCIAL,Risque commercial,%,
AB inBev,2016-12-31,2016,FY,USD,Solidité,Gestion des risques,CREDIT_FOURN,Crédits moyens fournisseurs,j,
AB inBev,2016-12-31,2016,FY,USD,Solidité,Gestion des risques,CREDIT_CLIENT,Crédits moyens clients,j,
AB inBev,2016-12-31,2016,FY,USD,Performance,Rentabilité commerciale,RENT_COM,Rentabilité commerciale,%,24.6116
AB inBev,2016-12-31,2016,FY,USD,Performance,Rentabilité commerciale,MARGE_NETTE,Ratio de la marge nette,%,5.1333
AB inBev,2016-12-31,2016,FY,USD,Performance,Rentabilité commerciale,TAUX_MARQUE,Taux de marque,%,
AB inBev,2016-12-31,2016,FY,USD,Performance,Rentabilité commerciale,ROT_CAP,Rotation des capitaux échangés,x,
AB inBev,2016-12-31,2016,FY,USD,Performance,Rentabilité économique,ROA,Rendement de l'actif (ROA),%,
AB inBev,2016-12-31,2016,FY,USD,Performance,Rentabilité économique,ROCE,Rentabilité du capital investi (ROCE),%,
AB inBev,2016-12-31,2016,FY,USD,Performance,Rentabilité économique,REND_IMMO,Rendement brut des immobilisations,%,
AB inBev,2016-12-31,2016,FY,USD,Performance,Rentabilité économique,REND_RES_STABLE,Rendement brut des ressources stables,%,
AB inBev,2016-12-31,2016,FY,USD,Performance,Rentabilité d'exploitation,MARGE_BRUTE_EXPL,Marge brute d'exploitation,%,31.0574
AB inBev,2016-12-31,2016,FY,USD,Performance,Rentabilité d'exploitation,MARGE_BENEF_EXPL,Marge bénéficiaire d'exploitation,%,24.6116
AB inBev,2016-12-31,2016,FY,USD,Performance,Rentabilité opérationnelle,REND_GLOBAL_NET,Rendement global net,%,
AB inBev,2016-12-31,2016,FY,USD,Performance,Rentabilité opérationnelle,CREATION_VALEUR,Création de valeur annuelle,montant,
AB inBev,2016-12-31,2016,FY,USD,Performance,Rentabilité opérationnelle,REND_PRODUCTION,Rendement de la production,%,
AB inBev,2016-12-31,2016,FY,USD,Performance,Rentabilité opérationnelle,ROT_STOCKS,Ratio de rotation des stocks,x,
AB inBev,2016-12-31,2016,FY,USD,Performance,Rentabilité opérationnelle,PROFIT_OP,Profit opérationnel,montant,13276.0
AB inBev,2016-12-31,2016,FY,USD,Performance,Rentabilité financière,ROE,Rentabilité des capitaux propres (ROE),%,
AB inBev,2016-12-31,2016,FY,USD,Performance,Rentabilité financière,ROI,Retour sur investissement (ROI),%,
AB inBev,2016-12-31,2016,FY,USD,Performance,Rentabilité financière,PERF_PLACEMENT,Performance placement,%,
AB inBev,2017-12-31,2017,FY,USD,Solidité,Liquidités,LIQ_GEN,Ratio de liquidité générale,x,
AB inBev,2017-12-31,2017,FY,USD,Solidité,Liquidités,LIQ_RED,Ratio de liquidité réduite,x,
AB inBev,2017-12-31,2017,FY,USD,Solidité,Liquidités,LIQ_IMM,Ratio de liquidité immédiate,x,
AB inBev,2017-12-31,2017,FY,USD,Solidité,Liquidités,INT_DEF_RED,Intervalle défensif réduit,j,
AB inBev,2017-12-31,2017,FY,USD,Solidité,Liquidités,INT_DEF,Intervalle défensif,j,
AB inBev,2017-12-31,2017,FY,USD,Solidité,Liquidités,RFR,Ratio de fonds de roulement,%,
AB inBev,2017-12-31,2017,FY,USD,Solidité,Liquidités,RBFR,Ratio de besoin en fonds de roulement,%,0.0
AB inBev,2017-12-31,2017,FY,USD,Solidité,Gestion des actifs,LEV_ECO,Ratio du levier économique,x,
AB inBev,2017-12-31,2017,FY,USD,Solidité,Gestion des actifs,POIDS_IMMO,Poids des immobilisations,%,
AB inBev,2017-12-31,2017,FY,USD,Solidité,Gestion des actifs,FIN_IMMO,Financement des immobilisations,x,
AB inBev,2017-12-31,2017,FY,USD,Solidité,Gestion des actifs,VETUSTE,Vétusté de l'actif,%,
AB inBev,2017-12-31,2017,FY,USD,Solidité,Gestion des passifs,ENDET_GLOB,Ratio d'endettement global,%,
AB inBev,2017-12-31,2017,FY,USD,Solidité,Gestion des passifs,ENDET_TERME,Ratio d'endettement à terme,%,
AB inBev,2017-12-31,2017,FY,USD,Solidité,Gestion des passifs,INDEP_FIN,Ratio d'indépendance financière,%,
AB inBev,2017-12-31,2017,FY,USD,Solidité,Gestion des passifs,COUV_CF,Couverture des charges financières,x,
AB inBev,2017-12-31,2017,FY,USD,Solidité,Gestion des passifs,POIDS_CF,Poids des charges financières,%,
AB inBev,2017-12-31,2017,FY,USD,Solidité,Gestion des passifs,AUTO_FIN,Ratio d'autonomie financière,x,
AB inBev,2017-12-31,2017,FY,USD,Solidité,Gestion des passifs,SOLVA,Ratio de solvabilité,x,
AB inBev,2017-12-31,2017,FY,USD,Solidité,Ressources humaines,EFF_BRUT_RH,Efficacité brute des RH,x,
AB inBev,2017-12-31,2017,FY,USD,Solidité,Ressources humaines,EFF_NET_RH,Efficacité nette des RH,x,
AB inBev,2017-12-31,2017,FY,USD,Solidité,Gestion des risques,CONAN_HOLDER,Score de Conan & Holder,score,
AB inBev,2017-12-31,2017,FY,USD,Solidité,Gestion des risques,RISQ_PLACEMENT,Risque de placement,%,
AB inBev,2017-12-31,2017,FY,USD,Solidité,Gestion des risques,RISQ_COMMERCIAL,Risque commercial,%,
AB inBev,2017-12-31,2017,FY,USD,Solidité,Gestion des risques,CREDIT_FOURN,Crédits moyens fournisseurs,j,
AB inBev,2017-12-31,2017,FY,USD,Solidité,Gestion des risques,CREDIT_CLIENT,Crédits moyens clients,j,
AB inBev,2017-12-31,2017,FY,USD,Performance,Rentabilité commerciale,RENT_COM,Rentabilité commerciale,%,31.5605
AB inBev,2017-12-31,2017,FY,USD,Performance,Rentabilité commerciale,MARGE_NETTE,Ratio de la marge nette,%,16.2692
AB inBev,2017-12-31,2017,FY,USD,Performance,Rentabilité commerciale,TAUX_MARQUE,Taux de marque,%,
AB inBev,2017-12-31,2017,FY,USD,Performance,Rentabilité commerciale,ROT_CAP,Rotation des capitaux échangés,x,
AB inBev,2017-12-31,2017,FY,USD,Performance,Rentabilité économique,ROA,Rendement de l'actif (ROA),%,
AB inBev,2017-12-31,2017,FY,USD,Performance,Rentabilité économique,ROCE,Rentabilité du capital investi (ROCE),%,
AB inBev,2017-12-31,2017,FY,USD,Performance,Rentabilité économique,REND_IMMO,Rendement brut des immobilisations,%,
AB inBev,2017-12-31,2017,FY,USD,Performance,Rentabilité économique,REND_RES_STABLE,Rendement brut des ressources stables,%,
AB inBev,2017-12-31,2017,FY,USD,Performance,Rentabilité d'exploitation,MARGE_BRUTE_EXPL,Marge brute d'exploitation,%,39.1255
AB inBev,2017-12-31,2017,FY,USD,Performance,Rentabilité d'exploitation,MARGE_BENEF_EXPL,Marge bénéficiaire d'exploitation,%,31.5605
AB inBev,2017-12-31,2017,FY,USD,Performance,Rentabilité opérationnelle,REND_GLOBAL_NET,Rendement global net,%,
AB inBev,2017-12-31,2017,FY,USD,Performance,Rentabilité opérationnelle,CREATION_VALEUR,Création de valeur annuelle,montant,
AB inBev,2017-12-31,2017,FY,USD,Performance,Rentabilité opérationnelle,REND_PRODUCTION,Rendement de la production,%,
AB inBev,2017-12-31,2017,FY,USD,Performance,Rentabilité opérationnelle,ROT_STOCKS,Ratio de rotation des stocks,x,
AB inBev,2017-12-31,2017,FY,USD,Performance,Rentabilité opérationnelle,PROFIT_OP,Profit opérationnel,montant,17814.0
AB inBev,2017-12-31,2017,FY,USD,Performance,Rentabilité financière,ROE,Rentabilité des capitaux propres (ROE),%,
AB inBev,2017-12-31,2017,FY,USD,Performance,Rentabilité financière,ROI,Retour sur investissement (ROI),%,
AB inBev,2017-12-31,2017,FY,USD,Performance,Rentabilité financière,PERF_PLACEMENT,Performance placement,%,
AB inBev,2018-12-31,2018,FY,USD,Solidité,Liquidités,LIQ_GEN,Ratio de liquidité générale,x,
AB inBev,2018-12-31,2018,FY,USD,Solidité,Liquidités,LIQ_RED,Ratio de liquidité réduite,x,
AB inBev,2018-12-31,2018,FY,USD,Solidité,Liquidités,LIQ_IMM,Ratio de liquidité immédiate,x,
AB inBev,2018-12-31,2018,FY,USD,Solidité,Liquidités,INT_DEF_RED,Intervalle défensif réduit,j,
AB inBev,2018-12-31,2018,FY,USD,Solidité,Liquidités,INT_DEF,Intervalle défensif,j,
AB inBev,2018-12-31,2018,FY,USD,Solidité,Liquidités,RFR,Ratio de fonds de roulement,%,
AB inBev,2018-12-31,2018,FY,USD,Solidité,Liquidités,RBFR,Ratio de besoin en fonds de roulement,%,0.0
AB inBev,2018-12-31,2018,FY,USD,Solidité,Gestion des actifs,LEV_ECO,Ratio du levier économique,x,
AB inBev,2018-12-31,2018,FY,USD,Solidité,Gestion des actifs,POIDS_IMMO,Poids des immobilisations,%,
AB inBev,2018-12-31,2018,FY,USD,Solidité,Gestion des actifs,FIN_IMMO,Financement des immobilisations,x,
AB inBev,2018-12-31,2018,FY,USD,Solidité,Gestion des actifs,VETUSTE,Vétusté de l'actif,%,
AB inBev,2018-12-31,2018,FY,USD,Solidité,Gestion des passifs,ENDET_GLOB,Ratio d'endettement global,%,
AB inBev,2018-12-31,2018,FY,USD,Solidité,Gestion des passifs,ENDET_TERME,Ratio d'endettement à terme,%,
AB inBev,2018-12-31,2018,FY,USD,Solidité,Gestion des passifs,INDEP_FIN,Ratio d'indépendance financière,%,
AB inBev,2018-12-31,2018,FY,USD,Solidité,Gestion des passifs,COUV_CF,Couverture des charges financières,x,
AB inBev,2018-12-31,2018,FY,USD,Solidité,Gestion des passifs,POIDS_CF,Poids des charges financières,%,
AB inBev,2018-12-31,2018,FY,USD,Solidité,Gestion des passifs,AUTO_FIN,Ratio d'autonomie financière,x,
AB inBev,2018-12-31,2018,FY,USD,Solidité,Gestion des passifs,SOLVA,Ratio de solvabilité,x,
AB inBev,2018-12-31,2018,FY,USD,Solidité,Ressources humaines,EFF_BRUT_RH,Efficacité brute des RH,x,
AB inBev,2018-12-31,2018,FY,USD,Solidité,Ressources humaines,EFF_NET_RH,Efficacité nette des RH,x,
AB inBev,2018-12-31,2018,FY,USD,Solidité,Gestion des risques,CONAN_HOLDER,Score de Conan & Holder,score,
AB inBev,2018-12-31,2018,FY,USD,Solidité,Gestion des risques,RISQ_PLACEMENT,Risque de placement,%,
AB inBev,2018-12-31,2018,FY,USD,Solidité,Gestion des risques,RISQ_COMMERCIAL,Risque commercial,%,
AB inBev,2018-12-31,2018,FY,USD,Solidité,Gestion des risques,CREDIT_FOURN,Crédits moyens fournisseurs,j,
AB inBev,2018-12-31,2018,FY,USD,Solidité,Gestion des risques,CREDIT_CLIENT,Crédits moyens clients,j,
AB inBev,2018-12-31,2018,FY,USD,Performance,Rentabilité commerciale,RENT_COM,Rentabilité commerciale,%,32.2524
AB inBev,2018-12-31,2018,FY,USD,Performance,Rentabilité commerciale,MARGE_NETTE,Ratio de la marge nette,%,10.7238
AB inBev,2018-12-31,2018,FY,USD,Performance,Rentabilité commerciale,TAUX_MARQUE,Taux de marque,%,
AB inBev,2018-12-31,2018,FY,USD,Performance,Rentabilité commerciale,ROT_CAP,Rotation des capitaux échangés,x,
AB inBev,2018-12-31,2018,FY,USD,Performance,Rentabilité économique,ROA,Rendement de l'actif (ROA),%,
AB inBev,2018-12-31,2018,FY,USD,Performance,Rentabilité économique,ROCE,Rentabilité du capital investi (ROCE),%,
AB inBev,2018-12-31,2018,FY,USD,Performance,Rentabilité économique,REND_IMMO,Rendement brut des immobilisations,%,
AB inBev,2018-12-31,2018,FY,USD,Performance,Rentabilité économique,REND_RES_STABLE,Rendement brut des ressources stables,%,
AB inBev,2018-12-31,2018,FY,USD,Performance,Rentabilité d'exploitation,MARGE_BRUTE_EXPL,Marge brute d'exploitation,%,40.9721
AB inBev,2018-12-31,2018,FY,USD,Performance,Rentabilité d'exploitation,MARGE_BENEF_EXPL,Marge bénéficiaire d'exploitation,%,32.2524
AB inBev,2018-12-31,2018,FY,USD,Performance,Rentabilité opérationnelle,REND_GLOBAL_NET,Rendement global net,%,
AB inBev,2018-12-31,2018,FY,USD,Performance,Rentabilité opérationnelle,CREATION_VALEUR,Création de valeur annuelle,montant,
AB inBev,2018-12-31,2018,FY,USD,Performance,Rentabilité opérationnelle,REND_PRODUCTION,Rendement de la production,%,
AB inBev,2018-12-31,2018,FY,USD,Performance,Rentabilité opérationnelle,ROT_STOCKS,Ratio de rotation des stocks,x,
AB inBev,2018-12-31,2018,FY,USD,Performance,Rentabilité opérationnelle,PROFIT_OP,Profit opérationnel,montant,17107.0
AB inBev,2018-12-31,2018,FY,USD,Performance,Rentabilité financière,ROE,Rentabilité des capitaux propres (ROE),%,
AB inBev,2018-12-31,2018,FY,USD,Performance,Rentabilité financière,ROI,Retour sur investissement (ROI),%,
AB inBev,2018-12-31,2018,FY,USD,Performance,Rentabilité financière,PERF_PLACEMENT,Performance placement,%,
AB inBev,2019-12-31,2019,FY,USD,Solidité,Liquidités,LIQ_GEN,Ratio de liquidité générale,x,
AB inBev,2019-12-31,2019,FY,USD,Solidité,Liquidités,LIQ_RED,Ratio de liquidité réduite,x,
AB inBev,2019-12-31,2019,FY,USD,Solidité,Liquidités,LIQ_IMM,Ratio de liquidité immédiate,x,
AB inBev,2019-12-31,2019,FY,USD,Solidité,Liquidités,INT_DEF_RED,Intervalle défensif réduit,j,
AB inBev,2019-12-31,2019,FY,USD,Solidité,Liquidités,INT_DEF,Intervalle défensif,j,
AB inBev,2019-12-31,2019,FY,USD,Solidité,Liquidités,RFR,Ratio de fonds de roulement,%,
AB inBev,2019-12-31,2019,FY,USD,Solidité,Liquidités,RBFR,Ratio de besoin en fonds de roulement,%,0.0
AB inBev,2019-12-31,2019,FY,USD,Solidité,Gestion des actifs,LEV_ECO,Ratio du levier économique,x,
AB inBev,2019-12-31,2019,FY,USD,Solidité,Gestion des actifs,POIDS_IMMO,Poids des immobilisations,%,
AB inBev,2019-12-31,2019,FY,USD,Solidité,Gestion des actifs,FIN_IMMO,Financement des immobilisations,x,
AB inBev,2019-12-31,2019,FY,USD,Solidité,Gestion des actifs,VETUSTE,Vétusté de l'actif,%,
AB inBev,2019-12-31,2019,FY,USD,Solidité,Gestion des passifs,ENDET_GLOB,Ratio d'endettement global,%,
AB inBev,2019-12-31,2019,FY,USD,Solidité,Gestion des passifs,ENDET_TERME,Ratio d'endettement à terme,%,
AB inBev,2019-12-31,2019,FY,USD,Solidité,Gestion des passifs,INDEP_FIN,Ratio d'indépendance financière,%,
AB inBev,2019-12-31,2019,FY,USD,Solidité,Gestion des passifs,COUV_CF,Couverture des charges financières,x,
AB inBev,2019-12-31,2019,FY,USD,Solidité,Gestion des passifs,POIDS_CF,Poids des charges financières,%,
AB inBev,2019-12-31,2019,FY,USD,Solidité,Gestion des passifs,AUTO_FIN,Ratio d'autonomie financière,x,
AB inBev,2019-12-31,2019,FY,USD,Solidité,Gestion des passifs,SOLVA,Ratio de solvabilité,x,
AB inBev,2019-12-31,2019,FY,USD,Solidité,Ressources humaines,EFF_BRUT_RH,Efficacité brute des RH,x,
AB inBev,2019-12-31,2019,FY,USD,Solidité,Ressources humaines,EFF_NET_RH,Efficacité nette des RH,x,
AB inBev,2019-12-31,2019,FY,USD,Solidité,Gestion des risques,CONAN_HOLDER,Score de Conan & Holder,score,
AB inBev,2019-12-31,2019,FY,USD,Solidité,Gestion des risques,RISQ_PLACEMENT,Risque de placement,%,
AB inBev,2019-12-31,2019,FY,USD,Solidité,Gestion des risques,RISQ_COMMERCIAL,Risque commercial,%,
AB inBev,2019-12-31,2019,FY,USD,Solidité,Gestion des risques,CREDIT_FOURN,Crédits moyens fournisseurs,j,
AB inBev,2019-12-31,2019,FY,USD,Solidité,Gestion des risques,CREDIT_CLIENT,Crédits moyens clients,j,
AB inBev,2019-12-31,2019,FY,USD,Performance,Rentabilité commerciale,RENT_COM,Rentabilité commerciale,%,31.3803
AB inBev,2019-12-31,2019,FY,USD,Performance,Rentabilité commerciale,MARGE_NETTE,Ratio de la marge nette,%,19.901
AB inBev,2019-12-31,2019,FY,USD,Performance,Rentabilité commerciale,TAUX_MARQUE,Taux de marque,%,
AB inBev,2019-12-31,2019,FY,USD,Performance,Rentabilité commerciale,ROT_CAP,Rotation des capitaux échangés,x,
AB inBev,2019-12-31,2019,FY,USD,Performance,Rentabilité économique,ROA,Rendement de l'actif (ROA),%,
AB inBev,2019-12-31,2019,FY,USD,Performance,Rentabilité économique,ROCE,Rentabilité du capital investi (ROCE),%,
AB inBev,2019-12-31,2019,FY,USD,Performance,Rentabilité économique,REND_IMMO,Rendement brut des immobilisations,%,
AB inBev,2019-12-31,2019,FY,USD,Performance,Rentabilité économique,REND_RES_STABLE,Rendement brut des ressources stables,%,
AB inBev,2019-12-31,2019,FY,USD,Performance,Rentabilité d'exploitation,MARGE_BRUTE_EXPL,Marge brute d'exploitation,%,40.2798
AB inBev,2019-12-31,2019,FY,USD,Performance,Rentabilité d'exploitation,MARGE_BENEF_EXPL,Marge bénéficiaire d'exploitation,%,31.3803
AB inBev,2019-12-31,2019,FY,USD,Performance,Rentabilité opérationnelle,REND_GLOBAL_NET,Rendement global net,%,
AB inBev,2019-12-31,2019,FY,USD,Performance,Rentabilité opérationnelle,CREATION_VALEUR,Création de valeur annuelle,montant,
AB inBev,2019-12-31,2019,FY,USD,Performance,Rentabilité opérationnelle,REND_PRODUCTION,Rendement de la production,%,
AB inBev,2019-12-31,2019,FY,USD,Performance,Rentabilité opérationnelle,ROT_STOCKS,Ratio de rotation des stocks,x,
AB inBev,2019-12-31,2019,FY,USD,Performance,Rentabilité opérationnelle,PROFIT_OP,Profit opérationnel,montant,16421.0
AB inBev,2019-12-31,2019,FY,USD,Performance,Rentabilité financière,ROE,Rentabilité des capitaux propres (ROE),%,
AB inBev,2019-12-31,2019,FY,USD,Performance,Rentabilité financière,ROI,Retour sur investissement (ROI),%,
AB inBev,2019-12-31,2019,FY,USD,Performance,Rentabilité financière,PERF_PLACEMENT,Performance placement,%,
AB inBev,2020-12-31,2020,FY,USD,Solidité,Liquidités,LIQ_GEN,Ratio de liquidité générale,x,
AB inBev,2020-12-31,2020,FY,USD,Solidité,Liquidités,LIQ_RED,Ratio de liquidité réduite,x,
AB inBev,2020-12-31,2020,FY,USD,Solidité,Liquidités,LIQ_IMM,Ratio de liquidité immédiate,x,
AB inBev,2020-12-31,2020,FY,USD,Solidité,Liquidités,INT_DEF_RED,Intervalle défensif réduit,j,
AB inBev,2020-12-31,2020,FY,USD,Solidité,Liquidités,INT_DEF,Intervalle défensif,j,
AB inBev,2020-12-31,2020,FY,USD,Solidité,Liquidités,RFR,Ratio de fonds de roulement,%,
AB inBev,2020-12-31,2020,FY,USD,Solidité,Liquidités,RBFR,Ratio de besoin en fonds de roulement,%,0.0
AB inBev,2020-12-31,2020,FY,USD,Solidité,Gestion des actifs,LEV_ECO,Ratio du levier économique,x,
AB inBev,2020-12-31,2020,FY,USD,Solidité,Gestion des actifs,POIDS_IMMO,Poids des immobilisations,%,
AB inBev,2020-12-31,2020,FY,USD,Solidité,Gestion des actifs,FIN_IMMO,Financement des immobilisations,x,
AB inBev,2020-12-31,2020,FY,USD,Solidité,Gestion des actifs,VETUSTE,Vétusté de l'actif,%,
AB inBev,2020-12-31,2020,FY,USD,Solidité,Gestion des passifs,ENDET_GLOB,Ratio d'endettement global,%,
AB inBev,2020-12-31,2020,FY,USD,Solidité,Gestion des passifs,ENDET_TERME,Ratio d'endettement à terme,%,
AB inBev,2020-12-31,2020,FY,USD,Solidité,Gestion des passifs,INDEP_FIN,Ratio d'indépendance financière,%,
AB inBev,2020-12-31,2020,FY,USD,Solidité,Gestion des passifs,COUV_CF,Couverture des charges financières,x,
AB inBev,2020-12-31,2020,FY,USD,Solidité,Gestion des passifs,POIDS_CF,Poids des charges financières,%,
AB inBev,2020-12-31,2020,FY,USD,Solidité,Gestion des passifs,AUTO_FIN,Ratio d'autonomie financière,x,
AB inBev,2020-12-31,2020,FY,USD,Solidité,Gestion des passifs,SOLVA,Ratio de solvabilité,x,
AB inBev,2020-12-31,2020,FY,USD,Solidité,Ressources humaines,EFF_BRUT_RH,Efficacité brute des RH,x,
AB inBev,2020-12-31,2020,FY,USD,Solidité,Ressources humaines,EFF_NET_RH,Efficacité nette des RH,x,
AB inBev,2020-12-31,2020,FY,USD,Solidité,Gestion des risques,CONAN_HOLDER,Score de Conan & Holder,score,
AB inBev,2020-12-31,2020,FY,USD,Solidité,Gestion des risques,RISQ_PLACEMENT,Risque de placement,%,
AB inBev,2020-12-31,2020,FY,USD,Solidité,Gestion des risques,RISQ_COMMERCIAL,Risque commercial,%,
AB inBev,2020-12-31,2020,FY,USD,Solidité,Gestion des risques,CREDIT_FOURN,Crédits moyens fournisseurs,j,
AB inBev,2020-12-31,2020,FY,USD,Solidité,Gestion des risques,CREDIT_CLIENT,Crédits moyens clients,j,
AB inBev,2020-12-31,2020,FY,USD,Performance,Rentabilité commerciale,RENT_COM,Rentabilité commerciale,%,27.1389
AB inBev,2020-12-31,2020,FY,USD,Performance,Rentabilité commerciale,MARGE_NETTE,Ratio de la marge nette,%,4.697
AB inBev,2020-12-31,2020,FY,USD,Performance,Rentabilité commerciale,TAUX_MARQUE,Taux de marque,%,
AB inBev,2020-12-31,2020,FY,USD,Performance,Rentabilité commerciale,ROT_CAP,Rotation des capitaux échangés,x,
AB inBev,2020-12-31,2020,FY,USD,Performance,Rentabilité économique,ROA,Rendement de l'actif (ROA),%,
AB inBev,2020-12-31,2020,FY,USD,Performance,Rentabilité économique,ROCE,Rentabilité du capital investi (ROCE),%,
AB inBev,2020-12-31,2020,FY,USD,Performance,Rentabilité économique,REND_IMMO,Rendement brut des immobilisations,%,
AB inBev,2020-12-31,2020,FY,USD,Performance,Rentabilité économique,REND_RES_STABLE,Rendement brut des ressources stables,%,
AB inBev,2020-12-31,2020,FY,USD,Performance,Rentabilité d'exploitation,MARGE_BRUTE_EXPL,Marge brute d'exploitation,%,36.9467
AB inBev,2020-12-31,2020,FY,USD,Performance,Rentabilité d'exploitation,MARGE_BENEF_EXPL,Marge bénéficiaire d'exploitation,%,27.1389
AB inBev,2020-12-31,2020,FY,USD,Performance,Rentabilité opérationnelle,REND_GLOBAL_NET,Rendement global net,%,
AB inBev,2020-12-31,2020,FY,USD,Performance,Rentabilité opérationnelle,CREATION_VALEUR,Création de valeur annuelle,montant,
AB inBev,2020-12-31,2020,FY,USD,Performance,Rentabilité opérationnelle,REND_PRODUCTION,Rendement de la production,%,
AB inBev,2020-12-31,2020,FY,USD,Performance,Rentabilité opérationnelle,ROT_STOCKS,Ratio de rotation des stocks,x,
AB inBev,2020-12-31,2020,FY,USD,Performance,Rentabilité opérationnelle,PROFIT_OP,Profit opérationnel,montant,12723.0
AB inBev,2020-12-31,2020,FY,USD,Performance,Rentabilité financière,ROE,Rentabilité des capitaux propres (ROE),%,
AB inBev,2020-12-31,2020,FY,USD,Performance,Rentabilité financière,ROI,Retour sur investissement (ROI),%,
AB inBev,2020-12-31,2020,FY,USD,Performance,Rentabilité financière,PERF_PLACEMENT,Performance placement,%,
AB inBev,2021-12-31,2021,FY,USD,Solidité,Liquidités,LIQ_GEN,Ratio de liquidité générale,x,
AB inBev,2021-12-31,2021,FY,USD,Solidité,Liquidités,LIQ_RED,Ratio de liquidité réduite,x,
AB inBev,2021-12-31,2021,FY,USD,Solidité,Liquidités,LIQ_IMM,Ratio de liquidité immédiate,x,
AB inBev,2021-12-31,2021,FY,USD,Solidité,Liquidités,INT_DEF_RED,Intervalle défensif réduit,j,
AB inBev,2021-12-31,2021,FY,USD,Solidité,Liquidités,INT_DEF,Intervalle défensif,j,
AB inBev,2021-12-31,2021,FY,USD,Solidité,Liquidités,RFR,Ratio de fonds de roulement,%,
AB inBev,2021-12-31,2021,FY,USD,Solidité,Liquidités,RBFR,Ratio de besoin en fonds de roulement,%,0.0
AB inBev,2021-12-31,2021,FY,USD,Solidité,Gestion des actifs,LEV_ECO,Ratio du levier économique,x,
AB inBev,2021-12-31,2021,FY,USD,Solidité,Gestion des actifs,POIDS_IMMO,Poids des immobilisations,%,
AB inBev,2021-12-31,2021,FY,USD,Solidité,Gestion des actifs,FIN_IMMO,Financement des immobilisations,x,
AB inBev,2021-12-31,2021,FY,USD,Solidité,Gestion des actifs,VETUSTE,Vétusté de l'actif,%,
AB inBev,2021-12-31,2021,FY,USD,Solidité,Gestion des passifs,ENDET_GLOB,Ratio d'endettement global,%,
AB inBev,2021-12-31,2021,FY,USD,Solidité,Gestion des passifs,ENDET_TERME,Ratio d'endettement à terme,%,
AB inBev,2021-12-31,2021,FY,USD,Solidité,Gestion des passifs,INDEP_FIN,Ratio d'indépendance financière,%,
AB inBev,2021-12-31,2021,FY,USD,Solidité,Gestion des passifs,COUV_CF,Couverture des charges financières,x,
AB inBev,2021-12-31,2021,FY,USD,Solidité,Gestion des passifs,POIDS_CF,Poids des charges financières,%,
AB inBev,2021-12-31,2021,FY,USD,Solidité,Gestion des passifs,AUTO_FIN,Ratio d'autonomie financière,x,
AB inBev,2021-12-31,2021,FY,USD,Solidité,Gestion des passifs,SOLVA,Ratio de solvabilité,x,
AB inBev,2021-12-31,2021,FY,USD,Solidité,Ressources humaines,EFF_BRUT_RH,Efficacité brute des RH,x,
AB inBev,2021-12-31,2021,FY,USD,Solidité,Ressources humaines,EFF_NET_RH,Efficacité nette des RH,x,
AB inBev,2021-12-31,2021,FY,USD,Solidité,Gestion des risques,CONAN_HOLDER,Score de Conan & Holder,score,
AB inBev,2021-12-31,2021,FY,USD,Solidité,Gestion des risques,RISQ_PLACEMENT,Risque de placement,%,
AB inBev,2021-12-31,2021,FY,USD,Solidité,Gestion des risques,RISQ_COMMERCIAL,Risque commercial,%,
AB inBev,2021-12-31,2021,FY,USD,Solidité,Gestion des risques,CREDIT_FOURN,Crédits moyens fournisseurs,j,
AB inBev,2021-12-31,2021,FY,USD,Solidité,Gestion des risques,CREDIT_CLIENT,Crédits moyens clients,j,
AB inBev,2021-12-31,2021,FY,USD,Performance,Rentabilité commerciale,RENT_COM,Rentabilité commerciale,%,26.5874
AB inBev,2021-12-31,2021,FY,USD,Performance,Rentabilité commerciale,MARGE_NETTE,Ratio de la marge nette,%,11.2588
AB inBev,2021-12-31,2021,FY,USD,Performance,Rentabilité commerciale,TAUX_MARQUE,Taux de marque,%,
AB inBev,2021-12-31,2021,FY,USD,Performance,Rentabilité commerciale,ROT_CAP,Rotation des capitaux échangés,x,
AB inBev,2021-12-31,2021,FY,USD,Performance,Rentabilité économique,ROA,Rendement de l'actif (ROA),%,
AB inBev,2021-12-31,2021,FY,USD,Performance,Rentabilité économique,ROCE,Rentabilité du capital investi (ROCE),%,
AB inBev,2021-12-31,2021,FY,USD,Performance,Rentabilité économique,REND_IMMO,Rendement brut des immobilisations,%,
AB inBev,2021-12-31,2021,FY,USD,Performance,Rentabilité économique,REND_RES_STABLE,Rendement brut des ressources stables,%,
AB inBev,2021-12-31,2021,FY,USD,Performance,Rentabilité d'exploitation,MARGE_BRUTE_EXPL,Marge brute d'exploitation,%,35.3731
AB inBev,2021-12-31,2021,FY,USD,Performance,Rentabilité d'exploitation,MARGE_BENEF_EXPL,Marge bénéficiaire d'exploitation,%,26.5874
AB inBev,2021-12-31,2021,FY,USD,Performance,Rentabilité opérationnelle,REND_GLOBAL_NET,Rendement global net,%,
AB inBev,2021-12-31,2021,FY,USD,Performance,Rentabilité opérationnelle,CREATION_VALEUR,Création de valeur annuelle,montant,
AB inBev,2021-12-31,2021,FY,USD,Performance,Rentabilité opérationnelle,REND_PRODUCTION,Rendement de la production,%,
AB inBev,2021-12-31,2021,FY,USD,Performance,Rentabilité opérationnelle,ROT_STOCKS,Ratio de rotation des stocks,x,
AB inBev,2021-12-31,2021,FY,USD,Performance,Rentabilité opérationnelle,PROFIT_OP,Profit opérationnel,montant,14438.0
AB inBev,2021-12-31,2021,FY,USD,Performance,Rentabilité financière,ROE,Rentabilité des capitaux propres (ROE),%,
AB inBev,2021-12-31,2021,FY,USD,Performance,Rentabilité financière,ROI,Retour sur investissement (ROI),%,
AB inBev,2021-12-31,2021,FY,USD,Performance,Rentabilité financière,PERF_PLACEMENT,Performance placement,%,
AB inBev,2022-12-31,2022,FY,USD,Solidité,Liquidités,LIQ_GEN,Ratio de liquidité générale,x,0.6743
AB inBev,2022-12-31,2022,FY,USD,Solidité,Liquidités,LIQ_RED,Ratio de liquidité réduite,x,0.482
AB inBev,2022-12-31,2022,FY,USD,Solidité,Liquidités,LIQ_IMM,Ratio de liquidité immédiate,x,0.2901
AB inBev,2022-12-31,2022,FY,USD,Solidité,Liquidités,INT_DEF_RED,Intervalle défensif réduit,j,
AB inBev,2022-12-31,2022,FY,USD,Solidité,Liquidités,INT_DEF,Intervalle défensif,j,
AB inBev,2022-12-31,2022,FY,USD,Solidité,Liquidités,RFR,Ratio de fonds de roulement,%,-5.2582
AB inBev,2022-12-31,2022,FY,USD,Solidité,Liquidités,RBFR,Ratio de besoin en fonds de roulement,%,13.0395
AB inBev,2022-12-31,2022,FY,USD,Solidité,Gestion des actifs,LEV_ECO,Ratio du levier économique,x,2.5267
AB inBev,2022-12-31,2022,FY,USD,Solidité,Gestion des actifs,POIDS_IMMO,Poids des immobilisations,%,89.1116
AB inBev,2022-12-31,2022,FY,USD,Solidité,Gestion des actifs,FIN_IMMO,Financement des immobilisations,x,0.941
AB inBev,2022-12-31,2022,FY,USD,Solidité,Gestion des actifs,VETUSTE,Vétusté de l'actif,%,
AB inBev,2022-12-31,2022,FY,USD,Solidité,Gestion des passifs,ENDET_GLOB,Ratio d'endettement global,%,60.4223
AB inBev,2022-12-31,2022,FY,USD,Solidité,Gestion des passifs,ENDET_TERME,Ratio d'endettement à terme,%,111.8702
AB inBev,2022-12-31,2022,FY,USD,Solidité,Gestion des passifs,INDEP_FIN,Ratio d'indépendance financière,%,39.5777
AB inBev,2022-12-31,2022,FY,USD,Solidité,Gestion des passifs,COUV_CF,Couverture des charges financières,x,
AB inBev,2022-12-31,2022,FY,USD,Solidité,Gestion des passifs,POIDS_CF,Poids des charges financières,%,
AB inBev,2022-12-31,2022,FY,USD,Solidité,Gestion des passifs,AUTO_FIN,Ratio d'autonomie financière,x,0.655
AB inBev,2022-12-31,2022,FY,USD,Solidité,Gestion des passifs,SOLVA,Ratio de solvabilité,x,1.655
AB inBev,2022-12-31,2022,FY,USD,Solidité,Ressources humaines,EFF_BRUT_RH,Efficacité brute des RH,x,
AB inBev,2022-12-31,2022,FY,USD,Solidité,Ressources humaines,EFF_NET_RH,Efficacité nette des RH,x,
AB inBev,2022-12-31,2022,FY,USD,Solidité,Gestion des risques,CONAN_HOLDER,Score de Conan & Holder,score,
AB inBev,2022-12-31,2022,FY,USD,Solidité,Gestion des risques,RISQ_PLACEMENT,Risque de placement,%,0.0822
AB inBev,2022-12-31,2022,FY,USD,Solidité,Gestion des risques,RISQ_COMMERCIAL,Risque commercial,%,3.0838
AB inBev,2022-12-31,2022,FY,USD,Solidité,Gestion des risques,CREDIT_FOURN,Crédits moyens fournisseurs,j,
AB inBev,2022-12-31,2022,FY,USD,Solidité,Gestion des risques,CREDIT_CLIENT,Crédits moyens clients,j,9.4587
AB inBev,2022-12-31,2022,FY,USD,Performance,Rentabilité commerciale,RENT_COM,Rentabilité commerciale,%,25.5564
AB inBev,2022-12-31,2022,FY,USD,Performance,Rentabilité commerciale,MARGE_NETTE,Ratio de la marge nette,%,13.1468
AB inBev,2022-12-31,2022,FY,USD,Performance,Rentabilité commerciale,TAUX_MARQUE,Taux de marque,%,
AB inBev,2022-12-31,2022,FY,USD,Performance,Rentabilité commerciale,ROT_CAP,Rotation des capitaux échangés,x,0.6857
AB inBev,2022-12-31,2022,FY,USD,Performance,Rentabilité économique,ROA,Rendement de l'actif (ROA),%,3.5676
AB inBev,2022-12-31,2022,FY,USD,Performance,Rentabilité économique,ROCE,Rentabilité du capital investi (ROCE),%,8.2706
AB inBev,2022-12-31,2022,FY,USD,Performance,Rentabilité économique,REND_IMMO,Rendement brut des immobilisations,%,10.4571
AB inBev,2022-12-31,2022,FY,USD,Performance,Rentabilité économique,REND_RES_STABLE,Rendement brut des ressources stables,%,11.1128
AB inBev,2022-12-31,2022,FY,USD,Performance,Rentabilité d'exploitation,MARGE_BRUTE_EXPL,Marge brute d'exploitation,%,34.3388
AB inBev,2022-12-31,2022,FY,USD,Performance,Rentabilité d'exploitation,MARGE_BENEF_EXPL,Marge bénéficiaire d'exploitation,%,25.5564
AB inBev,2022-12-31,2022,FY,USD,Performance,Rentabilité opérationnelle,REND_GLOBAL_NET,Rendement global net,%,3.5676
AB inBev,2022-12-31,2022,FY,USD,Performance,Rentabilité opérationnelle,CREATION_VALEUR,Création de valeur annuelle,montant,483.2
AB inBev,2022-12-31,2022,FY,USD,Performance,Rentabilité opérationnelle,REND_PRODUCTION,Rendement de la production,%,
AB inBev,2022-12-31,2022,FY,USD,Performance,Rentabilité opérationnelle,ROT_STOCKS,Ratio de rotation des stocks,x,
AB inBev,2022-12-31,2022,FY,USD,Performance,Rentabilité opérationnelle,PROFIT_OP,Profit opérationnel,montant,14768.0
AB inBev,2022-12-31,2022,FY,USD,Performance,Rentabilité financière,ROE,Rentabilité des capitaux propres (ROE),%,9.0142
AB inBev,2022-12-31,2022,FY,USD,Performance,Rentabilité financière,ROI,Retour sur investissement (ROI),%,3.5676
AB inBev,2022-12-31,2022,FY,USD,Performance,Rentabilité financière,PERF_PLACEMENT,Performance placement,%,
AB inBev,2023-12-31,2023,FY,USD,Solidité,Liquidités,LIQ_GEN,Ratio de liquidité générale,x,0.6289
AB inBev,2023-12-31,2023,FY,USD,Solidité,Liquidités,LIQ_RED,Ratio de liquidité réduite,x,0.4786
AB inBev,2023-12-31,2023,FY,USD,Solidité,Liquidités,LIQ_IMM,Ratio de liquidité immédiate,x,0.2781
AB inBev,2023-12-31,2023,FY,USD,Solidité,Liquidités,INT_DEF_RED,Intervalle défensif réduit,j,
AB inBev,2023-12-31,2023,FY,USD,Solidité,Liquidités,INT_DEF,Intervalle défensif,j,
AB inBev,2023-12-31,2023,FY,USD,Solidité,Liquidités,RFR,Ratio de fonds de roulement,%,-6.2866
AB inBev,2023-12-31,2023,FY,USD,Solidité,Liquidités,RBFR,Ratio de besoin en fonds de roulement,%,11.4281
AB inBev,2023-12-31,2023,FY,USD,Solidité,Gestion des actifs,LEV_ECO,Ratio du levier économique,x,2.3667
AB inBev,2023-12-31,2023,FY,USD,Solidité,Gestion des actifs,POIDS_IMMO,Poids des immobilisations,%,89.3467
AB inBev,2023-12-31,2023,FY,USD,Solidité,Gestion des actifs,FIN_IMMO,Financement des immobilisations,x,0.9296
AB inBev,2023-12-31,2023,FY,USD,Solidité,Gestion des actifs,VETUSTE,Vétusté de l'actif,%,
AB inBev,2023-12-31,2023,FY,USD,Solidité,Gestion des passifs,ENDET_GLOB,Ratio d'endettement global,%,57.7478
AB inBev,2023-12-31,2023,FY,USD,Solidité,Gestion des passifs,ENDET_TERME,Ratio d'endettement à terme,%,96.5816
AB inBev,2023-12-31,2023,FY,USD,Solidité,Gestion des passifs,INDEP_FIN,Ratio d'indépendance financière,%,42.2522
AB inBev,2023-12-31,2023,FY,USD,Solidité,Gestion des passifs,COUV_CF,Couverture des charges financières,x,
AB inBev,2023-12-31,2023,FY,USD,Solidité,Gestion des passifs,POIDS_CF,Poids des charges financières,%,
AB inBev,2023-12-31,2023,FY,USD,Solidité,Gestion des passifs,AUTO_FIN,Ratio d'autonomie financière,x,0.7317
AB inBev,2023-12-31,2023,FY,USD,Solidité,Gestion des passifs,SOLVA,Ratio de solvabilité,x,1.7317
AB inBev,2023-12-31,2023,FY,USD,Solidité,Ressources humaines,EFF_BRUT_RH,Efficacité brute des RH,x,
AB inBev,2023-12-31,2023,FY,USD,Solidité,Ressources humaines,EFF_NET_RH,Efficacité nette des RH,x,
AB inBev,2023-12-31,2023,FY,USD,Solidité,Gestion des risques,CONAN_HOLDER,Score de Conan & Holder,score,
AB inBev,2023-12-31,2023,FY,USD,Solidité,Gestion des risques,RISQ_PLACEMENT,Risque de placement,%,0.0812
AB inBev,2023-12-31,2023,FY,USD,Solidité,Gestion des risques,RISQ_COMMERCIAL,Risque commercial,%,3.2688
AB inBev,2023-12-31,2023,FY,USD,Solidité,Gestion des risques,CREDIT_FOURN,Crédits moyens fournisseurs,j,
AB inBev,2023-12-31,2023,FY,USD,Solidité,Gestion des risques,CREDIT_CLIENT,Crédits moyens clients,j,10.0261
AB inBev,2023-12-31,2023,FY,USD,Performance,Rentabilité commerciale,RENT_COM,Rentabilité commerciale,%,24.5706
AB inBev,2023-12-31,2023,FY,USD,Performance,Rentabilité commerciale,MARGE_NETTE,Ratio de la marge nette,%,11.6049
AB inBev,2023-12-31,2023,FY,USD,Performance,Rentabilité commerciale,TAUX_MARQUE,Taux de marque,%,
AB inBev,2023-12-31,2023,FY,USD,Performance,Rentabilité commerciale,ROT_CAP,Rotation des capitaux échangés,x,0.6407
AB inBev,2023-12-31,2023,FY,USD,Performance,Rentabilité économique,ROA,Rendement de l'actif (ROA),%,3.1417
AB inBev,2023-12-31,2023,FY,USD,Performance,Rentabilité économique,ROCE,Rentabilité du capital investi (ROCE),%,8.0084
AB inBev,2023-12-31,2023,FY,USD,Performance,Rentabilité économique,REND_IMMO,Rendement brut des immobilisations,%,10.1932
AB inBev,2023-12-31,2023,FY,USD,Performance,Rentabilité économique,REND_RES_STABLE,Rendement brut des ressources stables,%,10.9647
AB inBev,2023-12-31,2023,FY,USD,Performance,Rentabilité d'exploitation,MARGE_BRUTE_EXPL,Marge brute d'exploitation,%,33.641
AB inBev,2023-12-31,2023,FY,USD,Performance,Rentabilité d'exploitation,MARGE_BENEF_EXPL,Marge bénéficiaire d'exploitation,%,24.5706
AB inBev,2023-12-31,2023,FY,USD,Performance,Rentabilité opérationnelle,REND_GLOBAL_NET,Rendement global net,%,3.1417
AB inBev,2023-12-31,2023,FY,USD,Performance,Rentabilité opérationnelle,CREATION_VALEUR,Création de valeur annuelle,montant,15.28
AB inBev,2023-12-31,2023,FY,USD,Performance,Rentabilité opérationnelle,REND_PRODUCTION,Rendement de la production,%,
AB inBev,2023-12-31,2023,FY,USD,Performance,Rentabilité opérationnelle,ROT_STOCKS,Ratio de rotation des stocks,x,
AB inBev,2023-12-31,2023,FY,USD,Performance,Rentabilité opérationnelle,PROFIT_OP,Profit opérationnel,montant,14590.0
AB inBev,2023-12-31,2023,FY,USD,Performance,Rentabilité financière,ROE,Rentabilité des capitaux propres (ROE),%,7.4356
AB inBev,2023-12-31,2023,FY,USD,Performance,Rentabilité financière,ROI,Retour sur investissement (ROI),%,3.1417
AB inBev,2023-12-31,2023,FY,USD,Performance,Rentabilité financière,PERF_PLACEMENT,Performance placement,%,
AB inBev,2024-12-31,2024,FY,USD,Solidité,Liquidités,LIQ_GEN,Ratio de liquidité générale,x,0.6955
AB inBev,2024-12-31,2024,FY,USD,Solidité,Liquidités,LIQ_RED,Ratio de liquidité réduite,x,0.5437
AB inBev,2024-12-31,2024,FY,USD,Solidité,Liquidités,LIQ_IMM,Ratio de liquidité immédiate,x,0.3379
AB inBev,2024-12-31,2024,FY,USD,Solidité,Liquidités,INT_DEF_RED,Intervalle défensif réduit,j,
AB inBev,2024-12-31,2024,FY,USD,Solidité,Liquidités,INT_DEF,Intervalle défensif,j,
AB inBev,2024-12-31,2024,FY,USD,Solidité,Liquidités,RFR,Ratio de fonds de roulement,%,-4.8713
AB inBev,2024-12-31,2024,FY,USD,Solidité,Liquidités,RBFR,Ratio de besoin en fonds de roulement,%,9.7042
AB inBev,2024-12-31,2024,FY,USD,Solidité,Gestion des actifs,LEV_ECO,Ratio du levier économique,x,2.3296
AB inBev,2024-12-31,2024,FY,USD,Solidité,Gestion des actifs,POIDS_IMMO,Poids des immobilisations,%,88.8694
AB inBev,2024-12-31,2024,FY,USD,Solidité,Gestion des actifs,FIN_IMMO,Financement des immobilisations,x,0.9452
AB inBev,2024-12-31,2024,FY,USD,Solidité,Gestion des actifs,VETUSTE,Vétusté de l'actif,%,
AB inBev,2024-12-31,2024,FY,USD,Solidité,Gestion des passifs,ENDET_GLOB,Ratio d'endettement global,%,57.0745
AB inBev,2024-12-31,2024,FY,USD,Solidité,Gestion des passifs,ENDET_TERME,Ratio d'endettement à terme,%,95.6832
AB inBev,2024-12-31,2024,FY,USD,Solidité,Gestion des passifs,INDEP_FIN,Ratio d'indépendance financière,%,42.9255
AB inBev,2024-12-31,2024,FY,USD,Solidité,Gestion des passifs,COUV_CF,Couverture des charges financières,x,
AB inBev,2024-12-31,2024,FY,USD,Solidité,Gestion des passifs,POIDS_CF,Poids des charges financières,%,
AB inBev,2024-12-31,2024,FY,USD,Solidité,Gestion des passifs,AUTO_FIN,Ratio d'autonomie financière,x,0.7521
AB inBev,2024-12-31,2024,FY,USD,Solidité,Gestion des passifs,SOLVA,Ratio de solvabilité,x,1.7521
AB inBev,2024-12-31,2024,FY,USD,Solidité,Ressources humaines,EFF_BRUT_RH,Efficacité brute des RH,x,
AB inBev,2024-12-31,2024,FY,USD,Solidité,Ressources humaines,EFF_NET_RH,Efficacité nette des RH,x,
AB inBev,2024-12-31,2024,FY,USD,Solidité,Gestion des risques,CONAN_HOLDER,Score de Conan & Holder,score,
AB inBev,2024-12-31,2024,FY,USD,Solidité,Gestion des risques,RISQ_PLACEMENT,Risque de placement,%,0.0813
AB inBev,2024-12-31,2024,FY,USD,Solidité,Gestion des risques,RISQ_COMMERCIAL,Risque commercial,%,2.6385
AB inBev,2024-12-31,2024,FY,USD,Solidité,Gestion des risques,CREDIT_FOURN,Crédits moyens fournisseurs,j,
AB inBev,2024-12-31,2024,FY,USD,Solidité,Gestion des risques,CREDIT_CLIENT,Crédits moyens clients,j,8.093
AB inBev,2024-12-31,2024,FY,USD,Performance,Rentabilité commerciale,RENT_COM,Rentabilité commerciale,%,25.87
AB inBev,2024-12-31,2024,FY,USD,Performance,Rentabilité commerciale,MARGE_NETTE,Ratio de la marge nette,%,12.408
AB inBev,2024-12-31,2024,FY,USD,Performance,Rentabilité commerciale,TAUX_MARQUE,Taux de marque,%,
AB inBev,2024-12-31,2024,FY,USD,Performance,Rentabilité commerciale,ROT_CAP,Rotation des capitaux échangés,x,0.6738
AB inBev,2024-12-31,2024,FY,USD,Performance,Rentabilité économique,ROA,Rendement de l'actif (ROA),%,3.5889
AB inBev,2024-12-31,2024,FY,USD,Performance,Rentabilité économique,ROCE,Rentabilité du capital investi (ROCE),%,8.9082
AB inBev,2024-12-31,2024,FY,USD,Performance,Rentabilité économique,REND_IMMO,Rendement brut des immobilisations,%,11.4127
AB inBev,2024-12-31,2024,FY,USD,Performance,Rentabilité économique,REND_RES_STABLE,Rendement brut des ressources stables,%,12.0746
AB inBev,2024-12-31,2024,FY,USD,Performance,Rentabilité d'exploitation,MARGE_BRUTE_EXPL,Marge brute d'exploitation,%,35.0656
AB inBev,2024-12-31,2024,FY,USD,Performance,Rentabilité d'exploitation,MARGE_BENEF_EXPL,Marge bénéficiaire d'exploitation,%,25.87
AB inBev,2024-12-31,2024,FY,USD,Performance,Rentabilité opérationnelle,REND_GLOBAL_NET,Rendement global net,%,3.5889
AB inBev,2024-12-31,2024,FY,USD,Performance,Rentabilité opérationnelle,CREATION_VALEUR,Création de valeur annuelle,montant,1576.32
AB inBev,2024-12-31,2024,FY,USD,Performance,Rentabilité opérationnelle,REND_PRODUCTION,Rendement de la production,%,
AB inBev,2024-12-31,2024,FY,USD,Performance,Rentabilité opérationnelle,ROT_STOCKS,Ratio de rotation des stocks,x,
AB inBev,2024-12-31,2024,FY,USD,Performance,Rentabilité opérationnelle,PROFIT_OP,Profit opérationnel,montant,15462.0
AB inBev,2024-12-31,2024,FY,USD,Performance,Rentabilité financière,ROE,Rentabilité des capitaux propres (ROE),%,8.3608
AB inBev,2024-12-31,2024,FY,USD,Performance,Rentabilité financière,ROI,Retour sur investissement (ROI),%,3.5889
AB inBev,2024-12-31,2024,FY,USD,Performance,Rentabilité financière,PERF_PLACEMENT,Performance placement,%,
AB inBev,2025-12-31,2025,FY,USD,Solidité,Liquidités,LIQ_GEN,Ratio de liquidité générale,x,0.7185
AB inBev,2025-12-31,2025,FY,USD,Solidité,Liquidités,LIQ_RED,Ratio de liquidité réduite,x,0.5703
AB inBev,2025-12-31,2025,FY,USD,Solidité,Liquidités,LIQ_IMM,Ratio de liquidité immédiate,x,0.3376
AB inBev,2025-12-31,2025,FY,USD,Solidité,Liquidités,INT_DEF_RED,Intervalle défensif réduit,j,
AB inBev,2025-12-31,2025,FY,USD,Solidité,Liquidités,INT_DEF,Intervalle défensif,j,
AB inBev,2025-12-31,2025,FY,USD,Solidité,Liquidités,RFR,Ratio de fonds de roulement,%,-4.4363
AB inBev,2025-12-31,2025,FY,USD,Solidité,Liquidités,RBFR,Ratio de besoin en fonds de roulement,%,10.2984
AB inBev,2025-12-31,2025,FY,USD,Solidité,Gestion des actifs,LEV_ECO,Ratio du levier économique,x,2.2388
AB inBev,2025-12-31,2025,FY,USD,Solidité,Gestion des actifs,POIDS_IMMO,Poids des immobilisations,%,88.68
AB inBev,2025-12-31,2025,FY,USD,Solidité,Gestion des actifs,FIN_IMMO,Financement des immobilisations,x,0.95
AB inBev,2025-12-31,2025,FY,USD,Solidité,Gestion des actifs,VETUSTE,Vétusté de l'actif,%,
AB inBev,2025-12-31,2025,FY,USD,Solidité,Gestion des passifs,ENDET_GLOB,Ratio d'endettement global,%,55.3325
AB inBev,2025-12-31,2025,FY,USD,Solidité,Gestion des passifs,ENDET_TERME,Ratio d'endettement à terme,%,88.6019
AB inBev,2025-12-31,2025,FY,USD,Solidité,Gestion des passifs,INDEP_FIN,Ratio d'indépendance financière,%,44.6675
AB inBev,2025-12-31,2025,FY,USD,Solidité,Gestion des passifs,COUV_CF,Couverture des charges financières,x,
AB inBev,2025-12-31,2025,FY,USD,Solidité,Gestion des passifs,POIDS_CF,Poids des charges financières,%,
AB inBev,2025-12-31,2025,FY,USD,Solidité,Gestion des passifs,AUTO_FIN,Ratio d'autonomie financière,x,0.8073
AB inBev,2025-12-31,2025,FY,USD,Solidité,Gestion des passifs,SOLVA,Ratio de solvabilité,x,1.8073
AB inBev,2025-12-31,2025,FY,USD,Solidité,Ressources humaines,EFF_BRUT_RH,Efficacité brute des RH,x,
AB inBev,2025-12-31,2025,FY,USD,Solidité,Ressources humaines,EFF_NET_RH,Efficacité nette des RH,x,
AB inBev,2025-12-31,2025,FY,USD,Solidité,Gestion des risques,CONAN_HOLDER,Score de Conan & Holder,score,
AB inBev,2025-12-31,2025,FY,USD,Solidité,Gestion des risques,RISQ_PLACEMENT,Risque de placement,%,0.0736
AB inBev,2025-12-31,2025,FY,USD,Solidité,Gestion des risques,RISQ_COMMERCIAL,Risque commercial,%,3.1541
AB inBev,2025-12-31,2025,FY,USD,Solidité,Gestion des risques,CREDIT_FOURN,Crédits moyens fournisseurs,j,
AB inBev,2025-12-31,2025,FY,USD,Solidité,Gestion des risques,CREDIT_CLIENT,Crédits moyens clients,j,9.6743
AB inBev,2025-12-31,2025,FY,USD,Performance,Rentabilité commerciale,RENT_COM,Rentabilité commerciale,%,26.7262
AB inBev,2025-12-31,2025,FY,USD,Performance,Rentabilité commerciale,MARGE_NETTE,Ratio de la marge nette,%,14.2903
AB inBev,2025-12-31,2025,FY,USD,Performance,Rentabilité commerciale,TAUX_MARQUE,Taux de marque,%,
AB inBev,2025-12-31,2025,FY,USD,Performance,Rentabilité commerciale,ROT_CAP,Rotation des capitaux échangés,x,0.6069
AB inBev,2025-12-31,2025,FY,USD,Performance,Rentabilité économique,ROA,Rendement de l'actif (ROA),%,3.8742
AB inBev,2025-12-31,2025,FY,USD,Performance,Rentabilité économique,ROCE,Rentabilité du capital investi (ROCE),%,8.6008
AB inBev,2025-12-31,2025,FY,USD,Performance,Rentabilité économique,REND_IMMO,Rendement brut des immobilisations,%,10.9375
AB inBev,2025-12-31,2025,FY,USD,Performance,Rentabilité économique,REND_RES_STABLE,Rendement brut des ressources stables,%,11.5135
AB inBev,2025-12-31,2025,FY,USD,Performance,Rentabilité d'exploitation,MARGE_BRUTE_EXPL,Marge brute d'exploitation,%,35.7771
AB inBev,2025-12-31,2025,FY,USD,Performance,Rentabilité d'exploitation,MARGE_BENEF_EXPL,Marge bénéficiaire d'exploitation,%,26.7262
AB inBev,2025-12-31,2025,FY,USD,Performance,Rentabilité opérationnelle,REND_GLOBAL_NET,Rendement global net,%,3.8742
AB inBev,2025-12-31,2025,FY,USD,Performance,Rentabilité opérationnelle,CREATION_VALEUR,Création de valeur annuelle,montant,1107.44
AB inBev,2025-12-31,2025,FY,USD,Performance,Rentabilité opérationnelle,REND_PRODUCTION,Rendement de la production,%,
AB inBev,2025-12-31,2025,FY,USD,Performance,Rentabilité opérationnelle,ROT_STOCKS,Ratio de rotation des stocks,x,
AB inBev,2025-12-31,2025,FY,USD,Performance,Rentabilité opérationnelle,PROFIT_OP,Profit opérationnel,montant,15854.0
AB inBev,2025-12-31,2025,FY,USD,Performance,Rentabilité financière,ROE,Rentabilité des capitaux propres (ROE),%,8.6734
AB inBev,2025-12-31,2025,FY,USD,Performance,Rentabilité financière,ROI,Retour sur investissement (ROI),%,3.8742
AB inBev,2025-12-31,2025,FY,USD,Performance,Rentabilité financière,PERF_PLACEMENT,Performance placement,%,
Coca-Cola,2015-12-31,2015,FY,USD,Solidité,Liquidités,LIQ_GEN,Ratio de liquidité générale,x,1.2401
Coca-Cola,2015-12-31,2015,FY,USD,Solidité,Liquidités,LIQ_RED,Ratio de liquidité réduite,x,1.1323
Coca-Cola,2015-12-31,2015,FY,USD,Solidité,Liquidités,LIQ_IMM,Ratio de liquidité immédiate,x,
Coca-Cola,2015-12-31,2015,FY,USD,Solidité,Liquidités,INT_DEF_RED,Intervalle défensif réduit,j,
Coca-Cola,2015-12-31,2015,FY,USD,Solidité,Liquidités,INT_DEF,Intervalle défensif,j,
Coca-Cola,2015-12-31,2015,FY,USD,Solidité,Liquidités,RFR,Ratio de fonds de roulement,%,7.1848
Coca-Cola,2015-12-31,2015,FY,USD,Solidité,Liquidités,RBFR,Ratio de besoin en fonds de roulement,%,-15.2571
Coca-Cola,2015-12-31,2015,FY,USD,Solidité,Gestion des actifs,LEV_ECO,Ratio du levier économique,x,3.4931
Coca-Cola,2015-12-31,2015,FY,USD,Solidité,Gestion des actifs,POIDS_IMMO,Poids des immobilisations,%,62.8928
Coca-Cola,2015-12-31,2015,FY,USD,Solidité,Gestion des actifs,FIN_IMMO,Financement des immobilisations,x,1.1142
Coca-Cola,2015-12-31,2015,FY,USD,Solidité,Gestion des actifs,VETUSTE,Vétusté de l'actif,%,
Coca-Cola,2015-12-31,2015,FY,USD,Solidité,Gestion des passifs,ENDET_GLOB,Ratio d'endettement global,%,71.3721
Coca-Cola,2015-12-31,2015,FY,USD,Solidité,Gestion des passifs,ENDET_TERME,Ratio d'endettement à terme,%,144.7873
Coca-Cola,2015-12-31,2015,FY,USD,Solidité,Gestion des passifs,INDEP_FIN,Ratio d'indépendance financière,%,28.6279
Coca-Cola,2015-12-31,2015,FY,USD,Solidité,Gestion des passifs,COUV_CF,Couverture des charges financières,x,
Coca-Cola,2015-12-31,2015,FY,USD,Solidité,Gestion des passifs,POIDS_CF,Poids des charges financières,%,
Coca-Cola,2015-12-31,2015,FY,USD,Solidité,Gestion des passifs,AUTO_FIN,Ratio d'autonomie financière,x,0.4011
Coca-Cola,2015-12-31,2015,FY,USD,Solidité,Gestion des passifs,SOLVA,Ratio de solvabilité,x,1.4011
Coca-Cola,2015-12-31,2015,FY,USD,Solidité,Ressources humaines,EFF_BRUT_RH,Efficacité brute des RH,x,
Coca-Cola,2015-12-31,2015,FY,USD,Solidité,Ressources humaines,EFF_NET_RH,Efficacité nette des RH,x,
Coca-Cola,2015-12-31,2015,FY,USD,Solidité,Gestion des risques,CONAN_HOLDER,Score de Conan & Holder,score,
Coca-Cola,2015-12-31,2015,FY,USD,Solidité,Gestion des risques,RISQ_PLACEMENT,Risque de placement,%,9.2471
Coca-Cola,2015-12-31,2015,FY,USD,Solidité,Gestion des risques,RISQ_COMMERCIAL,Risque commercial,%,
Coca-Cola,2015-12-31,2015,FY,USD,Solidité,Gestion des risques,CREDIT_FOURN,Crédits moyens fournisseurs,j,
Coca-Cola,2015-12-31,2015,FY,USD,Solidité,Gestion des risques,CREDIT_CLIENT,Crédits moyens clients,j,
Coca-Cola,2015-12-31,2015,FY,USD,Performance,Rentabilité commerciale,RENT_COM,Rentabilité commerciale,%,19.7047
Coca-Cola,2015-12-31,2015,FY,USD,Performance,Rentabilité commerciale,MARGE_NETTE,Ratio de la marge nette,%,16.6298
Coca-Cola,2015-12-31,2015,FY,USD,Performance,Rentabilité commerciale,TAUX_MARQUE,Taux de marque,%,
Coca-Cola,2015-12-31,2015,FY,USD,Performance,Rentabilité commerciale,ROT_CAP,Rotation des capitaux échangés,x,1.7192
Coca-Cola,2015-12-31,2015,FY,USD,Performance,Rentabilité économique,ROA,Rendement de l'actif (ROA),%,8.1848
Coca-Cola,2015-12-31,2015,FY,USD,Performance,Rentabilité économique,ROCE,Rentabilité du capital investi (ROCE),%,13.8393
Coca-Cola,2015-12-31,2015,FY,USD,Performance,Rentabilité économique,REND_IMMO,Rendement brut des immobilisations,%,18.9007
Coca-Cola,2015-12-31,2015,FY,USD,Performance,Rentabilité économique,REND_RES_STABLE,Rendement brut des ressources stables,%,16.9629
Coca-Cola,2015-12-31,2015,FY,USD,Performance,Rentabilité d'exploitation,MARGE_BRUTE_EXPL,Marge brute d'exploitation,%,24.1523
Coca-Cola,2015-12-31,2015,FY,USD,Performance,Rentabilité d'exploitation,MARGE_BENEF_EXPL,Marge bénéficiaire d'exploitation,%,19.7047
Coca-Cola,2015-12-31,2015,FY,USD,Performance,Rentabilité opérationnelle,REND_GLOBAL_NET,Rendement global net,%,8.1848
Coca-Cola,2015-12-31,2015,FY,USD,Performance,Rentabilité opérationnelle,CREATION_VALEUR,Création de valeur annuelle,montant,3682.64
Coca-Cola,2015-12-31,2015,FY,USD,Performance,Rentabilité opérationnelle,REND_PRODUCTION,Rendement de la production,%,
Coca-Cola,2015-12-31,2015,FY,USD,Performance,Rentabilité opérationnelle,ROT_STOCKS,Ratio de rotation des stocks,x,
Coca-Cola,2015-12-31,2015,FY,USD,Performance,Rentabilité opérationnelle,PROFIT_OP,Profit opérationnel,montant,8728.0
Coca-Cola,2015-12-31,2015,FY,USD,Performance,Rentabilité financière,ROE,Rentabilité des capitaux propres (ROE),%,28.5903
Coca-Cola,2015-12-31,2015,FY,USD,Performance,Rentabilité financière,ROI,Retour sur investissement (ROI),%,8.1848
Coca-Cola,2015-12-31,2015,FY,USD,Performance,Rentabilité financière,PERF_PLACEMENT,Performance placement,%,
Coca-Cola,2016-12-31,2016,FY,USD,Solidité,Liquidités,LIQ_GEN,Ratio de liquidité générale,x,1.2818
Coca-Cola,2016-12-31,2016,FY,USD,Solidité,Liquidités,LIQ_RED,Ratio de liquidité réduite,x,1.181
Coca-Cola,2016-12-31,2016,FY,USD,Solidité,Liquidités,LIQ_IMM,Ratio de liquidité immédiate,x,
Coca-Cola,2016-12-31,2016,FY,USD,Solidité,Liquidités,INT_DEF_RED,Intervalle défensif réduit,j,
Coca-Cola,2016-12-31,2016,FY,USD,Solidité,Liquidités,INT_DEF,Intervalle défensif,j,
Coca-Cola,2016-12-31,2016,FY,USD,Solidité,Liquidités,RFR,Ratio de fonds de roulement,%,8.5688
Coca-Cola,2016-12-31,2016,FY,USD,Solidité,Liquidités,RBFR,Ratio de besoin en fonds de roulement,%,-16.2793
Coca-Cola,2016-12-31,2016,FY,USD,Solidité,Gestion des actifs,LEV_ECO,Ratio du levier économique,x,3.7584
Coca-Cola,2016-12-31,2016,FY,USD,Solidité,Gestion des actifs,POIDS_IMMO,Poids des immobilisations,%,61.029
Coca-Cola,2016-12-31,2016,FY,USD,Solidité,Gestion des actifs,FIN_IMMO,Financement des immobilisations,x,1.1404
Coca-Cola,2016-12-31,2016,FY,USD,Solidité,Gestion des actifs,VETUSTE,Vétusté de l'actif,%,
Coca-Cola,2016-12-31,2016,FY,USD,Solidité,Gestion des passifs,ENDET_GLOB,Ratio d'endettement global,%,73.3929
Coca-Cola,2016-12-31,2016,FY,USD,Solidité,Gestion des passifs,ENDET_TERME,Ratio d'endettement à terme,%,161.5762
Coca-Cola,2016-12-31,2016,FY,USD,Solidité,Gestion des passifs,INDEP_FIN,Ratio d'indépendance financière,%,26.6071
Coca-Cola,2016-12-31,2016,FY,USD,Solidité,Gestion des passifs,COUV_CF,Couverture des charges financières,x,
Coca-Cola,2016-12-31,2016,FY,USD,Solidité,Gestion des passifs,POIDS_CF,Poids des charges financières,%,
Coca-Cola,2016-12-31,2016,FY,USD,Solidité,Gestion des passifs,AUTO_FIN,Ratio d'autonomie financière,x,0.3625
Coca-Cola,2016-12-31,2016,FY,USD,Solidité,Gestion des passifs,SOLVA,Ratio de solvabilité,x,1.3625
Coca-Cola,2016-12-31,2016,FY,USD,Solidité,Ressources humaines,EFF_BRUT_RH,Efficacité brute des RH,x,
Coca-Cola,2016-12-31,2016,FY,USD,Solidité,Ressources humaines,EFF_NET_RH,Efficacité nette des RH,x,
Coca-Cola,2016-12-31,2016,FY,USD,Solidité,Gestion des risques,CONAN_HOLDER,Score de Conan & Holder,score,
Coca-Cola,2016-12-31,2016,FY,USD,Solidité,Gestion des risques,RISQ_PLACEMENT,Risque de placement,%,10.9946
Coca-Cola,2016-12-31,2016,FY,USD,Solidité,Gestion des risques,RISQ_COMMERCIAL,Risque commercial,%,
Coca-Cola,2016-12-31,2016,FY,USD,Solidité,Gestion des risques,CREDIT_FOURN,Crédits moyens fournisseurs,j,
Coca-Cola,2016-12-31,2016,FY,USD,Solidité,Gestion des risques,CREDIT_CLIENT,Crédits moyens clients,j,
Coca-Cola,2016-12-31,2016,FY,USD,Performance,Rentabilité commerciale,RENT_COM,Rentabilité commerciale,%,20.6053
Coca-Cola,2016-12-31,2016,FY,USD,Performance,Rentabilité commerciale,MARGE_NETTE,Ratio de la marge nette,%,15.6463
Coca-Cola,2016-12-31,2016,FY,USD,Performance,Rentabilité commerciale,TAUX_MARQUE,Taux de marque,%,
Coca-Cola,2016-12-31,2016,FY,USD,Performance,Rentabilité commerciale,ROT_CAP,Rotation des capitaux échangés,x,1.8029
Coca-Cola,2016-12-31,2016,FY,USD,Performance,Rentabilité économique,ROA,Rendement de l'actif (ROA),%,7.5054
Coca-Cola,2016-12-31,2016,FY,USD,Performance,Rentabilité économique,ROCE,Rentabilité du capital investi (ROCE),%,14.202
Coca-Cola,2016-12-31,2016,FY,USD,Performance,Rentabilité économique,REND_IMMO,Rendement brut des immobilisations,%,19.5513
Coca-Cola,2016-12-31,2016,FY,USD,Performance,Rentabilité économique,REND_RES_STABLE,Rendement brut des ressources stables,%,17.1441
Coca-Cola,2016-12-31,2016,FY,USD,Performance,Rentabilité d'exploitation,MARGE_BRUTE_EXPL,Marge brute d'exploitation,%,24.874
Coca-Cola,2016-12-31,2016,FY,USD,Performance,Rentabilité d'exploitation,MARGE_BENEF_EXPL,Marge bénéficiaire d'exploitation,%,20.6053
Coca-Cola,2016-12-31,2016,FY,USD,Performance,Rentabilité opérationnelle,REND_GLOBAL_NET,Rendement global net,%,7.5054
Coca-Cola,2016-12-31,2016,FY,USD,Performance,Rentabilité opérationnelle,CREATION_VALEUR,Création de valeur annuelle,montant,3766.96
Coca-Cola,2016-12-31,2016,FY,USD,Performance,Rentabilité opérationnelle,REND_PRODUCTION,Rendement de la production,%,
Coca-Cola,2016-12-31,2016,FY,USD,Performance,Rentabilité opérationnelle,ROT_STOCKS,Ratio de rotation des stocks,x,
Coca-Cola,2016-12-31,2016,FY,USD,Performance,Rentabilité opérationnelle,PROFIT_OP,Profit opérationnel,montant,8626.0
Coca-Cola,2016-12-31,2016,FY,USD,Performance,Rentabilité financière,ROE,Rentabilité des capitaux propres (ROE),%,28.2084
Coca-Cola,2016-12-31,2016,FY,USD,Performance,Rentabilité financière,ROI,Retour sur investissement (ROI),%,7.5054
Coca-Cola,2016-12-31,2016,FY,USD,Performance,Rentabilité financière,PERF_PLACEMENT,Performance placement,%,
Coca-Cola,2017-12-31,2017,FY,USD,Solidité,Liquidités,LIQ_GEN,Ratio de liquidité générale,x,1.3439
Coca-Cola,2017-12-31,2017,FY,USD,Solidité,Liquidités,LIQ_RED,Ratio de liquidité réduite,x,1.2462
Coca-Cola,2017-12-31,2017,FY,USD,Solidité,Liquidités,LIQ_IMM,Ratio de liquidité immédiate,x,
Coca-Cola,2017-12-31,2017,FY,USD,Solidité,Liquidités,INT_DEF_RED,Intervalle défensif réduit,j,
Coca-Cola,2017-12-31,2017,FY,USD,Solidité,Liquidités,INT_DEF,Intervalle défensif,j,
Coca-Cola,2017-12-31,2017,FY,USD,Solidité,Liquidités,RFR,Ratio de fonds de roulement,%,10.6387
Coca-Cola,2017-12-31,2017,FY,USD,Solidité,Liquidités,RBFR,Ratio de besoin en fonds de roulement,%,-17.207
Coca-Cola,2017-12-31,2017,FY,USD,Solidité,Gestion des actifs,LEV_ECO,Ratio du levier économique,x,4.6317
Coca-Cola,2017-12-31,2017,FY,USD,Solidité,Gestion des actifs,POIDS_IMMO,Poids des immobilisations,%,58.4225
Coca-Cola,2017-12-31,2017,FY,USD,Solidité,Gestion des actifs,FIN_IMMO,Financement des immobilisations,x,1.1821
Coca-Cola,2017-12-31,2017,FY,USD,Solidité,Gestion des actifs,VETUSTE,Vétusté de l'actif,%,
Coca-Cola,2017-12-31,2017,FY,USD,Solidité,Gestion des passifs,ENDET_GLOB,Ratio d'endettement global,%,78.4097
Coca-Cola,2017-12-31,2017,FY,USD,Solidité,Gestion des passifs,ENDET_TERME,Ratio d'endettement à terme,%,219.8714
Coca-Cola,2017-12-31,2017,FY,USD,Solidité,Gestion des passifs,INDEP_FIN,Ratio d'indépendance financière,%,21.5903
Coca-Cola,2017-12-31,2017,FY,USD,Solidité,Gestion des passifs,COUV_CF,Couverture des charges financières,x,
Coca-Cola,2017-12-31,2017,FY,USD,Solidité,Gestion des passifs,POIDS_CF,Poids des charges financières,%,
Coca-Cola,2017-12-31,2017,FY,USD,Solidité,Gestion des passifs,AUTO_FIN,Ratio d'autonomie financière,x,0.2754
Coca-Cola,2017-12-31,2017,FY,USD,Solidité,Gestion des passifs,SOLVA,Ratio de solvabilité,x,1.2754
Coca-Cola,2017-12-31,2017,FY,USD,Solidité,Ressources humaines,EFF_BRUT_RH,Efficacité brute des RH,x,
Coca-Cola,2017-12-31,2017,FY,USD,Solidité,Ressources humaines,EFF_NET_RH,Efficacité nette des RH,x,
Coca-Cola,2017-12-31,2017,FY,USD,Solidité,Gestion des risques,CONAN_HOLDER,Score de Conan & Holder,score,
Coca-Cola,2017-12-31,2017,FY,USD,Solidité,Gestion des risques,RISQ_PLACEMENT,Risque de placement,%,10.6398
Coca-Cola,2017-12-31,2017,FY,USD,Solidité,Gestion des risques,RISQ_COMMERCIAL,Risque commercial,%,
Coca-Cola,2017-12-31,2017,FY,USD,Solidité,Gestion des risques,CREDIT_FOURN,Crédits moyens fournisseurs,j,
Coca-Cola,2017-12-31,2017,FY,USD,Solidité,Gestion des risques,CREDIT_CLIENT,Crédits moyens clients,j,
Coca-Cola,2017-12-31,2017,FY,USD,Performance,Rentabilité commerciale,RENT_COM,Rentabilité commerciale,%,21.1833
Coca-Cola,2017-12-31,2017,FY,USD,Performance,Rentabilité commerciale,MARGE_NETTE,Ratio de la marge nette,%,3.6233
Coca-Cola,2017-12-31,2017,FY,USD,Performance,Rentabilité commerciale,TAUX_MARQUE,Taux de marque,%,
Coca-Cola,2017-12-31,2017,FY,USD,Performance,Rentabilité commerciale,ROT_CAP,Rotation des capitaux échangés,x,1.8659
Coca-Cola,2017-12-31,2017,FY,USD,Performance,Rentabilité économique,ROA,Rendement de l'actif (ROA),%,1.4597
Coca-Cola,2017-12-31,2017,FY,USD,Performance,Rentabilité économique,ROCE,Rentabilité du capital investi (ROCE),%,12.3571
Coca-Cola,2017-12-31,2017,FY,USD,Performance,Rentabilité économique,REND_IMMO,Rendement brut des immobilisations,%,17.061
Coca-Cola,2017-12-31,2017,FY,USD,Performance,Rentabilité économique,REND_RES_STABLE,Rendement brut des ressources stables,%,14.4328
Coca-Cola,2017-12-31,2017,FY,USD,Performance,Rentabilité d'exploitation,MARGE_BRUTE_EXPL,Marge brute d'exploitation,%,24.7416
Coca-Cola,2017-12-31,2017,FY,USD,Performance,Rentabilité d'exploitation,MARGE_BENEF_EXPL,Marge bénéficiaire d'exploitation,%,21.1833
Coca-Cola,2017-12-31,2017,FY,USD,Performance,Rentabilité opérationnelle,REND_GLOBAL_NET,Rendement global net,%,1.4597
Coca-Cola,2017-12-31,2017,FY,USD,Performance,Rentabilité opérationnelle,CREATION_VALEUR,Création de valeur annuelle,montant,2644.84
Coca-Cola,2017-12-31,2017,FY,USD,Performance,Rentabilité opérationnelle,REND_PRODUCTION,Rendement de la production,%,
Coca-Cola,2017-12-31,2017,FY,USD,Performance,Rentabilité opérationnelle,ROT_STOCKS,Ratio de rotation des stocks,x,
Coca-Cola,2017-12-31,2017,FY,USD,Performance,Rentabilité opérationnelle,PROFIT_OP,Profit opérationnel,montant,7501.0
Coca-Cola,2017-12-31,2017,FY,USD,Performance,Rentabilité financière,ROE,Rentabilité des capitaux propres (ROE),%,6.7608
Coca-Cola,2017-12-31,2017,FY,USD,Performance,Rentabilité financière,ROI,Retour sur investissement (ROI),%,1.4597
Coca-Cola,2017-12-31,2017,FY,USD,Performance,Rentabilité financière,PERF_PLACEMENT,Performance placement,%,
Coca-Cola,2018-12-31,2018,FY,USD,Solidité,Liquidités,LIQ_GEN,Ratio de liquidité générale,x,0.8662
Coca-Cola,2018-12-31,2018,FY,USD,Solidité,Liquidités,LIQ_RED,Ratio de liquidité réduite,x,0.7595
Coca-Cola,2018-12-31,2018,FY,USD,Solidité,Liquidités,LIQ_IMM,Ratio de liquidité immédiate,x,0.3154
Coca-Cola,2018-12-31,2018,FY,USD,Solidité,Liquidités,INT_DEF_RED,Intervalle défensif réduit,j,
Coca-Cola,2018-12-31,2018,FY,USD,Solidité,Liquidités,INT_DEF,Intervalle défensif,j,
Coca-Cola,2018-12-31,2018,FY,USD,Solidité,Liquidités,RFR,Ratio de fonds de roulement,%,-4.6289
Coca-Cola,2018-12-31,2018,FY,USD,Solidité,Liquidités,RBFR,Ratio de besoin en fonds de roulement,%,-18.8397
Coca-Cola,2018-12-31,2018,FY,USD,Solidité,Gestion des actifs,LEV_ECO,Ratio du levier économique,x,4.3665
Coca-Cola,2018-12-31,2018,FY,USD,Solidité,Gestion des actifs,POIDS_IMMO,Poids des immobilisations,%,70.0418
Coca-Cola,2018-12-31,2018,FY,USD,Solidité,Gestion des actifs,FIN_IMMO,Financement des immobilisations,x,0.9339
Coca-Cola,2018-12-31,2018,FY,USD,Solidité,Gestion des actifs,VETUSTE,Vétusté de l'actif,%,
Coca-Cola,2018-12-31,2018,FY,USD,Solidité,Gestion des passifs,ENDET_GLOB,Ratio d'endettement global,%,77.0982
Coca-Cola,2018-12-31,2018,FY,USD,Solidité,Gestion des passifs,ENDET_TERME,Ratio d'endettement à terme,%,185.6228
Coca-Cola,2018-12-31,2018,FY,USD,Solidité,Gestion des passifs,INDEP_FIN,Ratio d'indépendance financière,%,22.9018
Coca-Cola,2018-12-31,2018,FY,USD,Solidité,Gestion des passifs,COUV_CF,Couverture des charges financières,x,
Coca-Cola,2018-12-31,2018,FY,USD,Solidité,Gestion des passifs,POIDS_CF,Poids des charges financières,%,
Coca-Cola,2018-12-31,2018,FY,USD,Solidité,Gestion des passifs,AUTO_FIN,Ratio d'autonomie financière,x,0.297
Coca-Cola,2018-12-31,2018,FY,USD,Solidité,Gestion des passifs,SOLVA,Ratio de solvabilité,x,1.297
Coca-Cola,2018-12-31,2018,FY,USD,Solidité,Ressources humaines,EFF_BRUT_RH,Efficacité brute des RH,x,
Coca-Cola,2018-12-31,2018,FY,USD,Solidité,Ressources humaines,EFF_NET_RH,Efficacité nette des RH,x,
Coca-Cola,2018-12-31,2018,FY,USD,Solidité,Gestion des risques,CONAN_HOLDER,Score de Conan & Holder,score,
Coca-Cola,2018-12-31,2018,FY,USD,Solidité,Gestion des risques,RISQ_PLACEMENT,Risque de placement,%,2.4334
Coca-Cola,2018-12-31,2018,FY,USD,Solidité,Gestion des risques,RISQ_COMMERCIAL,Risque commercial,%,
Coca-Cola,2018-12-31,2018,FY,USD,Solidité,Gestion des risques,CREDIT_FOURN,Crédits moyens fournisseurs,j,
Coca-Cola,2018-12-31,2018,FY,USD,Solidité,Gestion des risques,CREDIT_CLIENT,Crédits moyens clients,j,
Coca-Cola,2018-12-31,2018,FY,USD,Performance,Rentabilité commerciale,RENT_COM,Rentabilité commerciale,%,26.6822
Coca-Cola,2018-12-31,2018,FY,USD,Performance,Rentabilité commerciale,MARGE_NETTE,Ratio de la marge nette,%,18.8805
Coca-Cola,2018-12-31,2018,FY,USD,Performance,Rentabilité commerciale,TAUX_MARQUE,Taux de marque,%,
Coca-Cola,2018-12-31,2018,FY,USD,Performance,Rentabilité commerciale,ROT_CAP,Rotation des capitaux échangés,x,1.7998
Coca-Cola,2018-12-31,2018,FY,USD,Performance,Rentabilité économique,ROA,Rendement de l'actif (ROA),%,7.7822
Coca-Cola,2018-12-31,2018,FY,USD,Performance,Rentabilité économique,ROCE,Rentabilité du capital investi (ROCE),%,16.813
Coca-Cola,2018-12-31,2018,FY,USD,Performance,Rentabilité économique,REND_IMMO,Rendement brut des immobilisations,%,17.5651
Coca-Cola,2018-12-31,2018,FY,USD,Performance,Rentabilité économique,REND_RES_STABLE,Rendement brut des ressources stables,%,18.8081
Coca-Cola,2018-12-31,2018,FY,USD,Performance,Rentabilité d'exploitation,MARGE_BRUTE_EXPL,Marge brute d'exploitation,%,29.8484
Coca-Cola,2018-12-31,2018,FY,USD,Performance,Rentabilité d'exploitation,MARGE_BENEF_EXPL,Marge bénéficiaire d'exploitation,%,26.6822
Coca-Cola,2018-12-31,2018,FY,USD,Performance,Rentabilité opérationnelle,REND_GLOBAL_NET,Rendement global net,%,7.7822
Coca-Cola,2018-12-31,2018,FY,USD,Performance,Rentabilité opérationnelle,CREATION_VALEUR,Création de valeur annuelle,montant,4797.28
Coca-Cola,2018-12-31,2018,FY,USD,Performance,Rentabilité opérationnelle,REND_PRODUCTION,Rendement de la production,%,
Coca-Cola,2018-12-31,2018,FY,USD,Performance,Rentabilité opérationnelle,ROT_STOCKS,Ratio de rotation des stocks,x,
Coca-Cola,2018-12-31,2018,FY,USD,Performance,Rentabilité opérationnelle,PROFIT_OP,Profit opérationnel,montant,9152.0
Coca-Cola,2018-12-31,2018,FY,USD,Performance,Rentabilité financière,ROE,Rentabilité des capitaux propres (ROE),%,33.9805
Coca-Cola,2018-12-31,2018,FY,USD,Performance,Rentabilité financière,ROI,Retour sur investissement (ROI),%,7.7822
Coca-Cola,2018-12-31,2018,FY,USD,Performance,Rentabilité financière,PERF_PLACEMENT,Performance placement,%,
Coca-Cola,2019-12-31,2019,FY,USD,Solidité,Liquidités,LIQ_GEN,Ratio de liquidité générale,x,0.7567
Coca-Cola,2019-12-31,2019,FY,USD,Solidité,Liquidités,LIQ_RED,Ratio de liquidité réduite,x,0.6314
Coca-Cola,2019-12-31,2019,FY,USD,Solidité,Liquidités,LIQ_IMM,Ratio de liquidité immédiate,x,0.2402
Coca-Cola,2019-12-31,2019,FY,USD,Solidité,Liquidités,INT_DEF_RED,Intervalle défensif réduit,j,
Coca-Cola,2019-12-31,2019,FY,USD,Solidité,Liquidités,INT_DEF,Intervalle défensif,j,
Coca-Cola,2019-12-31,2019,FY,USD,Solidité,Liquidités,RFR,Ratio de fonds de roulement,%,-7.5966
Coca-Cola,2019-12-31,2019,FY,USD,Solidité,Liquidités,RBFR,Ratio de besoin en fonds de roulement,%,-21.2875
Coca-Cola,2019-12-31,2019,FY,USD,Solidité,Gestion des actifs,LEV_ECO,Ratio du levier économique,x,4.0943
Coca-Cola,2019-12-31,2019,FY,USD,Solidité,Gestion des actifs,POIDS_IMMO,Poids des immobilisations,%,76.371
Coca-Cola,2019-12-31,2019,FY,USD,Solidité,Gestion des actifs,FIN_IMMO,Financement des immobilisations,x,0.9005
Coca-Cola,2019-12-31,2019,FY,USD,Solidité,Gestion des actifs,VETUSTE,Vétusté de l'actif,%,
Coca-Cola,2019-12-31,2019,FY,USD,Solidité,Gestion des passifs,ENDET_GLOB,Ratio d'endettement global,%,75.5756
Coca-Cola,2019-12-31,2019,FY,USD,Solidité,Gestion des passifs,ENDET_TERME,Ratio d'endettement à terme,%,181.5812
Coca-Cola,2019-12-31,2019,FY,USD,Solidité,Gestion des passifs,INDEP_FIN,Ratio d'indépendance financière,%,24.4244
Coca-Cola,2019-12-31,2019,FY,USD,Solidité,Gestion des passifs,COUV_CF,Couverture des charges financières,x,
Coca-Cola,2019-12-31,2019,FY,USD,Solidité,Gestion des passifs,POIDS_CF,Poids des charges financières,%,
Coca-Cola,2019-12-31,2019,FY,USD,Solidité,Gestion des passifs,AUTO_FIN,Ratio d'autonomie financière,x,0.3232
Coca-Cola,2019-12-31,2019,FY,USD,Solidité,Gestion des passifs,SOLVA,Ratio de solvabilité,x,1.3232
Coca-Cola,2019-12-31,2019,FY,USD,Solidité,Ressources humaines,EFF_BRUT_RH,Efficacité brute des RH,x,
Coca-Cola,2019-12-31,2019,FY,USD,Solidité,Ressources humaines,EFF_NET_RH,Efficacité nette des RH,x,
Coca-Cola,2019-12-31,2019,FY,USD,Solidité,Gestion des risques,CONAN_HOLDER,Score de Conan & Holder,score,
Coca-Cola,2019-12-31,2019,FY,USD,Solidité,Gestion des risques,RISQ_PLACEMENT,Risque de placement,%,1.6983
Coca-Cola,2019-12-31,2019,FY,USD,Solidité,Gestion des risques,RISQ_COMMERCIAL,Risque commercial,%,
Coca-Cola,2019-12-31,2019,FY,USD,Solidité,Gestion des risques,CREDIT_FOURN,Crédits moyens fournisseurs,j,
Coca-Cola,2019-12-31,2019,FY,USD,Solidité,Gestion des risques,CREDIT_CLIENT,Crédits moyens clients,j,
Coca-Cola,2019-12-31,2019,FY,USD,Performance,Rentabilité commerciale,RENT_COM,Rentabilité commerciale,%,27.0649
Coca-Cola,2019-12-31,2019,FY,USD,Performance,Rentabilité commerciale,MARGE_NETTE,Ratio de la marge nette,%,24.1104
Coca-Cola,2019-12-31,2019,FY,USD,Performance,Rentabilité commerciale,TAUX_MARQUE,Taux de marque,%,
Coca-Cola,2019-12-31,2019,FY,USD,Performance,Rentabilité commerciale,ROT_CAP,Rotation des capitaux échangés,x,1.7663
Coca-Cola,2019-12-31,2019,FY,USD,Performance,Rentabilité économique,ROA,Rendement de l'actif (ROA),%,10.4016
Coca-Cola,2019-12-31,2019,FY,USD,Performance,Rentabilité économique,ROCE,Rentabilité du capital investi (ROCE),%,16.9775
Coca-Cola,2019-12-31,2019,FY,USD,Performance,Rentabilité économique,REND_IMMO,Rendement brut des immobilisations,%,17.3579
Coca-Cola,2019-12-31,2019,FY,USD,Performance,Rentabilité économique,REND_RES_STABLE,Rendement brut des ressources stables,%,19.2752
Coca-Cola,2019-12-31,2019,FY,USD,Performance,Rentabilité d'exploitation,MARGE_BRUTE_EXPL,Marge brute d'exploitation,%,30.7277
Coca-Cola,2019-12-31,2019,FY,USD,Performance,Rentabilité d'exploitation,MARGE_BENEF_EXPL,Marge bénéficiaire d'exploitation,%,27.0649
Coca-Cola,2019-12-31,2019,FY,USD,Performance,Rentabilité opérationnelle,REND_GLOBAL_NET,Rendement global net,%,10.4016
Coca-Cola,2019-12-31,2019,FY,USD,Performance,Rentabilité opérationnelle,CREATION_VALEUR,Création de valeur annuelle,montant,5333.36
Coca-Cola,2019-12-31,2019,FY,USD,Performance,Rentabilité opérationnelle,REND_PRODUCTION,Rendement de la production,%,
Coca-Cola,2019-12-31,2019,FY,USD,Performance,Rentabilité opérationnelle,ROT_STOCKS,Ratio de rotation des stocks,x,
Coca-Cola,2019-12-31,2019,FY,USD,Performance,Rentabilité opérationnelle,PROFIT_OP,Profit opérationnel,montant,10086.0
Coca-Cola,2019-12-31,2019,FY,USD,Performance,Rentabilité financière,ROE,Rentabilité des capitaux propres (ROE),%,42.587
Coca-Cola,2019-12-31,2019,FY,USD,Performance,Rentabilité financière,ROI,Retour sur investissement (ROI),%,10.4016
Coca-Cola,2019-12-31,2019,FY,USD,Performance,Rentabilité financière,PERF_PLACEMENT,Performance placement,%,
Coca-Cola,2020-12-31,2020,FY,USD,Solidité,Liquidités,LIQ_GEN,Ratio de liquidité générale,x,1.3177
Coca-Cola,2020-12-31,2020,FY,USD,Solidité,Liquidités,LIQ_RED,Ratio de liquidité réduite,x,1.094
Coca-Cola,2020-12-31,2020,FY,USD,Solidité,Liquidités,LIQ_IMM,Ratio de liquidité immédiate,x,0.4654
Coca-Cola,2020-12-31,2020,FY,USD,Solidité,Liquidités,INT_DEF_RED,Intervalle défensif réduit,j,
Coca-Cola,2020-12-31,2020,FY,USD,Solidité,Liquidités,INT_DEF,Intervalle défensif,j,
Coca-Cola,2020-12-31,2020,FY,USD,Solidité,Liquidités,RFR,Ratio de fonds de roulement,%,5.3141
Coca-Cola,2020-12-31,2020,FY,USD,Solidité,Liquidités,RBFR,Ratio de besoin en fonds de roulement,%,-23.8656
Coca-Cola,2020-12-31,2020,FY,USD,Solidité,Gestion des actifs,LEV_ECO,Ratio du levier économique,x,4.1015
Coca-Cola,2020-12-31,2020,FY,USD,Solidité,Gestion des actifs,POIDS_IMMO,Poids des immobilisations,%,77.96
Coca-Cola,2020-12-31,2020,FY,USD,Solidité,Gestion des actifs,FIN_IMMO,Financement des immobilisations,x,1.0682
Coca-Cola,2020-12-31,2020,FY,USD,Solidité,Gestion des actifs,VETUSTE,Vétusté de l'actif,%,
Coca-Cola,2020-12-31,2020,FY,USD,Solidité,Gestion des passifs,ENDET_GLOB,Ratio d'endettement global,%,75.6186
Coca-Cola,2020-12-31,2020,FY,USD,Solidité,Gestion des passifs,ENDET_TERME,Ratio d'endettement à terme,%,241.5476
Coca-Cola,2020-12-31,2020,FY,USD,Solidité,Gestion des passifs,INDEP_FIN,Ratio d'indépendance financière,%,24.3814
Coca-Cola,2020-12-31,2020,FY,USD,Solidité,Gestion des passifs,COUV_CF,Couverture des charges financières,x,
Coca-Cola,2020-12-31,2020,FY,USD,Solidité,Gestion des passifs,POIDS_CF,Poids des charges financières,%,
Coca-Cola,2020-12-31,2020,FY,USD,Solidité,Gestion des passifs,AUTO_FIN,Ratio d'autonomie financière,x,0.3224
Coca-Cola,2020-12-31,2020,FY,USD,Solidité,Gestion des passifs,SOLVA,Ratio de solvabilité,x,1.3224
Coca-Cola,2020-12-31,2020,FY,USD,Solidité,Ressources humaines,EFF_BRUT_RH,Efficacité brute des RH,x,
Coca-Cola,2020-12-31,2020,FY,USD,Solidité,Ressources humaines,EFF_NET_RH,Efficacité nette des RH,x,
Coca-Cola,2020-12-31,2020,FY,USD,Solidité,Gestion des risques,CONAN_HOLDER,Score de Conan & Holder,score,
Coca-Cola,2020-12-31,2020,FY,USD,Solidité,Gestion des risques,RISQ_PLACEMENT,Risque de placement,%,2.0287
Coca-Cola,2020-12-31,2020,FY,USD,Solidité,Gestion des risques,RISQ_COMMERCIAL,Risque commercial,%,
Coca-Cola,2020-12-31,2020,FY,USD,Solidité,Gestion des risques,CREDIT_FOURN,Crédits moyens fournisseurs,j,
Coca-Cola,2020-12-31,2020,FY,USD,Solidité,Gestion des risques,CREDIT_CLIENT,Crédits moyens clients,j,
Coca-Cola,2020-12-31,2020,FY,USD,Performance,Rentabilité commerciale,RENT_COM,Rentabilité commerciale,%,27.2521
Coca-Cola,2020-12-31,2020,FY,USD,Performance,Rentabilité commerciale,MARGE_NETTE,Ratio de la marge nette,%,23.5294
Coca-Cola,2020-12-31,2020,FY,USD,Performance,Rentabilité commerciale,TAUX_MARQUE,Taux de marque,%,
Coca-Cola,2020-12-31,2020,FY,USD,Performance,Rentabilité commerciale,ROT_CAP,Rotation des capitaux échangés,x,1.5511
Coca-Cola,2020-12-31,2020,FY,USD,Performance,Rentabilité économique,ROA,Rendement de l'actif (ROA),%,8.8985
Coca-Cola,2020-12-31,2020,FY,USD,Performance,Rentabilité économique,ROCE,Rentabilité du capital investi (ROCE),%,12.3764
Coca-Cola,2020-12-31,2020,FY,USD,Performance,Rentabilité économique,REND_IMMO,Rendement brut des immobilisations,%,15.477
Coca-Cola,2020-12-31,2020,FY,USD,Performance,Rentabilité économique,REND_RES_STABLE,Rendement brut des ressources stables,%,14.4893
Coca-Cola,2020-12-31,2020,FY,USD,Performance,Rentabilité d'exploitation,MARGE_BRUTE_EXPL,Marge brute d'exploitation,%,31.9046
Coca-Cola,2020-12-31,2020,FY,USD,Performance,Rentabilité d'exploitation,MARGE_BENEF_EXPL,Marge bénéficiaire d'exploitation,%,27.2521
Coca-Cola,2020-12-31,2020,FY,USD,Performance,Rentabilité opérationnelle,REND_GLOBAL_NET,Rendement global net,%,8.8985
Coca-Cola,2020-12-31,2020,FY,USD,Performance,Rentabilité opérationnelle,CREATION_VALEUR,Création de valeur annuelle,montant,3181.4
Coca-Cola,2020-12-31,2020,FY,USD,Performance,Rentabilité opérationnelle,REND_PRODUCTION,Rendement de la production,%,
Coca-Cola,2020-12-31,2020,FY,USD,Performance,Rentabilité opérationnelle,ROT_STOCKS,Ratio de rotation des stocks,x,
Coca-Cola,2020-12-31,2020,FY,USD,Performance,Rentabilité opérationnelle,PROFIT_OP,Profit opérationnel,montant,8997.0
Coca-Cola,2020-12-31,2020,FY,USD,Performance,Rentabilité financière,ROE,Rentabilité des capitaux propres (ROE),%,36.4969
Coca-Cola,2020-12-31,2020,FY,USD,Performance,Rentabilité financière,ROI,Retour sur investissement (ROI),%,8.8985
Coca-Cola,2020-12-31,2020,FY,USD,Performance,Rentabilité financière,PERF_PLACEMENT,Performance placement,%,
Coca-Cola,2021-12-31,2021,FY,USD,Solidité,Liquidités,LIQ_GEN,Ratio de liquidité générale,x,1.1301
Coca-Cola,2021-12-31,2021,FY,USD,Solidité,Liquidités,LIQ_RED,Ratio de liquidité réduite,x,0.9589
Coca-Cola,2021-12-31,2021,FY,USD,Solidité,Liquidités,LIQ_IMM,Ratio de liquidité immédiate,x,0.4854
Coca-Cola,2021-12-31,2021,FY,USD,Solidité,Liquidités,INT_DEF_RED,Intervalle défensif réduit,j,
Coca-Cola,2021-12-31,2021,FY,USD,Solidité,Liquidités,INT_DEF,Intervalle défensif,j,
Coca-Cola,2021-12-31,2021,FY,USD,Solidité,Liquidités,RFR,Ratio de fonds de roulement,%,2.7503
Coca-Cola,2021-12-31,2021,FY,USD,Solidité,Liquidités,RBFR,Ratio de besoin en fonds de roulement,%,-28.9872
Coca-Cola,2021-12-31,2021,FY,USD,Solidité,Gestion des actifs,LEV_ECO,Ratio du levier économique,x,3.7954
Coca-Cola,2021-12-31,2021,FY,USD,Solidité,Gestion des actifs,POIDS_IMMO,Poids des immobilisations,%,76.1059
Coca-Cola,2021-12-31,2021,FY,USD,Solidité,Gestion des actifs,FIN_IMMO,Financement des immobilisations,x,1.0361
Coca-Cola,2021-12-31,2021,FY,USD,Solidité,Gestion des actifs,VETUSTE,Vétusté de l'actif,%,
Coca-Cola,2021-12-31,2021,FY,USD,Solidité,Gestion des passifs,ENDET_GLOB,Ratio d'endettement global,%,73.6524
Coca-Cola,2021-12-31,2021,FY,USD,Solidité,Gestion des passifs,ENDET_TERME,Ratio d'endettement à terme,%,199.292
Coca-Cola,2021-12-31,2021,FY,USD,Solidité,Gestion des passifs,INDEP_FIN,Ratio d'indépendance financière,%,26.3476
Coca-Cola,2021-12-31,2021,FY,USD,Solidité,Gestion des passifs,COUV_CF,Couverture des charges financières,x,
Coca-Cola,2021-12-31,2021,FY,USD,Solidité,Gestion des passifs,POIDS_CF,Poids des charges financières,%,
Coca-Cola,2021-12-31,2021,FY,USD,Solidité,Gestion des passifs,AUTO_FIN,Ratio d'autonomie financière,x,0.3577
Coca-Cola,2021-12-31,2021,FY,USD,Solidité,Gestion des passifs,SOLVA,Ratio de solvabilité,x,1.3577
Coca-Cola,2021-12-31,2021,FY,USD,Solidité,Ressources humaines,EFF_BRUT_RH,Efficacité brute des RH,x,
Coca-Cola,2021-12-31,2021,FY,USD,Solidité,Ressources humaines,EFF_NET_RH,Efficacité nette des RH,x,
Coca-Cola,2021-12-31,2021,FY,USD,Solidité,Gestion des risques,CONAN_HOLDER,Score de Conan & Holder,score,
Coca-Cola,2021-12-31,2021,FY,USD,Solidité,Gestion des risques,RISQ_PLACEMENT,Risque de placement,%,1.3163
Coca-Cola,2021-12-31,2021,FY,USD,Solidité,Gestion des risques,RISQ_COMMERCIAL,Risque commercial,%,
Coca-Cola,2021-12-31,2021,FY,USD,Solidité,Gestion des risques,CREDIT_FOURN,Crédits moyens fournisseurs,j,
Coca-Cola,2021-12-31,2021,FY,USD,Solidité,Gestion des risques,CREDIT_CLIENT,Crédits moyens clients,j,
Coca-Cola,2021-12-31,2021,FY,USD,Performance,Rentabilité commerciale,RENT_COM,Rentabilité commerciale,%,26.6667
Coca-Cola,2021-12-31,2021,FY,USD,Performance,Rentabilité commerciale,MARGE_NETTE,Ratio de la marge nette,%,25.3628
Coca-Cola,2021-12-31,2021,FY,USD,Performance,Rentabilité commerciale,TAUX_MARQUE,Taux de marque,%,
Coca-Cola,2021-12-31,2021,FY,USD,Performance,Rentabilité commerciale,ROT_CAP,Rotation des capitaux échangés,x,1.5549
Coca-Cola,2021-12-31,2021,FY,USD,Performance,Rentabilité économique,ROA,Rendement de l'actif (ROA),%,10.3907
Coca-Cola,2021-12-31,2021,FY,USD,Performance,Rentabilité économique,ROCE,Rentabilité du capital investi (ROCE),%,13.8541
Coca-Cola,2021-12-31,2021,FY,USD,Performance,Rentabilité économique,REND_IMMO,Rendement brut des immobilisations,%,16.3768
Coca-Cola,2021-12-31,2021,FY,USD,Performance,Rentabilité économique,REND_RES_STABLE,Rendement brut des ressources stables,%,15.8056
Coca-Cola,2021-12-31,2021,FY,USD,Performance,Rentabilité d'exploitation,MARGE_BRUTE_EXPL,Marge brute d'exploitation,%,30.423
Coca-Cola,2021-12-31,2021,FY,USD,Performance,Rentabilité d'exploitation,MARGE_BENEF_EXPL,Marge bénéficiaire d'exploitation,%,26.6667
Coca-Cola,2021-12-31,2021,FY,USD,Performance,Rentabilité opérationnelle,REND_GLOBAL_NET,Rendement global net,%,10.3907
Coca-Cola,2021-12-31,2021,FY,USD,Performance,Rentabilité opérationnelle,CREATION_VALEUR,Création de valeur annuelle,montant,4355.68
Coca-Cola,2021-12-31,2021,FY,USD,Performance,Rentabilité opérationnelle,REND_PRODUCTION,Rendement de la production,%,
Coca-Cola,2021-12-31,2021,FY,USD,Performance,Rentabilité opérationnelle,ROT_STOCKS,Ratio de rotation des stocks,x,
Coca-Cola,2021-12-31,2021,FY,USD,Performance,Rentabilité opérationnelle,PROFIT_OP,Profit opérationnel,montant,10308.0
Coca-Cola,2021-12-31,2021,FY,USD,Performance,Rentabilité financière,ROE,Rentabilité des capitaux propres (ROE),%,39.4368
Coca-Cola,2021-12-31,2021,FY,USD,Performance,Rentabilité financière,ROI,Retour sur investissement (ROI),%,10.3907
Coca-Cola,2021-12-31,2021,FY,USD,Performance,Rentabilité financière,PERF_PLACEMENT,Performance placement,%,
Coca-Cola,2022-12-31,2022,FY,USD,Solidité,Liquidités,LIQ_GEN,Ratio de liquidité générale,x,1.1454
Coca-Cola,2022-12-31,2022,FY,USD,Solidité,Liquidités,LIQ_RED,Ratio de liquidité réduite,x,0.9307
Coca-Cola,2022-12-31,2022,FY,USD,Solidité,Liquidités,LIQ_IMM,Ratio de liquidité immédiate,x,0.4826
Coca-Cola,2022-12-31,2022,FY,USD,Solidité,Liquidités,INT_DEF_RED,Intervalle défensif réduit,j,
Coca-Cola,2022-12-31,2022,FY,USD,Solidité,Liquidités,INT_DEF,Intervalle défensif,j,
Coca-Cola,2022-12-31,2022,FY,USD,Solidité,Liquidités,RFR,Ratio de fonds de roulement,%,3.0907
Coca-Cola,2022-12-31,2022,FY,USD,Solidité,Liquidités,RBFR,Ratio de besoin en fonds de roulement,%,-26.7789
Coca-Cola,2022-12-31,2022,FY,USD,Solidité,Gestion des actifs,LEV_ECO,Ratio du levier économique,x,3.5918
Coca-Cola,2022-12-31,2022,FY,USD,Solidité,Gestion des actifs,POIDS_IMMO,Poids des immobilisations,%,75.6465
Coca-Cola,2022-12-31,2022,FY,USD,Solidité,Gestion des actifs,FIN_IMMO,Financement des immobilisations,x,1.0409
Coca-Cola,2022-12-31,2022,FY,USD,Solidité,Gestion des actifs,VETUSTE,Vétusté de l'actif,%,
Coca-Cola,2022-12-31,2022,FY,USD,Solidité,Gestion des passifs,ENDET_GLOB,Ratio d'endettement global,%,72.1592
Coca-Cola,2022-12-31,2022,FY,USD,Solidité,Gestion des passifs,ENDET_TERME,Ratio d'endettement à terme,%,182.8119
Coca-Cola,2022-12-31,2022,FY,USD,Solidité,Gestion des passifs,INDEP_FIN,Ratio d'indépendance financière,%,27.8408
Coca-Cola,2022-12-31,2022,FY,USD,Solidité,Gestion des passifs,COUV_CF,Couverture des charges financières,x,
Coca-Cola,2022-12-31,2022,FY,USD,Solidité,Gestion des passifs,POIDS_CF,Poids des charges financières,%,
Coca-Cola,2022-12-31,2022,FY,USD,Solidité,Gestion des passifs,AUTO_FIN,Ratio d'autonomie financière,x,0.3858
Coca-Cola,2022-12-31,2022,FY,USD,Solidité,Gestion des passifs,SOLVA,Ratio de solvabilité,x,1.3858
Coca-Cola,2022-12-31,2022,FY,USD,Solidité,Ressources humaines,EFF_BRUT_RH,Efficacité brute des RH,x,
Coca-Cola,2022-12-31,2022,FY,USD,Solidité,Ressources humaines,EFF_NET_RH,Efficacité nette des RH,x,
Coca-Cola,2022-12-31,2022,FY,USD,Solidité,Gestion des risques,CONAN_HOLDER,Score de Conan & Holder,score,
Coca-Cola,2022-12-31,2022,FY,USD,Solidité,Gestion des risques,RISQ_PLACEMENT,Risque de placement,%,1.1244
Coca-Cola,2022-12-31,2022,FY,USD,Solidité,Gestion des risques,RISQ_COMMERCIAL,Risque commercial,%,
Coca-Cola,2022-12-31,2022,FY,USD,Solidité,Gestion des risques,CREDIT_FOURN,Crédits moyens fournisseurs,j,
Coca-Cola,2022-12-31,2022,FY,USD,Solidité,Gestion des risques,CREDIT_CLIENT,Crédits moyens clients,j,
Coca-Cola,2022-12-31,2022,FY,USD,Performance,Rentabilité commerciale,RENT_COM,Rentabilité commerciale,%,25.3674
Coca-Cola,2022-12-31,2022,FY,USD,Performance,Rentabilité commerciale,MARGE_NETTE,Ratio de la marge nette,%,22.2561
Coca-Cola,2022-12-31,2022,FY,USD,Performance,Rentabilité commerciale,TAUX_MARQUE,Taux de marque,%,
Coca-Cola,2022-12-31,2022,FY,USD,Performance,Rentabilité commerciale,ROT_CAP,Rotation des capitaux échangés,x,1.6651
Coca-Cola,2022-12-31,2022,FY,USD,Performance,Rentabilité économique,ROA,Rendement de l'actif (ROA),%,10.3177
Coca-Cola,2022-12-31,2022,FY,USD,Performance,Rentabilité économique,ROCE,Rentabilité du capital investi (ROCE),%,14.9359
Coca-Cola,2022-12-31,2022,FY,USD,Performance,Rentabilité économique,REND_IMMO,Rendement brut des immobilisations,%,17.3417
Coca-Cola,2022-12-31,2022,FY,USD,Performance,Rentabilité économique,REND_RES_STABLE,Rendement brut des ressources stables,%,16.661
Coca-Cola,2022-12-31,2022,FY,USD,Performance,Rentabilité d'exploitation,MARGE_BRUTE_EXPL,Marge brute d'exploitation,%,28.2974
Coca-Cola,2022-12-31,2022,FY,USD,Performance,Rentabilité d'exploitation,MARGE_BENEF_EXPL,Marge bénéficiaire d'exploitation,%,25.3674
Coca-Cola,2022-12-31,2022,FY,USD,Performance,Rentabilité opérationnelle,REND_GLOBAL_NET,Rendement global net,%,10.3177
Coca-Cola,2022-12-31,2022,FY,USD,Performance,Rentabilité opérationnelle,CREATION_VALEUR,Création de valeur annuelle,montant,5065.88
Coca-Cola,2022-12-31,2022,FY,USD,Performance,Rentabilité opérationnelle,REND_PRODUCTION,Rendement de la production,%,
Coca-Cola,2022-12-31,2022,FY,USD,Performance,Rentabilité opérationnelle,ROT_STOCKS,Ratio de rotation des stocks,x,
Coca-Cola,2022-12-31,2022,FY,USD,Performance,Rentabilité opérationnelle,PROFIT_OP,Profit opérationnel,montant,10909.0
Coca-Cola,2022-12-31,2022,FY,USD,Performance,Rentabilité financière,ROE,Rentabilité des capitaux propres (ROE),%,37.0596
Coca-Cola,2022-12-31,2022,FY,USD,Performance,Rentabilité financière,ROI,Retour sur investissement (ROI),%,10.3177
Coca-Cola,2022-12-31,2022,FY,USD,Performance,Rentabilité financière,PERF_PLACEMENT,Performance placement,%,
Coca-Cola,2023-12-31,2023,FY,USD,Solidité,Liquidités,LIQ_GEN,Ratio de liquidité générale,x,1.1341
Coca-Cola,2023-12-31,2023,FY,USD,Solidité,Liquidités,LIQ_RED,Ratio de liquidité réduite,x,0.9464
Coca-Cola,2023-12-31,2023,FY,USD,Solidité,Liquidités,LIQ_IMM,Ratio de liquidité immédiate,x,0.3974
Coca-Cola,2023-12-31,2023,FY,USD,Solidité,Liquidités,INT_DEF_RED,Intervalle défensif réduit,j,
Coca-Cola,2023-12-31,2023,FY,USD,Solidité,Liquidités,INT_DEF,Intervalle défensif,j,
Coca-Cola,2023-12-31,2023,FY,USD,Solidité,Liquidités,RFR,Ratio de fonds de roulement,%,3.2353
Coca-Cola,2023-12-31,2023,FY,USD,Solidité,Liquidités,RBFR,Ratio de besoin en fonds de roulement,%,-24.1749
Coca-Cola,2023-12-31,2023,FY,USD,Solidité,Gestion des actifs,LEV_ECO,Ratio du levier économique,x,3.5554
Coca-Cola,2023-12-31,2023,FY,USD,Solidité,Gestion des actifs,POIDS_IMMO,Poids des immobilisations,%,72.6395
Coca-Cola,2023-12-31,2023,FY,USD,Solidité,Gestion des actifs,FIN_IMMO,Financement des immobilisations,x,1.0445
Coca-Cola,2023-12-31,2023,FY,USD,Solidité,Gestion des actifs,VETUSTE,Vétusté de l'actif,%,
Coca-Cola,2023-12-31,2023,FY,USD,Solidité,Gestion des passifs,ENDET_GLOB,Ratio d'endettement global,%,71.8739
Coca-Cola,2023-12-31,2023,FY,USD,Solidité,Gestion des passifs,ENDET_TERME,Ratio d'endettement à terme,%,169.7671
Coca-Cola,2023-12-31,2023,FY,USD,Solidité,Gestion des passifs,INDEP_FIN,Ratio d'indépendance financière,%,28.1261
Coca-Cola,2023-12-31,2023,FY,USD,Solidité,Gestion des passifs,COUV_CF,Couverture des charges financières,x,
Coca-Cola,2023-12-31,2023,FY,USD,Solidité,Gestion des passifs,POIDS_CF,Poids des charges financières,%,
Coca-Cola,2023-12-31,2023,FY,USD,Solidité,Gestion des passifs,AUTO_FIN,Ratio d'autonomie financière,x,0.3913
Coca-Cola,2023-12-31,2023,FY,USD,Solidité,Gestion des passifs,SOLVA,Ratio de solvabilité,x,1.3913
Coca-Cola,2023-12-31,2023,FY,USD,Solidité,Ressources humaines,EFF_BRUT_RH,Efficacité brute des RH,x,
Coca-Cola,2023-12-31,2023,FY,USD,Solidité,Ressources humaines,EFF_NET_RH,Efficacité nette des RH,x,
Coca-Cola,2023-12-31,2023,FY,USD,Solidité,Gestion des risques,CONAN_HOLDER,Score de Conan & Holder,score,
Coca-Cola,2023-12-31,2023,FY,USD,Solidité,Gestion des risques,RISQ_PLACEMENT,Risque de placement,%,3.0675
Coca-Cola,2023-12-31,2023,FY,USD,Solidité,Gestion des risques,RISQ_COMMERCIAL,Risque commercial,%,
Coca-Cola,2023-12-31,2023,FY,USD,Solidité,Gestion des risques,CREDIT_FOURN,Crédits moyens fournisseurs,j,
Coca-Cola,2023-12-31,2023,FY,USD,Solidité,Gestion des risques,CREDIT_CLIENT,Crédits moyens clients,j,
Coca-Cola,2023-12-31,2023,FY,USD,Performance,Rentabilité commerciale,RENT_COM,Rentabilité commerciale,%,24.7213
Coca-Cola,2023-12-31,2023,FY,USD,Performance,Rentabilité commerciale,MARGE_NETTE,Ratio de la marge nette,%,23.3925
Coca-Cola,2023-12-31,2023,FY,USD,Performance,Rentabilité commerciale,TAUX_MARQUE,Taux de marque,%,
Coca-Cola,2023-12-31,2023,FY,USD,Performance,Rentabilité commerciale,ROT_CAP,Rotation des capitaux échangés,x,1.665
Coca-Cola,2023-12-31,2023,FY,USD,Performance,Rentabilité économique,ROA,Rendement de l'actif (ROA),%,10.9546
Coca-Cola,2023-12-31,2023,FY,USD,Performance,Rentabilité économique,ROCE,Rentabilité du capital investi (ROCE),%,15.2579
Coca-Cola,2023-12-31,2023,FY,USD,Performance,Rentabilité économique,REND_IMMO,Rendement brut des immobilisations,%,17.5269
Coca-Cola,2023-12-31,2023,FY,USD,Performance,Rentabilité économique,REND_RES_STABLE,Rendement brut des ressources stables,%,16.7795
Coca-Cola,2023-12-31,2023,FY,USD,Performance,Rentabilité d'exploitation,MARGE_BRUTE_EXPL,Marge brute d'exploitation,%,27.1867
Coca-Cola,2023-12-31,2023,FY,USD,Performance,Rentabilité d'exploitation,MARGE_BENEF_EXPL,Marge bénéficiaire d'exploitation,%,24.7213
Coca-Cola,2023-12-31,2023,FY,USD,Performance,Rentabilité opérationnelle,REND_GLOBAL_NET,Rendement global net,%,10.9546
Coca-Cola,2023-12-31,2023,FY,USD,Performance,Rentabilité opérationnelle,CREATION_VALEUR,Création de valeur annuelle,montant,5380.44
Coca-Cola,2023-12-31,2023,FY,USD,Performance,Rentabilité opérationnelle,REND_PRODUCTION,Rendement de la production,%,
Coca-Cola,2023-12-31,2023,FY,USD,Performance,Rentabilité opérationnelle,ROT_STOCKS,Ratio de rotation des stocks,x,
Coca-Cola,2023-12-31,2023,FY,USD,Performance,Rentabilité opérationnelle,PROFIT_OP,Profit opérationnel,montant,11311.0
Coca-Cola,2023-12-31,2023,FY,USD,Performance,Rentabilité financière,ROE,Rentabilité des capitaux propres (ROE),%,38.9483
Coca-Cola,2023-12-31,2023,FY,USD,Performance,Rentabilité financière,ROI,Retour sur investissement (ROI),%,10.9546
Coca-Cola,2023-12-31,2023,FY,USD,Performance,Rentabilité financière,PERF_PLACEMENT,Performance placement,%,
Coca-Cola,2024-12-31,2024,FY,USD,Solidité,Liquidités,LIQ_GEN,Ratio de liquidité générale,x,1.0296
Coca-Cola,2024-12-31,2024,FY,USD,Solidité,Liquidités,LIQ_RED,Ratio de liquidité réduite,x,0.8424
Coca-Cola,2024-12-31,2024,FY,USD,Solidité,Liquidités,LIQ_IMM,Ratio de liquidité immédiate,x,0.4288
Coca-Cola,2024-12-31,2024,FY,USD,Solidité,Liquidités,INT_DEF_RED,Intervalle défensif réduit,j,
Coca-Cola,2024-12-31,2024,FY,USD,Solidité,Liquidités,INT_DEF,Intervalle défensif,j,
Coca-Cola,2024-12-31,2024,FY,USD,Solidité,Liquidités,RFR,Ratio de fonds de roulement,%,0.7439
Coca-Cola,2024-12-31,2024,FY,USD,Solidité,Liquidités,RBFR,Ratio de besoin en fonds de roulement,%,-36.0893
Coca-Cola,2024-12-31,2024,FY,USD,Solidité,Gestion des actifs,LEV_ECO,Ratio du levier économique,x,3.8127
Coca-Cola,2024-12-31,2024,FY,USD,Solidité,Gestion des actifs,POIDS_IMMO,Poids des immobilisations,%,74.1449
Coca-Cola,2024-12-31,2024,FY,USD,Solidité,Gestion des actifs,FIN_IMMO,Financement des immobilisations,x,1.01
Coca-Cola,2024-12-31,2024,FY,USD,Solidité,Gestion des actifs,VETUSTE,Vétusté de l'actif,%,
Coca-Cola,2024-12-31,2024,FY,USD,Solidité,Gestion des passifs,ENDET_GLOB,Ratio d'endettement global,%,73.772
Coca-Cola,2024-12-31,2024,FY,USD,Solidité,Gestion des passifs,ENDET_TERME,Ratio d'endettement à terme,%,185.5301
Coca-Cola,2024-12-31,2024,FY,USD,Solidité,Gestion des passifs,INDEP_FIN,Ratio d'indépendance financière,%,26.228
Coca-Cola,2024-12-31,2024,FY,USD,Solidité,Gestion des passifs,COUV_CF,Couverture des charges financières,x,
Coca-Cola,2024-12-31,2024,FY,USD,Solidité,Gestion des passifs,POIDS_CF,Poids des charges financières,%,
Coca-Cola,2024-12-31,2024,FY,USD,Solidité,Gestion des passifs,AUTO_FIN,Ratio d'autonomie financière,x,0.3555
Coca-Cola,2024-12-31,2024,FY,USD,Solidité,Gestion des passifs,SOLVA,Ratio de solvabilité,x,1.3555
Coca-Cola,2024-12-31,2024,FY,USD,Solidité,Ressources humaines,EFF_BRUT_RH,Efficacité brute des RH,x,
Coca-Cola,2024-12-31,2024,FY,USD,Solidité,Ressources humaines,EFF_NET_RH,Efficacité nette des RH,x,
Coca-Cola,2024-12-31,2024,FY,USD,Solidité,Gestion des risques,CONAN_HOLDER,Score de Conan & Holder,score,
Coca-Cola,2024-12-31,2024,FY,USD,Solidité,Gestion des risques,RISQ_PLACEMENT,Risque de placement,%,2.009
Coca-Cola,2024-12-31,2024,FY,USD,Solidité,Gestion des risques,RISQ_COMMERCIAL,Risque commercial,%,
Coca-Cola,2024-12-31,2024,FY,USD,Solidité,Gestion des risques,CREDIT_FOURN,Crédits moyens fournisseurs,j,
Coca-Cola,2024-12-31,2024,FY,USD,Solidité,Gestion des risques,CREDIT_CLIENT,Crédits moyens clients,j,
Coca-Cola,2024-12-31,2024,FY,USD,Performance,Rentabilité commerciale,RENT_COM,Rentabilité commerciale,%,21.232
Coca-Cola,2024-12-31,2024,FY,USD,Performance,Rentabilité commerciale,MARGE_NETTE,Ratio de la marge nette,%,22.6281
Coca-Cola,2024-12-31,2024,FY,USD,Performance,Rentabilité commerciale,TAUX_MARQUE,Taux de marque,%,
Coca-Cola,2024-12-31,2024,FY,USD,Performance,Rentabilité commerciale,ROT_CAP,Rotation des capitaux échangés,x,1.7845
Coca-Cola,2024-12-31,2024,FY,USD,Performance,Rentabilité économique,ROA,Rendement de l'actif (ROA),%,10.5909
Coca-Cola,2024-12-31,2024,FY,USD,Performance,Rentabilité économique,ROCE,Rentabilité du capital investi (ROCE),%,13.2696
Coca-Cola,2024-12-31,2024,FY,USD,Performance,Rentabilité économique,REND_IMMO,Rendement brut des immobilisations,%,14.8447
Coca-Cola,2024-12-31,2024,FY,USD,Performance,Rentabilité économique,REND_RES_STABLE,Rendement brut des ressources stables,%,14.6972
Coca-Cola,2024-12-31,2024,FY,USD,Performance,Rentabilité d'exploitation,MARGE_BRUTE_EXPL,Marge brute d'exploitation,%,23.5163
Coca-Cola,2024-12-31,2024,FY,USD,Performance,Rentabilité d'exploitation,MARGE_BENEF_EXPL,Marge bénéficiaire d'exploitation,%,21.232
Coca-Cola,2024-12-31,2024,FY,USD,Performance,Rentabilité opérationnelle,REND_GLOBAL_NET,Rendement global net,%,10.5909
Coca-Cola,2024-12-31,2024,FY,USD,Performance,Rentabilité opérationnelle,CREATION_VALEUR,Création de valeur annuelle,montant,3968.0
Coca-Cola,2024-12-31,2024,FY,USD,Performance,Rentabilité opérationnelle,REND_PRODUCTION,Rendement de la production,%,
Coca-Cola,2024-12-31,2024,FY,USD,Performance,Rentabilité opérationnelle,ROT_STOCKS,Ratio de rotation des stocks,x,
Coca-Cola,2024-12-31,2024,FY,USD,Performance,Rentabilité opérationnelle,PROFIT_OP,Profit opérationnel,montant,9992.0
Coca-Cola,2024-12-31,2024,FY,USD,Performance,Rentabilité financière,ROE,Rentabilité des capitaux propres (ROE),%,40.3799
Coca-Cola,2024-12-31,2024,FY,USD,Performance,Rentabilité financière,ROI,Retour sur investissement (ROI),%,10.5909
Coca-Cola,2024-12-31,2024,FY,USD,Performance,Rentabilité financière,PERF_PLACEMENT,Performance placement,%,
Coca-Cola,2025-12-31,2025,FY,USD,Solidité,Liquidités,LIQ_GEN,Ratio de liquidité générale,x,1.4588
Coca-Cola,2025-12-31,2025,FY,USD,Solidité,Liquidités,LIQ_RED,Ratio de liquidité réduite,x,1.2508
Coca-Cola,2025-12-31,2025,FY,USD,Solidité,Liquidités,LIQ_IMM,Ratio de liquidité immédiate,x,0.4826
Coca-Cola,2025-12-31,2025,FY,USD,Solidité,Liquidités,INT_DEF_RED,Intervalle défensif réduit,j,
Coca-Cola,2025-12-31,2025,FY,USD,Solidité,Liquidités,INT_DEF,Intervalle défensif,j,
Coca-Cola,2025-12-31,2025,FY,USD,Solidité,Liquidités,RFR,Ratio de fonds de roulement,%,9.3144
Coca-Cola,2025-12-31,2025,FY,USD,Solidité,Liquidités,RBFR,Ratio de besoin en fonds de roulement,%,-21.6683
Coca-Cola,2025-12-31,2025,FY,USD,Solidité,Gestion des actifs,LEV_ECO,Ratio du levier économique,x,3.0581
Coca-Cola,2025-12-31,2025,FY,USD,Solidité,Gestion des actifs,POIDS_IMMO,Poids des immobilisations,%,70.3824
Coca-Cola,2025-12-31,2025,FY,USD,Solidité,Gestion des actifs,FIN_IMMO,Financement des immobilisations,x,1.1323
Coca-Cola,2025-12-31,2025,FY,USD,Solidité,Gestion des actifs,VETUSTE,Vétusté de l'actif,%,
Coca-Cola,2025-12-31,2025,FY,USD,Solidité,Gestion des passifs,ENDET_GLOB,Ratio d'endettement global,%,67.2998
Coca-Cola,2025-12-31,2025,FY,USD,Solidité,Gestion des passifs,ENDET_TERME,Ratio d'endettement à terme,%,143.7199
Coca-Cola,2025-12-31,2025,FY,USD,Solidité,Gestion des passifs,INDEP_FIN,Ratio d'indépendance financière,%,32.7002
Coca-Cola,2025-12-31,2025,FY,USD,Solidité,Gestion des passifs,COUV_CF,Couverture des charges financières,x,
Coca-Cola,2025-12-31,2025,FY,USD,Solidité,Gestion des passifs,POIDS_CF,Poids des charges financières,%,
Coca-Cola,2025-12-31,2025,FY,USD,Solidité,Gestion des passifs,AUTO_FIN,Ratio d'autonomie financière,x,0.4859
Coca-Cola,2025-12-31,2025,FY,USD,Solidité,Gestion des passifs,SOLVA,Ratio de solvabilité,x,1.4859
Coca-Cola,2025-12-31,2025,FY,USD,Solidité,Ressources humaines,EFF_BRUT_RH,Efficacité brute des RH,x,
Coca-Cola,2025-12-31,2025,FY,USD,Solidité,Ressources humaines,EFF_NET_RH,Efficacité nette des RH,x,
Coca-Cola,2025-12-31,2025,FY,USD,Solidité,Gestion des risques,CONAN_HOLDER,Score de Conan & Holder,score,
Coca-Cola,2025-12-31,2025,FY,USD,Solidité,Gestion des risques,RISQ_PLACEMENT,Risque de placement,%,3.4365
Coca-Cola,2025-12-31,2025,FY,USD,Solidité,Gestion des risques,RISQ_COMMERCIAL,Risque commercial,%,
Coca-Cola,2025-12-31,2025,FY,USD,Solidité,Gestion des risques,CREDIT_FOURN,Crédits moyens fournisseurs,j,
Coca-Cola,2025-12-31,2025,FY,USD,Solidité,Gestion des risques,CREDIT_CLIENT,Crédits moyens clients,j,
Coca-Cola,2025-12-31,2025,FY,USD,Performance,Rentabilité commerciale,RENT_COM,Rentabilité commerciale,%,28.7061
Coca-Cola,2025-12-31,2025,FY,USD,Performance,Rentabilité commerciale,MARGE_NETTE,Ratio de la marge nette,%,27.4024
Coca-Cola,2025-12-31,2025,FY,USD,Performance,Rentabilité commerciale,TAUX_MARQUE,Taux de marque,%,
Coca-Cola,2025-12-31,2025,FY,USD,Performance,Rentabilité commerciale,ROT_CAP,Rotation des capitaux échangés,x,1.3987
Coca-Cola,2025-12-31,2025,FY,USD,Performance,Rentabilité économique,ROA,Rendement de l'actif (ROA),%,12.5334
Coca-Cola,2025-12-31,2025,FY,USD,Performance,Rentabilité économique,ROCE,Rentabilité du capital investi (ROCE),%,16.4745
Coca-Cola,2025-12-31,2025,FY,USD,Performance,Rentabilité économique,REND_IMMO,Rendement brut des immobilisations,%,20.0781
Coca-Cola,2025-12-31,2025,FY,USD,Performance,Rentabilité économique,REND_RES_STABLE,Rendement brut des ressources stables,%,17.7315
Coca-Cola,2025-12-31,2025,FY,USD,Performance,Rentabilité d'exploitation,MARGE_BRUTE_EXPL,Marge brute d'exploitation,%,30.8963
Coca-Cola,2025-12-31,2025,FY,USD,Performance,Rentabilité d'exploitation,MARGE_BENEF_EXPL,Marge bénéficiaire d'exploitation,%,28.7061
Coca-Cola,2025-12-31,2025,FY,USD,Performance,Rentabilité opérationnelle,REND_GLOBAL_NET,Rendement global net,%,12.5334
Coca-Cola,2025-12-31,2025,FY,USD,Performance,Rentabilité opérationnelle,CREATION_VALEUR,Création de valeur annuelle,montant,7079.2
Coca-Cola,2025-12-31,2025,FY,USD,Performance,Rentabilité opérationnelle,REND_PRODUCTION,Rendement de la production,%,
Coca-Cola,2025-12-31,2025,FY,USD,Performance,Rentabilité opérationnelle,ROT_STOCKS,Ratio de rotation des stocks,x,
Coca-Cola,2025-12-31,2025,FY,USD,Performance,Rentabilité opérationnelle,PROFIT_OP,Profit opérationnel,montant,13762.0
Coca-Cola,2025-12-31,2025,FY,USD,Performance,Rentabilité financière,ROE,Rentabilité des capitaux propres (ROE),%,38.3282
Coca-Cola,2025-12-31,2025,FY,USD,Performance,Rentabilité financière,ROI,Retour sur investissement (ROI),%,12.5334
Coca-Cola,2025-12-31,2025,FY,USD,Performance,Rentabilité financière,PERF_PLACEMENT,Performance placement,%,
DELICE,2015-12-31,2015,FY,TND,Solidité,Liquidités,LIQ_GEN,Ratio de liquidité générale,x,18.2686
DELICE,2015-12-31,2015,FY,TND,Solidité,Liquidités,LIQ_RED,Ratio de liquidité réduite,x,18.2686
DELICE,2015-12-31,2015,FY,TND,Solidité,Liquidités,LIQ_IMM,Ratio de liquidité immédiate,x,
DELICE,2015-12-31,2015,FY,TND,Solidité,Liquidités,INT_DEF_RED,Intervalle défensif réduit,j,
DELICE,2015-12-31,2015,FY,TND,Solidité,Liquidités,INT_DEF,Intervalle défensif,j,
DELICE,2015-12-31,2015,FY,TND,Solidité,Liquidités,RFR,Ratio de fonds de roulement,%,-88.2673
DELICE,2015-12-31,2015,FY,TND,Solidité,Liquidités,RBFR,Ratio de besoin en fonds de roulement,%,-0.0232
DELICE,2015-12-31,2015,FY,TND,Solidité,Gestion des actifs,LEV_ECO,Ratio du levier économique,x,22.0713
DELICE,2015-12-31,2015,FY,TND,Solidité,Gestion des actifs,POIDS_IMMO,Poids des immobilisations,%,92.798
DELICE,2015-12-31,2015,FY,TND,Solidité,Gestion des actifs,FIN_IMMO,Financement des immobilisations,x,0.0488
DELICE,2015-12-31,2015,FY,TND,Solidité,Gestion des actifs,VETUSTE,Vétusté de l'actif,%,29.9973
DELICE,2015-12-31,2015,FY,TND,Solidité,Gestion des passifs,ENDET_GLOB,Ratio d'endettement global,%,0.2294
DELICE,2015-12-31,2015,FY,TND,Solidité,Gestion des passifs,ENDET_TERME,Ratio d'endettement à terme,%,0.0
DELICE,2015-12-31,2015,FY,TND,Solidité,Gestion des passifs,INDEP_FIN,Ratio d'indépendance financière,%,4.5308
DELICE,2015-12-31,2015,FY,TND,Solidité,Gestion des passifs,COUV_CF,Couverture des charges financières,x,
DELICE,2015-12-31,2015,FY,TND,Solidité,Gestion des passifs,POIDS_CF,Poids des charges financières,%,0.0
DELICE,2015-12-31,2015,FY,TND,Solidité,Gestion des passifs,AUTO_FIN,Ratio d'autonomie financière,x,19.7499
DELICE,2015-12-31,2015,FY,TND,Solidité,Gestion des passifs,SOLVA,Ratio de solvabilité,x,435.9072
DELICE,2015-12-31,2015,FY,TND,Solidité,Ressources humaines,EFF_BRUT_RH,Efficacité brute des RH,x,
DELICE,2015-12-31,2015,FY,TND,Solidité,Ressources humaines,EFF_NET_RH,Efficacité nette des RH,x,85.6278
DELICE,2015-12-31,2015,FY,TND,Solidité,Gestion des risques,CONAN_HOLDER,Score de Conan & Holder,score,
DELICE,2015-12-31,2015,FY,TND,Solidité,Gestion des risques,RISQ_PLACEMENT,Risque de placement,%,2.7601
DELICE,2015-12-31,2015,FY,TND,Solidité,Gestion des risques,RISQ_COMMERCIAL,Risque commercial,%,
DELICE,2015-12-31,2015,FY,TND,Solidité,Gestion des risques,CREDIT_FOURN,Crédits moyens fournisseurs,j,
DELICE,2015-12-31,2015,FY,TND,Solidité,Gestion des risques,CREDIT_CLIENT,Crédits moyens clients,j,
DELICE,2015-12-31,2015,FY,TND,Performance,Rentabilité commerciale,RENT_COM,Rentabilité commerciale,%,96.6155
DELICE,2015-12-31,2015,FY,TND,Performance,Rentabilité commerciale,MARGE_NETTE,Ratio de la marge nette,%,101.9187
DELICE,2015-12-31,2015,FY,TND,Performance,Rentabilité commerciale,TAUX_MARQUE,Taux de marque,%,
DELICE,2015-12-31,2015,FY,TND,Performance,Rentabilité commerciale,ROT_CAP,Rotation des capitaux échangés,x,0.9812
DELICE,2015-12-31,2015,FY,TND,Performance,Rentabilité économique,ROA,Rendement de l'actif (ROA),%,4.5308
DELICE,2015-12-31,2015,FY,TND,Performance,Rentabilité économique,ROCE,Rentabilité du capital investi (ROCE),%,94.7966
DELICE,2015-12-31,2015,FY,TND,Performance,Rentabilité économique,REND_IMMO,Rendement brut des immobilisations,%,4.6285
DELICE,2015-12-31,2015,FY,TND,Performance,Rentabilité économique,REND_RES_STABLE,Rendement brut des ressources stables,%,94.7994
DELICE,2015-12-31,2015,FY,TND,Performance,Rentabilité d'exploitation,MARGE_BRUTE_EXPL,Marge brute d'exploitation,%,96.6183
DELICE,2015-12-31,2015,FY,TND,Performance,Rentabilité d'exploitation,MARGE_BENEF_EXPL,Marge bénéficiaire d'exploitation,%,96.6155
DELICE,2015-12-31,2015,FY,TND,Performance,Rentabilité opérationnelle,REND_GLOBAL_NET,Rendement global net,%,4.5308
DELICE,2015-12-31,2015,FY,TND,Performance,Rentabilité opérationnelle,CREATION_VALEUR,Création de valeur annuelle,montant,23508984.6
DELICE,2015-12-31,2015,FY,TND,Performance,Rentabilité opérationnelle,REND_PRODUCTION,Rendement de la production,%,
DELICE,2015-12-31,2015,FY,TND,Performance,Rentabilité opérationnelle,ROT_STOCKS,Ratio de rotation des stocks,x,
DELICE,2015-12-31,2015,FY,TND,Performance,Rentabilité opérationnelle,PROFIT_OP,Profit opérationnel,montant,25675795.0
DELICE,2015-12-31,2015,FY,TND,Performance,Rentabilité financière,ROE,Rentabilité des capitaux propres (ROE),%,100.0
DELICE,2015-12-31,2015,FY,TND,Performance,Rentabilité financière,ROI,Retour sur investissement (ROI),%,4.5308
DELICE,2015-12-31,2015,FY,TND,Performance,Rentabilité financière,PERF_PLACEMENT,Performance placement,%,9.7033
DELICE,2016-12-31,2016,FY,TND,Solidité,Liquidités,LIQ_GEN,Ratio de liquidité générale,x,48.8864
DELICE,2016-12-31,2016,FY,TND,Solidité,Liquidités,LIQ_RED,Ratio de liquidité réduite,x,48.8864
DELICE,2016-12-31,2016,FY,TND,Solidité,Liquidités,LIQ_IMM,Ratio de liquidité immédiate,x,
DELICE,2016-12-31,2016,FY,TND,Solidité,Liquidités,INT_DEF_RED,Intervalle défensif réduit,j,
DELICE,2016-12-31,2016,FY,TND,Solidité,Liquidités,INT_DEF,Intervalle défensif,j,
DELICE,2016-12-31,2016,FY,TND,Solidité,Liquidités,RFR,Ratio de fonds de roulement,%,-92.1048
DELICE,2016-12-31,2016,FY,TND,Solidité,Liquidités,RBFR,Ratio de besoin en fonds de roulement,%,-0.2437
DELICE,2016-12-31,2016,FY,TND,Solidité,Gestion des actifs,LEV_ECO,Ratio du levier économique,x,24.9716
DELICE,2016-12-31,2016,FY,TND,Solidité,Gestion des actifs,POIDS_IMMO,Poids des immobilisations,%,96.1093
DELICE,2016-12-31,2016,FY,TND,Solidité,Gestion des actifs,FIN_IMMO,Financement des immobilisations,x,0.0417
DELICE,2016-12-31,2016,FY,TND,Solidité,Gestion des actifs,VETUSTE,Vétusté de l'actif,%,9.7851
DELICE,2016-12-31,2016,FY,TND,Solidité,Gestion des passifs,ENDET_GLOB,Ratio d'endettement global,%,0.0796
DELICE,2016-12-31,2016,FY,TND,Solidité,Gestion des passifs,ENDET_TERME,Ratio d'endettement à terme,%,0.0
DELICE,2016-12-31,2016,FY,TND,Solidité,Gestion des passifs,INDEP_FIN,Ratio d'indépendance financière,%,4.0046
DELICE,2016-12-31,2016,FY,TND,Solidité,Gestion des passifs,COUV_CF,Couverture des charges financières,x,
DELICE,2016-12-31,2016,FY,TND,Solidité,Gestion des passifs,POIDS_CF,Poids des charges financières,%,
DELICE,2016-12-31,2016,FY,TND,Solidité,Gestion des passifs,AUTO_FIN,Ratio d'autonomie financière,x,50.3172
DELICE,2016-12-31,2016,FY,TND,Solidité,Gestion des passifs,SOLVA,Ratio de solvabilité,x,1256.499
DELICE,2016-12-31,2016,FY,TND,Solidité,Ressources humaines,EFF_BRUT_RH,Efficacité brute des RH,x,
DELICE,2016-12-31,2016,FY,TND,Solidité,Ressources humaines,EFF_NET_RH,Efficacité nette des RH,x,68.1501
DELICE,2016-12-31,2016,FY,TND,Solidité,Gestion des risques,CONAN_HOLDER,Score de Conan & Holder,score,
DELICE,2016-12-31,2016,FY,TND,Solidité,Gestion des risques,RISQ_PLACEMENT,Risque de placement,%,2.6849
DELICE,2016-12-31,2016,FY,TND,Solidité,Gestion des risques,RISQ_COMMERCIAL,Risque commercial,%,
DELICE,2016-12-31,2016,FY,TND,Solidité,Gestion des risques,CREDIT_FOURN,Crédits moyens fournisseurs,j,
DELICE,2016-12-31,2016,FY,TND,Solidité,Gestion des risques,CREDIT_CLIENT,Crédits moyens clients,j,
DELICE,2016-12-31,2016,FY,TND,Performance,Rentabilité commerciale,RENT_COM,Rentabilité commerciale,%,95.3457
DELICE,2016-12-31,2016,FY,TND,Performance,Rentabilité commerciale,MARGE_NETTE,Ratio de la marge nette,%,86.232
DELICE,2016-12-31,2016,FY,TND,Performance,Rentabilité commerciale,TAUX_MARQUE,Taux de marque,%,
DELICE,2016-12-31,2016,FY,TND,Performance,Rentabilité commerciale,ROT_CAP,Rotation des capitaux échangés,x,1.1597
DELICE,2016-12-31,2016,FY,TND,Performance,Rentabilité économique,ROA,Rendement de l'actif (ROA),%,4.0046
DELICE,2016-12-31,2016,FY,TND,Performance,Rentabilité économique,ROCE,Rentabilité du capital investi (ROCE),%,110.5688
DELICE,2016-12-31,2016,FY,TND,Performance,Rentabilité économique,REND_IMMO,Rendement brut des immobilisations,%,4.6087
DELICE,2016-12-31,2016,FY,TND,Performance,Rentabilité économique,REND_RES_STABLE,Rendement brut des ressources stables,%,110.6078
DELICE,2016-12-31,2016,FY,TND,Performance,Rentabilité d'exploitation,MARGE_BRUTE_EXPL,Marge brute d'exploitation,%,95.3793
DELICE,2016-12-31,2016,FY,TND,Performance,Rentabilité d'exploitation,MARGE_BENEF_EXPL,Marge bénéficiaire d'exploitation,%,95.3457
DELICE,2016-12-31,2016,FY,TND,Performance,Rentabilité opérationnelle,REND_GLOBAL_NET,Rendement global net,%,4.0046
DELICE,2016-12-31,2016,FY,TND,Performance,Rentabilité opérationnelle,CREATION_VALEUR,Création de valeur annuelle,montant,23712291.24
DELICE,2016-12-31,2016,FY,TND,Performance,Rentabilité opérationnelle,REND_PRODUCTION,Rendement de la production,%,
DELICE,2016-12-31,2016,FY,TND,Performance,Rentabilité opérationnelle,ROT_STOCKS,Ratio de rotation des stocks,x,
DELICE,2016-12-31,2016,FY,TND,Performance,Rentabilité opérationnelle,PROFIT_OP,Profit opérationnel,montant,25561765.0
DELICE,2016-12-31,2016,FY,TND,Performance,Rentabilité financière,ROE,Rentabilité des capitaux propres (ROE),%,100.0
DELICE,2016-12-31,2016,FY,TND,Performance,Rentabilité financière,ROI,Retour sur investissement (ROI),%,4.0046
DELICE,2016-12-31,2016,FY,TND,Performance,Rentabilité financière,PERF_PLACEMENT,Performance placement,%,5.5308
DELICE,2017-12-31,2017,FY,TND,Solidité,Liquidités,LIQ_GEN,Ratio de liquidité générale,x,21.6125
DELICE,2017-12-31,2017,FY,TND,Solidité,Liquidités,LIQ_RED,Ratio de liquidité réduite,x,21.6125
DELICE,2017-12-31,2017,FY,TND,Solidité,Liquidités,LIQ_IMM,Ratio de liquidité immédiate,x,
DELICE,2017-12-31,2017,FY,TND,Solidité,Liquidités,INT_DEF_RED,Intervalle défensif réduit,j,
DELICE,2017-12-31,2017,FY,TND,Solidité,Liquidités,INT_DEF,Intervalle défensif,j,
DELICE,2017-12-31,2017,FY,TND,Solidité,Liquidités,RFR,Ratio de fonds de roulement,%,-91.9641
DELICE,2017-12-31,2017,FY,TND,Solidité,Liquidités,RBFR,Ratio de besoin en fonds de roulement,%,-0.303
DELICE,2017-12-31,2017,FY,TND,Solidité,Gestion des actifs,LEV_ECO,Ratio du levier économique,x,24.4677
DELICE,2017-12-31,2017,FY,TND,Solidité,Gestion des actifs,POIDS_IMMO,Poids des immobilisations,%,96.0511
DELICE,2017-12-31,2017,FY,TND,Solidité,Gestion des actifs,FIN_IMMO,Financement des immobilisations,x,0.0426
DELICE,2017-12-31,2017,FY,TND,Solidité,Gestion des actifs,VETUSTE,Vétusté de l'actif,%,26.2543
DELICE,2017-12-31,2017,FY,TND,Solidité,Gestion des passifs,ENDET_GLOB,Ratio d'endettement global,%,0.1827
DELICE,2017-12-31,2017,FY,TND,Solidité,Gestion des passifs,ENDET_TERME,Ratio d'endettement à terme,%,0.0
DELICE,2017-12-31,2017,FY,TND,Solidité,Gestion des passifs,INDEP_FIN,Ratio d'indépendance financière,%,4.087
DELICE,2017-12-31,2017,FY,TND,Solidité,Gestion des passifs,COUV_CF,Couverture des charges financières,x,
DELICE,2017-12-31,2017,FY,TND,Solidité,Gestion des passifs,POIDS_CF,Poids des charges financières,%,
DELICE,2017-12-31,2017,FY,TND,Solidité,Gestion des passifs,AUTO_FIN,Ratio d'autonomie financière,x,22.3686
DELICE,2017-12-31,2017,FY,TND,Solidité,Gestion des passifs,SOLVA,Ratio de solvabilité,x,547.3074
DELICE,2017-12-31,2017,FY,TND,Solidité,Ressources humaines,EFF_BRUT_RH,Efficacité brute des RH,x,
DELICE,2017-12-31,2017,FY,TND,Solidité,Ressources humaines,EFF_NET_RH,Efficacité nette des RH,x,43.2029
DELICE,2017-12-31,2017,FY,TND,Solidité,Gestion des risques,CONAN_HOLDER,Score de Conan & Holder,score,
DELICE,2017-12-31,2017,FY,TND,Solidité,Gestion des risques,RISQ_PLACEMENT,Risque de placement,%,3.198
DELICE,2017-12-31,2017,FY,TND,Solidité,Gestion des risques,RISQ_COMMERCIAL,Risque commercial,%,
DELICE,2017-12-31,2017,FY,TND,Solidité,Gestion des risques,CREDIT_FOURN,Crédits moyens fournisseurs,j,
DELICE,2017-12-31,2017,FY,TND,Solidité,Gestion des risques,CREDIT_CLIENT,Crédits moyens clients,j,
DELICE,2017-12-31,2017,FY,TND,Performance,Rentabilité commerciale,RENT_COM,Rentabilité commerciale,%,96.9238
DELICE,2017-12-31,2017,FY,TND,Performance,Rentabilité commerciale,MARGE_NETTE,Ratio de la marge nette,%,100.0496
DELICE,2017-12-31,2017,FY,TND,Performance,Rentabilité commerciale,TAUX_MARQUE,Taux de marque,%,
DELICE,2017-12-31,2017,FY,TND,Performance,Rentabilité commerciale,ROT_CAP,Rotation des capitaux échangés,x,0.9995
DELICE,2017-12-31,2017,FY,TND,Performance,Rentabilité économique,ROA,Rendement de l'actif (ROA),%,4.087
DELICE,2017-12-31,2017,FY,TND,Performance,Rentabilité économique,ROCE,Rentabilité du capital investi (ROCE),%,96.8757
DELICE,2017-12-31,2017,FY,TND,Performance,Rentabilité économique,REND_IMMO,Rendement brut des immobilisations,%,4.128
DELICE,2017-12-31,2017,FY,TND,Performance,Rentabilité économique,REND_RES_STABLE,Rendement brut des ressources stables,%,97.0135
DELICE,2017-12-31,2017,FY,TND,Performance,Rentabilité d'exploitation,MARGE_BRUTE_EXPL,Marge brute d'exploitation,%,97.0617
DELICE,2017-12-31,2017,FY,TND,Performance,Rentabilité d'exploitation,MARGE_BENEF_EXPL,Marge bénéficiaire d'exploitation,%,96.9238
DELICE,2017-12-31,2017,FY,TND,Performance,Rentabilité opérationnelle,REND_GLOBAL_NET,Rendement global net,%,4.087
DELICE,2017-12-31,2017,FY,TND,Performance,Rentabilité opérationnelle,CREATION_VALEUR,Création de valeur annuelle,montant,21012604.48
DELICE,2017-12-31,2017,FY,TND,Performance,Rentabilité opérationnelle,REND_PRODUCTION,Rendement de la production,%,
DELICE,2017-12-31,2017,FY,TND,Performance,Rentabilité opérationnelle,ROT_STOCKS,Ratio de rotation des stocks,x,
DELICE,2017-12-31,2017,FY,TND,Performance,Rentabilité opérationnelle,PROFIT_OP,Profit opérationnel,montant,22904020.0
DELICE,2017-12-31,2017,FY,TND,Performance,Rentabilité financière,ROE,Rentabilité des capitaux propres (ROE),%,100.0
DELICE,2017-12-31,2017,FY,TND,Performance,Rentabilité financière,ROI,Retour sur investissement (ROI),%,4.087
DELICE,2017-12-31,2017,FY,TND,Performance,Rentabilité financière,PERF_PLACEMENT,Performance placement,%,4.2548
DELICE,2018-12-31,2018,FY,TND,Solidité,Liquidités,LIQ_GEN,Ratio de liquidité générale,x,1.2091
DELICE,2018-12-31,2018,FY,TND,Solidité,Liquidités,LIQ_RED,Ratio de liquidité réduite,x,0.7142
DELICE,2018-12-31,2018,FY,TND,Solidité,Liquidités,LIQ_IMM,Ratio de liquidité immédiate,x,
DELICE,2018-12-31,2018,FY,TND,Solidité,Liquidités,INT_DEF_RED,Intervalle défensif réduit,j,
DELICE,2018-12-31,2018,FY,TND,Solidité,Liquidités,INT_DEF,Intervalle défensif,j,
DELICE,2018-12-31,2018,FY,TND,Solidité,Liquidités,RFR,Ratio de fonds de roulement,%,-41.7949
DELICE,2018-12-31,2018,FY,TND,Solidité,Liquidités,RBFR,Ratio de besoin en fonds de roulement,%,3.8675
DELICE,2018-12-31,2018,FY,TND,Solidité,Gestion des actifs,LEV_ECO,Ratio du levier économique,x,17.0579
DELICE,2018-12-31,2018,FY,TND,Solidité,Gestion des actifs,POIDS_IMMO,Poids des immobilisations,%,50.888
DELICE,2018-12-31,2018,FY,TND,Solidité,Gestion des actifs,FIN_IMMO,Financement des immobilisations,x,0.1787
DELICE,2018-12-31,2018,FY,TND,Solidité,Gestion des actifs,VETUSTE,Vétusté de l'actif,%,0.0
DELICE,2018-12-31,2018,FY,TND,Solidité,Gestion des passifs,ENDET_GLOB,Ratio d'endettement global,%,65.4059
DELICE,2018-12-31,2018,FY,TND,Solidité,Gestion des passifs,ENDET_TERME,Ratio d'endettement à terme,%,55.1107
DELICE,2018-12-31,2018,FY,TND,Solidité,Gestion des passifs,INDEP_FIN,Ratio d'indépendance financière,%,5.8624
DELICE,2018-12-31,2018,FY,TND,Solidité,Gestion des passifs,COUV_CF,Couverture des charges financières,x,
DELICE,2018-12-31,2018,FY,TND,Solidité,Gestion des passifs,POIDS_CF,Poids des charges financières,%,
DELICE,2018-12-31,2018,FY,TND,Solidité,Gestion des passifs,AUTO_FIN,Ratio d'autonomie financière,x,0.0896
DELICE,2018-12-31,2018,FY,TND,Solidité,Gestion des passifs,SOLVA,Ratio de solvabilité,x,1.5289
DELICE,2018-12-31,2018,FY,TND,Solidité,Ressources humaines,EFF_BRUT_RH,Efficacité brute des RH,x,
DELICE,2018-12-31,2018,FY,TND,Solidité,Ressources humaines,EFF_NET_RH,Efficacité nette des RH,x,
DELICE,2018-12-31,2018,FY,TND,Solidité,Gestion des risques,CONAN_HOLDER,Score de Conan & Holder,score,
DELICE,2018-12-31,2018,FY,TND,Solidité,Gestion des risques,RISQ_PLACEMENT,Risque de placement,%,7.0618
DELICE,2018-12-31,2018,FY,TND,Solidité,Gestion des risques,RISQ_COMMERCIAL,Risque commercial,%,3.8192
DELICE,2018-12-31,2018,FY,TND,Solidité,Gestion des risques,CREDIT_FOURN,Crédits moyens fournisseurs,j,
DELICE,2018-12-31,2018,FY,TND,Solidité,Gestion des risques,CREDIT_CLIENT,Crédits moyens clients,j,11.7143
DELICE,2018-12-31,2018,FY,TND,Performance,Rentabilité commerciale,RENT_COM,Rentabilité commerciale,%,5.7069
DELICE,2018-12-31,2018,FY,TND,Performance,Rentabilité commerciale,MARGE_NETTE,Ratio de la marge nette,%,3.5588
DELICE,2018-12-31,2018,FY,TND,Performance,Rentabilité commerciale,TAUX_MARQUE,Taux de marque,%,
DELICE,2018-12-31,2018,FY,TND,Performance,Rentabilité commerciale,ROT_CAP,Rotation des capitaux échangés,x,27.337
DELICE,2018-12-31,2018,FY,TND,Performance,Rentabilité économique,ROA,Rendement de l'actif (ROA),%,5.7033
DELICE,2018-12-31,2018,FY,TND,Performance,Rentabilité économique,ROCE,Rentabilité du capital investi (ROCE),%,100.5791
DELICE,2018-12-31,2018,FY,TND,Performance,Rentabilité économique,REND_IMMO,Rendement brut des immobilisations,%,
DELICE,2018-12-31,2018,FY,TND,Performance,Rentabilité économique,REND_RES_STABLE,Rendement brut des ressources stables,%,
DELICE,2018-12-31,2018,FY,TND,Performance,Rentabilité d'exploitation,MARGE_BRUTE_EXPL,Marge brute d'exploitation,%,
DELICE,2018-12-31,2018,FY,TND,Performance,Rentabilité d'exploitation,MARGE_BENEF_EXPL,Marge bénéficiaire d'exploitation,%,5.7069
DELICE,2018-12-31,2018,FY,TND,Performance,Rentabilité opérationnelle,REND_GLOBAL_NET,Rendement global net,%,5.7033
DELICE,2018-12-31,2018,FY,TND,Performance,Rentabilité opérationnelle,CREATION_VALEUR,Création de valeur annuelle,montant,44360324.08
DELICE,2018-12-31,2018,FY,TND,Performance,Rentabilité opérationnelle,REND_PRODUCTION,Rendement de la production,%,
DELICE,2018-12-31,2018,FY,TND,Performance,Rentabilité opérationnelle,ROT_STOCKS,Ratio de rotation des stocks,x,
DELICE,2018-12-31,2018,FY,TND,Performance,Rentabilité opérationnelle,PROFIT_OP,Profit opérationnel,montant,48193614.0
DELICE,2018-12-31,2018,FY,TND,Performance,Rentabilité financière,ROE,Rentabilité des capitaux propres (ROE),%,97.2859
DELICE,2018-12-31,2018,FY,TND,Performance,Rentabilité financière,ROI,Retour sur investissement (ROI),%,5.7033
DELICE,2018-12-31,2018,FY,TND,Performance,Rentabilité financière,PERF_PLACEMENT,Performance placement,%,
DELICE,2019-12-31,2019,FY,TND,Solidité,Liquidités,LIQ_GEN,Ratio de liquidité générale,x,1.2415
DELICE,2019-12-31,2019,FY,TND,Solidité,Liquidités,LIQ_RED,Ratio de liquidité réduite,x,0.7241
DELICE,2019-12-31,2019,FY,TND,Solidité,Liquidités,LIQ_IMM,Ratio de liquidité immédiate,x,
DELICE,2019-12-31,2019,FY,TND,Solidité,Liquidités,INT_DEF_RED,Intervalle défensif réduit,j,
DELICE,2019-12-31,2019,FY,TND,Solidité,Liquidités,INT_DEF,Intervalle défensif,j,
DELICE,2019-12-31,2019,FY,TND,Solidité,Liquidités,RFR,Ratio de fonds de roulement,%,-39.3649
DELICE,2019-12-31,2019,FY,TND,Solidité,Liquidités,RBFR,Ratio de besoin en fonds de roulement,%,5.4672
DELICE,2019-12-31,2019,FY,TND,Solidité,Gestion des actifs,LEV_ECO,Ratio du levier économique,x,13.7745
DELICE,2019-12-31,2019,FY,TND,Solidité,Gestion des actifs,POIDS_IMMO,Poids des immobilisations,%,49.7324
DELICE,2019-12-31,2019,FY,TND,Solidité,Gestion des actifs,FIN_IMMO,Financement des immobilisations,x,0.2085
DELICE,2019-12-31,2019,FY,TND,Solidité,Gestion des actifs,VETUSTE,Vétusté de l'actif,%,0.0
DELICE,2019-12-31,2019,FY,TND,Solidité,Gestion des passifs,ENDET_GLOB,Ratio d'endettement global,%,67.0792
DELICE,2019-12-31,2019,FY,TND,Solidité,Gestion des passifs,ENDET_TERME,Ratio d'endettement à terme,%,42.8074
DELICE,2019-12-31,2019,FY,TND,Solidité,Gestion des passifs,INDEP_FIN,Ratio d'indépendance financière,%,7.2598
DELICE,2019-12-31,2019,FY,TND,Solidité,Gestion des passifs,COUV_CF,Couverture des charges financières,x,
DELICE,2019-12-31,2019,FY,TND,Solidité,Gestion des passifs,POIDS_CF,Poids des charges financières,%,
DELICE,2019-12-31,2019,FY,TND,Solidité,Gestion des passifs,AUTO_FIN,Ratio d'autonomie financière,x,0.1082
DELICE,2019-12-31,2019,FY,TND,Solidité,Gestion des passifs,SOLVA,Ratio de solvabilité,x,1.4908
DELICE,2019-12-31,2019,FY,TND,Solidité,Ressources humaines,EFF_BRUT_RH,Efficacité brute des RH,x,
DELICE,2019-12-31,2019,FY,TND,Solidité,Ressources humaines,EFF_NET_RH,Efficacité nette des RH,x,
DELICE,2019-12-31,2019,FY,TND,Solidité,Gestion des risques,CONAN_HOLDER,Score de Conan & Holder,score,
DELICE,2019-12-31,2019,FY,TND,Solidité,Gestion des risques,RISQ_PLACEMENT,Risque de placement,%,1.5948
DELICE,2019-12-31,2019,FY,TND,Solidité,Gestion des risques,RISQ_COMMERCIAL,Risque commercial,%,3.188
DELICE,2019-12-31,2019,FY,TND,Solidité,Gestion des risques,CREDIT_FOURN,Crédits moyens fournisseurs,j,
DELICE,2019-12-31,2019,FY,TND,Solidité,Gestion des risques,CREDIT_CLIENT,Crédits moyens clients,j,9.7784
DELICE,2019-12-31,2019,FY,TND,Performance,Rentabilité commerciale,RENT_COM,Rentabilité commerciale,%,6.2097
DELICE,2019-12-31,2019,FY,TND,Performance,Rentabilité commerciale,MARGE_NETTE,Ratio de la marge nette,%,4.4555
DELICE,2019-12-31,2019,FY,TND,Performance,Rentabilité commerciale,TAUX_MARQUE,Taux de marque,%,
DELICE,2019-12-31,2019,FY,TND,Performance,Rentabilité commerciale,ROT_CAP,Rotation des capitaux échangés,x,20.7473
DELICE,2019-12-31,2019,FY,TND,Performance,Rentabilité économique,ROA,Rendement de l'actif (ROA),%,6.7109
DELICE,2019-12-31,2019,FY,TND,Performance,Rentabilité économique,ROCE,Rentabilité du capital investi (ROCE),%,90.2161
DELICE,2019-12-31,2019,FY,TND,Performance,Rentabilité économique,REND_IMMO,Rendement brut des immobilisations,%,
DELICE,2019-12-31,2019,FY,TND,Performance,Rentabilité économique,REND_RES_STABLE,Rendement brut des ressources stables,%,
DELICE,2019-12-31,2019,FY,TND,Performance,Rentabilité d'exploitation,MARGE_BRUTE_EXPL,Marge brute d'exploitation,%,
DELICE,2019-12-31,2019,FY,TND,Performance,Rentabilité d'exploitation,MARGE_BENEF_EXPL,Marge bénéficiaire d'exploitation,%,6.2097
DELICE,2019-12-31,2019,FY,TND,Performance,Rentabilité opérationnelle,REND_GLOBAL_NET,Rendement global net,%,6.7109
DELICE,2019-12-31,2019,FY,TND,Performance,Rentabilité opérationnelle,CREATION_VALEUR,Création de valeur annuelle,montant,54630409.4
DELICE,2019-12-31,2019,FY,TND,Performance,Rentabilité opérationnelle,REND_PRODUCTION,Rendement de la production,%,
DELICE,2019-12-31,2019,FY,TND,Performance,Rentabilité opérationnelle,ROT_STOCKS,Ratio de rotation des stocks,x,
DELICE,2019-12-31,2019,FY,TND,Performance,Rentabilité opérationnelle,PROFIT_OP,Profit opérationnel,montant,59946199.0
DELICE,2019-12-31,2019,FY,TND,Performance,Rentabilité financière,ROE,Rentabilité des capitaux propres (ROE),%,92.4389
DELICE,2019-12-31,2019,FY,TND,Performance,Rentabilité financière,ROI,Retour sur investissement (ROI),%,6.7109
DELICE,2019-12-31,2019,FY,TND,Performance,Rentabilité financière,PERF_PLACEMENT,Performance placement,%,
DELICE,2020-12-31,2020,FY,TND,Solidité,Liquidités,LIQ_GEN,Ratio de liquidité générale,x,14.2269
DELICE,2020-12-31,2020,FY,TND,Solidité,Liquidités,LIQ_RED,Ratio de liquidité réduite,x,14.2269
DELICE,2020-12-31,2020,FY,TND,Solidité,Liquidités,LIQ_IMM,Ratio de liquidité immédiate,x,
DELICE,2020-12-31,2020,FY,TND,Solidité,Liquidités,INT_DEF_RED,Intervalle défensif réduit,j,
DELICE,2020-12-31,2020,FY,TND,Solidité,Liquidités,INT_DEF,Intervalle défensif,j,
DELICE,2020-12-31,2020,FY,TND,Solidité,Liquidités,RFR,Ratio de fonds de roulement,%,-92.5091
DELICE,2020-12-31,2020,FY,TND,Solidité,Liquidités,RBFR,Ratio de besoin en fonds de roulement,%,9.4281
DELICE,2020-12-31,2020,FY,TND,Solidité,Gestion des actifs,LEV_ECO,Ratio du levier économique,x,27.182
DELICE,2020-12-31,2020,FY,TND,Solidité,Gestion des actifs,POIDS_IMMO,Poids des immobilisations,%,96.2224
DELICE,2020-12-31,2020,FY,TND,Solidité,Gestion des actifs,FIN_IMMO,Financement des immobilisations,x,0.0386
DELICE,2020-12-31,2020,FY,TND,Solidité,Gestion des actifs,VETUSTE,Vétusté de l'actif,%,38.5628
DELICE,2020-12-31,2020,FY,TND,Solidité,Gestion des passifs,ENDET_GLOB,Ratio d'endettement global,%,96.3211
DELICE,2020-12-31,2020,FY,TND,Solidité,Gestion des passifs,ENDET_TERME,Ratio d'endettement à terme,%,0.9371
DELICE,2020-12-31,2020,FY,TND,Solidité,Gestion des passifs,INDEP_FIN,Ratio d'indépendance financière,%,3.6789
DELICE,2020-12-31,2020,FY,TND,Solidité,Gestion des passifs,COUV_CF,Couverture des charges financières,x,
DELICE,2020-12-31,2020,FY,TND,Solidité,Gestion des passifs,POIDS_CF,Poids des charges financières,%,
DELICE,2020-12-31,2020,FY,TND,Solidité,Gestion des passifs,AUTO_FIN,Ratio d'autonomie financière,x,0.0382
DELICE,2020-12-31,2020,FY,TND,Solidité,Gestion des passifs,SOLVA,Ratio de solvabilité,x,1.0382
DELICE,2020-12-31,2020,FY,TND,Solidité,Ressources humaines,EFF_BRUT_RH,Efficacité brute des RH,x,
DELICE,2020-12-31,2020,FY,TND,Solidité,Ressources humaines,EFF_NET_RH,Efficacité nette des RH,x,9.3404
DELICE,2020-12-31,2020,FY,TND,Solidité,Gestion des risques,CONAN_HOLDER,Score de Conan & Holder,score,
DELICE,2020-12-31,2020,FY,TND,Solidité,Gestion des risques,RISQ_PLACEMENT,Risque de placement,%,1.5515
DELICE,2020-12-31,2020,FY,TND,Solidité,Gestion des risques,RISQ_COMMERCIAL,Risque commercial,%,9.5074
DELICE,2020-12-31,2020,FY,TND,Solidité,Gestion des risques,CREDIT_FOURN,Crédits moyens fournisseurs,j,
DELICE,2020-12-31,2020,FY,TND,Solidité,Gestion des risques,CREDIT_CLIENT,Crédits moyens clients,j,29.1615
DELICE,2020-12-31,2020,FY,TND,Performance,Rentabilité commerciale,RENT_COM,Rentabilité commerciale,%,92.9858
DELICE,2020-12-31,2020,FY,TND,Performance,Rentabilité commerciale,MARGE_NETTE,Ratio de la marge nette,%,95.4693
DELICE,2020-12-31,2020,FY,TND,Performance,Rentabilité commerciale,TAUX_MARQUE,Taux de marque,%,
DELICE,2020-12-31,2020,FY,TND,Performance,Rentabilité commerciale,ROT_CAP,Rotation des capitaux échangés,x,1.0475
DELICE,2020-12-31,2020,FY,TND,Performance,Rentabilité économique,ROA,Rendement de l'actif (ROA),%,3.6789
DELICE,2020-12-31,2020,FY,TND,Performance,Rentabilité économique,ROCE,Rentabilité du capital investi (ROCE),%,96.4943
DELICE,2020-12-31,2020,FY,TND,Performance,Rentabilité économique,REND_IMMO,Rendement brut des immobilisations,%,4.0217
DELICE,2020-12-31,2020,FY,TND,Performance,Rentabilité économique,REND_RES_STABLE,Rendement brut des ressources stables,%,104.2111
DELICE,2020-12-31,2020,FY,TND,Performance,Rentabilité d'exploitation,MARGE_BRUTE_EXPL,Marge brute d'exploitation,%,100.422
DELICE,2020-12-31,2020,FY,TND,Performance,Rentabilité d'exploitation,MARGE_BENEF_EXPL,Marge bénéficiaire d'exploitation,%,92.9858
DELICE,2020-12-31,2020,FY,TND,Performance,Rentabilité opérationnelle,REND_GLOBAL_NET,Rendement global net,%,3.6789
DELICE,2020-12-31,2020,FY,TND,Performance,Rentabilité opérationnelle,CREATION_VALEUR,Création de valeur annuelle,montant,19062826.12
DELICE,2020-12-31,2020,FY,TND,Performance,Rentabilité opérationnelle,REND_PRODUCTION,Rendement de la production,%,
DELICE,2020-12-31,2020,FY,TND,Performance,Rentabilité opérationnelle,ROT_STOCKS,Ratio de rotation des stocks,x,
DELICE,2020-12-31,2020,FY,TND,Performance,Rentabilité opérationnelle,PROFIT_OP,Profit opérationnel,montant,20786131.0
DELICE,2020-12-31,2020,FY,TND,Performance,Rentabilité financière,ROE,Rentabilité des capitaux propres (ROE),%,100.0
DELICE,2020-12-31,2020,FY,TND,Performance,Rentabilité financière,ROI,Retour sur investissement (ROI),%,3.6789
DELICE,2020-12-31,2020,FY,TND,Performance,Rentabilité financière,PERF_PLACEMENT,Performance placement,%,7.8354
DELICE,2021-12-31,2021,FY,TND,Solidité,Liquidités,LIQ_GEN,Ratio de liquidité générale,x,6.4057
DELICE,2021-12-31,2021,FY,TND,Solidité,Liquidités,LIQ_RED,Ratio de liquidité réduite,x,6.4057
DELICE,2021-12-31,2021,FY,TND,Solidité,Liquidités,LIQ_IMM,Ratio de liquidité immédiate,x,
DELICE,2021-12-31,2021,FY,TND,Solidité,Liquidités,INT_DEF_RED,Intervalle défensif réduit,j,
DELICE,2021-12-31,2021,FY,TND,Solidité,Liquidités,INT_DEF,Intervalle défensif,j,
DELICE,2021-12-31,2021,FY,TND,Solidité,Liquidités,RFR,Ratio de fonds de roulement,%,-93.4556
DELICE,2021-12-31,2021,FY,TND,Solidité,Liquidités,RBFR,Ratio de besoin en fonds de roulement,%,15.4939
DELICE,2021-12-31,2021,FY,TND,Solidité,Gestion des actifs,LEV_ECO,Ratio du levier économique,x,27.2673
DELICE,2021-12-31,2021,FY,TND,Solidité,Gestion des actifs,POIDS_IMMO,Poids des immobilisations,%,97.1858
DELICE,2021-12-31,2021,FY,TND,Solidité,Gestion des actifs,FIN_IMMO,Financement des immobilisations,x,0.0384
DELICE,2021-12-31,2021,FY,TND,Solidité,Gestion des actifs,VETUSTE,Vétusté de l'actif,%,44.5807
DELICE,2021-12-31,2021,FY,TND,Solidité,Gestion des passifs,ENDET_GLOB,Ratio d'endettement global,%,96.3326
DELICE,2021-12-31,2021,FY,TND,Solidité,Gestion des passifs,ENDET_TERME,Ratio d'endettement à terme,%,1.7129
DELICE,2021-12-31,2021,FY,TND,Solidité,Gestion des passifs,INDEP_FIN,Ratio d'indépendance financière,%,3.6674
DELICE,2021-12-31,2021,FY,TND,Solidité,Gestion des passifs,COUV_CF,Couverture des charges financières,x,
DELICE,2021-12-31,2021,FY,TND,Solidité,Gestion des passifs,POIDS_CF,Poids des charges financières,%,
DELICE,2021-12-31,2021,FY,TND,Solidité,Gestion des passifs,AUTO_FIN,Ratio d'autonomie financière,x,0.0381
DELICE,2021-12-31,2021,FY,TND,Solidité,Gestion des passifs,SOLVA,Ratio de solvabilité,x,1.0381
DELICE,2021-12-31,2021,FY,TND,Solidité,Ressources humaines,EFF_BRUT_RH,Efficacité brute des RH,x,
DELICE,2021-12-31,2021,FY,TND,Solidité,Ressources humaines,EFF_NET_RH,Efficacité nette des RH,x,6.0464
DELICE,2021-12-31,2021,FY,TND,Solidité,Gestion des risques,CONAN_HOLDER,Score de Conan & Holder,score,
DELICE,2021-12-31,2021,FY,TND,Solidité,Gestion des risques,RISQ_PLACEMENT,Risque de placement,%,0.3435
DELICE,2021-12-31,2021,FY,TND,Solidité,Gestion des risques,RISQ_COMMERCIAL,Risque commercial,%,16.393
DELICE,2021-12-31,2021,FY,TND,Solidité,Gestion des risques,CREDIT_FOURN,Crédits moyens fournisseurs,j,
DELICE,2021-12-31,2021,FY,TND,Solidité,Gestion des risques,CREDIT_CLIENT,Crédits moyens clients,j,50.2811
DELICE,2021-12-31,2021,FY,TND,Performance,Rentabilité commerciale,RENT_COM,Rentabilité commerciale,%,100.4291
DELICE,2021-12-31,2021,FY,TND,Performance,Rentabilité commerciale,MARGE_NETTE,Ratio de la marge nette,%,101.9736
DELICE,2021-12-31,2021,FY,TND,Performance,Rentabilité commerciale,TAUX_MARQUE,Taux de marque,%,
DELICE,2021-12-31,2021,FY,TND,Performance,Rentabilité commerciale,ROT_CAP,Rotation des capitaux échangés,x,0.9806
DELICE,2021-12-31,2021,FY,TND,Performance,Rentabilité économique,ROA,Rendement de l'actif (ROA),%,3.6674
DELICE,2021-12-31,2021,FY,TND,Performance,Rentabilité économique,ROCE,Rentabilité du capital investi (ROCE),%,96.8268
DELICE,2021-12-31,2021,FY,TND,Performance,Rentabilité économique,REND_IMMO,Rendement brut des immobilisations,%,3.8542
DELICE,2021-12-31,2021,FY,TND,Performance,Rentabilité économique,REND_RES_STABLE,Rendement brut des ressources stables,%,100.4165
DELICE,2021-12-31,2021,FY,TND,Performance,Rentabilité d'exploitation,MARGE_BRUTE_EXPL,Marge brute d'exploitation,%,104.1523
DELICE,2021-12-31,2021,FY,TND,Performance,Rentabilité d'exploitation,MARGE_BENEF_EXPL,Marge bénéficiaire d'exploitation,%,100.4291
DELICE,2021-12-31,2021,FY,TND,Performance,Rentabilité opérationnelle,REND_GLOBAL_NET,Rendement global net,%,3.6674
DELICE,2021-12-31,2021,FY,TND,Performance,Rentabilité opérationnelle,CREATION_VALEUR,Création de valeur annuelle,montant,19294901.92
DELICE,2021-12-31,2021,FY,TND,Performance,Rentabilité opérationnelle,REND_PRODUCTION,Rendement de la production,%,
DELICE,2021-12-31,2021,FY,TND,Performance,Rentabilité opérationnelle,ROT_STOCKS,Ratio de rotation des stocks,x,
DELICE,2021-12-31,2021,FY,TND,Performance,Rentabilité opérationnelle,PROFIT_OP,Profit opérationnel,montant,21032656.0
DELICE,2021-12-31,2021,FY,TND,Performance,Rentabilité financière,ROE,Rentabilité des capitaux propres (ROE),%,100.0
DELICE,2021-12-31,2021,FY,TND,Performance,Rentabilité financière,ROI,Retour sur investissement (ROI),%,3.6674
DELICE,2021-12-31,2021,FY,TND,Performance,Rentabilité financière,PERF_PLACEMENT,Performance placement,%,22.8047
DELICE,2022-12-31,2022,FY,TND,Solidité,Liquidités,LIQ_GEN,Ratio de liquidité générale,x,
DELICE,2022-12-31,2022,FY,TND,Solidité,Liquidités,LIQ_RED,Ratio de liquidité réduite,x,
DELICE,2022-12-31,2022,FY,TND,Solidité,Liquidités,LIQ_IMM,Ratio de liquidité immédiate,x,
DELICE,2022-12-31,2022,FY,TND,Solidité,Liquidités,INT_DEF_RED,Intervalle défensif réduit,j,
DELICE,2022-12-31,2022,FY,TND,Solidité,Liquidités,INT_DEF,Intervalle défensif,j,
DELICE,2022-12-31,2022,FY,TND,Solidité,Liquidités,RFR,Ratio de fonds de roulement,%,-93.6264
DELICE,2022-12-31,2022,FY,TND,Solidité,Liquidités,RBFR,Ratio de besoin en fonds de roulement,%,2.5129
DELICE,2022-12-31,2022,FY,TND,Solidité,Gestion des actifs,LEV_ECO,Ratio du levier économique,x,24.5092
DELICE,2022-12-31,2022,FY,TND,Solidité,Gestion des actifs,POIDS_IMMO,Poids des immobilisations,%,97.7841
DELICE,2022-12-31,2022,FY,TND,Solidité,Gestion des actifs,FIN_IMMO,Financement des immobilisations,x,0.0425
DELICE,2022-12-31,2022,FY,TND,Solidité,Gestion des actifs,VETUSTE,Vétusté de l'actif,%,57.2722
DELICE,2022-12-31,2022,FY,TND,Solidité,Gestion des passifs,ENDET_GLOB,Ratio d'endettement global,%,0.5825
DELICE,2022-12-31,2022,FY,TND,Solidité,Gestion des passifs,ENDET_TERME,Ratio d'endettement à terme,%,1.9023
DELICE,2022-12-31,2022,FY,TND,Solidité,Gestion des passifs,INDEP_FIN,Ratio d'indépendance financière,%,4.0801
DELICE,2022-12-31,2022,FY,TND,Solidité,Gestion des passifs,COUV_CF,Couverture des charges financières,x,
DELICE,2022-12-31,2022,FY,TND,Solidité,Gestion des passifs,POIDS_CF,Poids des charges financières,%,
DELICE,2022-12-31,2022,FY,TND,Solidité,Gestion des passifs,AUTO_FIN,Ratio d'autonomie financière,x,7.004
DELICE,2022-12-31,2022,FY,TND,Solidité,Gestion des passifs,SOLVA,Ratio de solvabilité,x,171.6616
DELICE,2022-12-31,2022,FY,TND,Solidité,Ressources humaines,EFF_BRUT_RH,Efficacité brute des RH,x,
DELICE,2022-12-31,2022,FY,TND,Solidité,Ressources humaines,EFF_NET_RH,Efficacité nette des RH,x,16.4672
DELICE,2022-12-31,2022,FY,TND,Solidité,Gestion des risques,CONAN_HOLDER,Score de Conan & Holder,score,
DELICE,2022-12-31,2022,FY,TND,Solidité,Gestion des risques,RISQ_PLACEMENT,Risque de placement,%,0.3609
DELICE,2022-12-31,2022,FY,TND,Solidité,Gestion des risques,RISQ_COMMERCIAL,Risque commercial,%,4.2984
DELICE,2022-12-31,2022,FY,TND,Solidité,Gestion des risques,CREDIT_FOURN,Crédits moyens fournisseurs,j,
DELICE,2022-12-31,2022,FY,TND,Solidité,Gestion des risques,CREDIT_CLIENT,Crédits moyens clients,j,13.1842
DELICE,2022-12-31,2022,FY,TND,Performance,Rentabilité commerciale,RENT_COM,Rentabilité commerciale,%,107.632
DELICE,2022-12-31,2022,FY,TND,Performance,Rentabilité commerciale,MARGE_NETTE,Ratio de la marge nette,%,101.5464
DELICE,2022-12-31,2022,FY,TND,Performance,Rentabilité commerciale,TAUX_MARQUE,Taux de marque,%,
DELICE,2022-12-31,2022,FY,TND,Performance,Rentabilité commerciale,ROT_CAP,Rotation des capitaux échangés,x,0.9848
DELICE,2022-12-31,2022,FY,TND,Performance,Rentabilité économique,ROA,Rendement de l'actif (ROA),%,4.0801
DELICE,2022-12-31,2022,FY,TND,Performance,Rentabilité économique,ROCE,Rentabilité du capital investi (ROCE),%,104.0143
DELICE,2022-12-31,2022,FY,TND,Performance,Rentabilité économique,REND_IMMO,Rendement brut des immobilisations,%,4.7373
DELICE,2022-12-31,2022,FY,TND,Performance,Rentabilité économique,REND_RES_STABLE,Rendement brut des ressources stables,%,111.4142
DELICE,2022-12-31,2022,FY,TND,Performance,Rentabilité d'exploitation,MARGE_BRUTE_EXPL,Marge brute d'exploitation,%,115.2893
DELICE,2022-12-31,2022,FY,TND,Performance,Rentabilité d'exploitation,MARGE_BENEF_EXPL,Marge bénéficiaire d'exploitation,%,107.632
DELICE,2022-12-31,2022,FY,TND,Performance,Rentabilité opérationnelle,REND_GLOBAL_NET,Rendement global net,%,4.0801
DELICE,2022-12-31,2022,FY,TND,Performance,Rentabilité opérationnelle,CREATION_VALEUR,Création de valeur annuelle,montant,23410152.76
DELICE,2022-12-31,2022,FY,TND,Performance,Rentabilité opérationnelle,REND_PRODUCTION,Rendement de la production,%,
DELICE,2022-12-31,2022,FY,TND,Performance,Rentabilité opérationnelle,ROT_STOCKS,Ratio de rotation des stocks,x,
DELICE,2022-12-31,2022,FY,TND,Performance,Rentabilité opérationnelle,PROFIT_OP,Profit opérationnel,montant,25360709.0
DELICE,2022-12-31,2022,FY,TND,Performance,Rentabilité financière,ROE,Rentabilité des capitaux propres (ROE),%,100.0
DELICE,2022-12-31,2022,FY,TND,Performance,Rentabilité financière,ROI,Retour sur investissement (ROI),%,4.0801
DELICE,2022-12-31,2022,FY,TND,Performance,Rentabilité financière,PERF_PLACEMENT,Performance placement,%,27.0296
DELICE,2023-12-31,2023,FY,TND,Solidité,Liquidités,LIQ_GEN,Ratio de liquidité générale,x,
DELICE,2023-12-31,2023,FY,TND,Solidité,Liquidités,LIQ_RED,Ratio de liquidité réduite,x,
DELICE,2023-12-31,2023,FY,TND,Solidité,Liquidités,LIQ_IMM,Ratio de liquidité immédiate,x,
DELICE,2023-12-31,2023,FY,TND,Solidité,Liquidités,INT_DEF_RED,Intervalle défensif réduit,j,
DELICE,2023-12-31,2023,FY,TND,Solidité,Liquidités,INT_DEF,Intervalle défensif,j,
DELICE,2023-12-31,2023,FY,TND,Solidité,Liquidités,RFR,Ratio de fonds de roulement,%,-90.0789
DELICE,2023-12-31,2023,FY,TND,Solidité,Liquidités,RBFR,Ratio de besoin en fonds de roulement,%,3.2852
DELICE,2023-12-31,2023,FY,TND,Solidité,Gestion des actifs,LEV_ECO,Ratio du levier économique,x,17.3625
DELICE,2023-12-31,2023,FY,TND,Solidité,Gestion des actifs,POIDS_IMMO,Poids des immobilisations,%,95.925
DELICE,2023-12-31,2023,FY,TND,Solidité,Gestion des actifs,FIN_IMMO,Financement des immobilisations,x,0.0609
DELICE,2023-12-31,2023,FY,TND,Solidité,Gestion des actifs,VETUSTE,Vétusté de l'actif,%,58.9711
DELICE,2023-12-31,2023,FY,TND,Solidité,Gestion des passifs,ENDET_GLOB,Ratio d'endettement global,%,0.3896
DELICE,2023-12-31,2023,FY,TND,Solidité,Gestion des passifs,ENDET_TERME,Ratio d'endettement à terme,%,1.5029
DELICE,2023-12-31,2023,FY,TND,Solidité,Gestion des passifs,INDEP_FIN,Ratio d'indépendance financière,%,5.7595
DELICE,2023-12-31,2023,FY,TND,Solidité,Gestion des passifs,COUV_CF,Couverture des charges financières,x,20197.1008
DELICE,2023-12-31,2023,FY,TND,Solidité,Gestion des passifs,POIDS_CF,Poids des charges financières,%,0.0049
DELICE,2023-12-31,2023,FY,TND,Solidité,Gestion des passifs,AUTO_FIN,Ratio d'autonomie financière,x,14.7815
DELICE,2023-12-31,2023,FY,TND,Solidité,Gestion des passifs,SOLVA,Ratio de solvabilité,x,256.6436
DELICE,2023-12-31,2023,FY,TND,Solidité,Ressources humaines,EFF_BRUT_RH,Efficacité brute des RH,x,
DELICE,2023-12-31,2023,FY,TND,Solidité,Ressources humaines,EFF_NET_RH,Efficacité nette des RH,x,19.7142
DELICE,2023-12-31,2023,FY,TND,Solidité,Gestion des risques,CONAN_HOLDER,Score de Conan & Holder,score,
DELICE,2023-12-31,2023,FY,TND,Solidité,Gestion des risques,RISQ_PLACEMENT,Risque de placement,%,1.1709
DELICE,2023-12-31,2023,FY,TND,Solidité,Gestion des risques,RISQ_COMMERCIAL,Risque commercial,%,4.3731
DELICE,2023-12-31,2023,FY,TND,Solidité,Gestion des risques,CREDIT_FOURN,Crédits moyens fournisseurs,j,
DELICE,2023-12-31,2023,FY,TND,Solidité,Gestion des risques,CREDIT_CLIENT,Crédits moyens clients,j,13.4134
DELICE,2023-12-31,2023,FY,TND,Performance,Rentabilité commerciale,RENT_COM,Rentabilité commerciale,%,99.6884
DELICE,2023-12-31,2023,FY,TND,Performance,Rentabilité commerciale,MARGE_NETTE,Ratio de la marge nette,%,100.737
DELICE,2023-12-31,2023,FY,TND,Performance,Rentabilité commerciale,TAUX_MARQUE,Taux de marque,%,
DELICE,2023-12-31,2023,FY,TND,Performance,Rentabilité commerciale,ROT_CAP,Rotation des capitaux échangés,x,0.9927
DELICE,2023-12-31,2023,FY,TND,Performance,Rentabilité économique,ROA,Rendement de l'actif (ROA),%,5.7595
DELICE,2023-12-31,2023,FY,TND,Performance,Rentabilité économique,ROCE,Rentabilité du capital investi (ROCE),%,97.4938
DELICE,2023-12-31,2023,FY,TND,Performance,Rentabilité économique,REND_IMMO,Rendement brut des immobilisations,%,5.9718
DELICE,2023-12-31,2023,FY,TND,Performance,Rentabilité économique,REND_RES_STABLE,Rendement brut des ressources stables,%,97.9878
DELICE,2023-12-31,2023,FY,TND,Performance,Rentabilité d'exploitation,MARGE_BRUTE_EXPL,Marge brute d'exploitation,%,100.1935
DELICE,2023-12-31,2023,FY,TND,Performance,Rentabilité d'exploitation,MARGE_BENEF_EXPL,Marge bénéficiaire d'exploitation,%,99.6884
DELICE,2023-12-31,2023,FY,TND,Performance,Rentabilité opérationnelle,REND_GLOBAL_NET,Rendement global net,%,5.7595
DELICE,2023-12-31,2023,FY,TND,Performance,Rentabilité opérationnelle,CREATION_VALEUR,Création de valeur annuelle,montant,31276637.16
DELICE,2023-12-31,2023,FY,TND,Performance,Rentabilité opérationnelle,REND_PRODUCTION,Rendement de la production,%,
DELICE,2023-12-31,2023,FY,TND,Performance,Rentabilité opérationnelle,ROT_STOCKS,Ratio de rotation des stocks,x,
DELICE,2023-12-31,2023,FY,TND,Performance,Rentabilité opérationnelle,PROFIT_OP,Profit opérationnel,montant,34072509.0
DELICE,2023-12-31,2023,FY,TND,Performance,Rentabilité financière,ROE,Rentabilité des capitaux propres (ROE),%,100.0
DELICE,2023-12-31,2023,FY,TND,Performance,Rentabilité financière,ROI,Retour sur investissement (ROI),%,5.7595
DELICE,2023-12-31,2023,FY,TND,Performance,Rentabilité financière,PERF_PLACEMENT,Performance placement,%,6.0673
DELICE,2024-12-31,2024,FY,TND,Solidité,Liquidités,LIQ_GEN,Ratio de liquidité générale,x,
DELICE,2024-12-31,2024,FY,TND,Solidité,Liquidités,LIQ_RED,Ratio de liquidité réduite,x,
DELICE,2024-12-31,2024,FY,TND,Solidité,Liquidités,LIQ_IMM,Ratio de liquidité immédiate,x,
DELICE,2024-12-31,2024,FY,TND,Solidité,Liquidités,INT_DEF_RED,Intervalle défensif réduit,j,
DELICE,2024-12-31,2024,FY,TND,Solidité,Liquidités,INT_DEF,Intervalle défensif,j,
DELICE,2024-12-31,2024,FY,TND,Solidité,Liquidités,RFR,Ratio de fonds de roulement,%,-82.3817
DELICE,2024-12-31,2024,FY,TND,Solidité,Liquidités,RBFR,Ratio de besoin en fonds de roulement,%,2.3608
DELICE,2024-12-31,2024,FY,TND,Solidité,Gestion des actifs,LEV_ECO,Ratio du levier économique,x,10.5892
DELICE,2024-12-31,2024,FY,TND,Solidité,Gestion des actifs,POIDS_IMMO,Poids des immobilisations,%,91.9235
DELICE,2024-12-31,2024,FY,TND,Solidité,Gestion des actifs,FIN_IMMO,Financement des immobilisations,x,0.1038
DELICE,2024-12-31,2024,FY,TND,Solidité,Gestion des actifs,VETUSTE,Vétusté de l'actif,%,75.3649
DELICE,2024-12-31,2024,FY,TND,Solidité,Gestion des passifs,ENDET_GLOB,Ratio d'endettement global,%,0.3655
DELICE,2024-12-31,2024,FY,TND,Solidité,Gestion des passifs,ENDET_TERME,Ratio d'endettement à terme,%,1.0394
DELICE,2024-12-31,2024,FY,TND,Solidité,Gestion des passifs,INDEP_FIN,Ratio d'indépendance financière,%,9.4436
DELICE,2024-12-31,2024,FY,TND,Solidité,Gestion des passifs,COUV_CF,Couverture des charges financières,x,273375.2744
DELICE,2024-12-31,2024,FY,TND,Solidité,Gestion des passifs,POIDS_CF,Poids des charges financières,%,0.0004
DELICE,2024-12-31,2024,FY,TND,Solidité,Gestion des passifs,AUTO_FIN,Ratio d'autonomie financière,x,25.8373
DELICE,2024-12-31,2024,FY,TND,Solidité,Gestion des passifs,SOLVA,Ratio de solvabilité,x,273.5967
DELICE,2024-12-31,2024,FY,TND,Solidité,Ressources humaines,EFF_BRUT_RH,Efficacité brute des RH,x,
DELICE,2024-12-31,2024,FY,TND,Solidité,Ressources humaines,EFF_NET_RH,Efficacité nette des RH,x,28.6619
DELICE,2024-12-31,2024,FY,TND,Solidité,Gestion des risques,CONAN_HOLDER,Score de Conan & Holder,score,
DELICE,2024-12-31,2024,FY,TND,Solidité,Gestion des risques,RISQ_PLACEMENT,Risque de placement,%,2.0706
DELICE,2024-12-31,2024,FY,TND,Solidité,Gestion des risques,RISQ_COMMERCIAL,Risque commercial,%,2.4125
DELICE,2024-12-31,2024,FY,TND,Solidité,Gestion des risques,CREDIT_FOURN,Crédits moyens fournisseurs,j,
DELICE,2024-12-31,2024,FY,TND,Solidité,Gestion des risques,CREDIT_CLIENT,Crédits moyens clients,j,7.3997
DELICE,2024-12-31,2024,FY,TND,Performance,Rentabilité commerciale,RENT_COM,Rentabilité commerciale,%,100.6735
DELICE,2024-12-31,2024,FY,TND,Performance,Rentabilité commerciale,MARGE_NETTE,Ratio de la marge nette,%,100.8881
DELICE,2024-12-31,2024,FY,TND,Performance,Rentabilité commerciale,TAUX_MARQUE,Taux de marque,%,
DELICE,2024-12-31,2024,FY,TND,Performance,Rentabilité commerciale,ROT_CAP,Rotation des capitaux échangés,x,0.9912
DELICE,2024-12-31,2024,FY,TND,Performance,Rentabilité économique,ROA,Rendement de l'actif (ROA),%,9.4436
DELICE,2024-12-31,2024,FY,TND,Performance,Rentabilité économique,ROCE,Rentabilité du capital investi (ROCE),%,98.7607
DELICE,2024-12-31,2024,FY,TND,Performance,Rentabilité économique,REND_IMMO,Rendement brut des immobilisations,%,10.2886
DELICE,2024-12-31,2024,FY,TND,Performance,Rentabilité économique,REND_RES_STABLE,Rendement brut des ressources stables,%,99.1182
DELICE,2024-12-31,2024,FY,TND,Performance,Rentabilité d'exploitation,MARGE_BRUTE_EXPL,Marge brute d'exploitation,%,101.0379
DELICE,2024-12-31,2024,FY,TND,Performance,Rentabilité d'exploitation,MARGE_BENEF_EXPL,Marge bénéficiaire d'exploitation,%,100.6735
DELICE,2024-12-31,2024,FY,TND,Performance,Rentabilité opérationnelle,REND_GLOBAL_NET,Rendement global net,%,9.4436
DELICE,2024-12-31,2024,FY,TND,Performance,Rentabilité opérationnelle,CREATION_VALEUR,Création de valeur annuelle,montant,54014624.8
DELICE,2024-12-31,2024,FY,TND,Performance,Rentabilité opérationnelle,REND_PRODUCTION,Rendement de la production,%,
DELICE,2024-12-31,2024,FY,TND,Performance,Rentabilité opérationnelle,ROT_STOCKS,Ratio de rotation des stocks,x,
DELICE,2024-12-31,2024,FY,TND,Performance,Rentabilité opérationnelle,PROFIT_OP,Profit opérationnel,montant,58775684.0
DELICE,2024-12-31,2024,FY,TND,Performance,Rentabilité financière,ROE,Rentabilité des capitaux propres (ROE),%,100.0
DELICE,2024-12-31,2024,FY,TND,Performance,Rentabilité financière,ROI,Retour sur investissement (ROI),%,9.4436
DELICE,2024-12-31,2024,FY,TND,Performance,Rentabilité financière,PERF_PLACEMENT,Performance placement,%,
DELICE,2025-12-31,2025,FY,TND,Solidité,Liquidités,LIQ_GEN,Ratio de liquidité générale,x,
DELICE,2025-12-31,2025,FY,TND,Solidité,Liquidités,LIQ_RED,Ratio de liquidité réduite,x,
DELICE,2025-12-31,2025,FY,TND,Solidité,Liquidités,LIQ_IMM,Ratio de liquidité immédiate,x,
DELICE,2025-12-31,2025,FY,TND,Solidité,Liquidités,INT_DEF_RED,Intervalle défensif réduit,j,
DELICE,2025-12-31,2025,FY,TND,Solidité,Liquidités,INT_DEF,Intervalle défensif,j,
DELICE,2025-12-31,2025,FY,TND,Solidité,Liquidités,RFR,Ratio de fonds de roulement,%,-76.6165
DELICE,2025-12-31,2025,FY,TND,Solidité,Liquidités,RBFR,Ratio de besoin en fonds de roulement,%,2.5025
DELICE,2025-12-31,2025,FY,TND,Solidité,Gestion des actifs,LEV_ECO,Ratio du levier économique,x,10.2314
DELICE,2025-12-31,2025,FY,TND,Solidité,Gestion des actifs,POIDS_IMMO,Poids des immobilisations,%,86.4885
DELICE,2025-12-31,2025,FY,TND,Solidité,Gestion des actifs,FIN_IMMO,Financement des immobilisations,x,0.1141
DELICE,2025-12-31,2025,FY,TND,Solidité,Gestion des actifs,VETUSTE,Vétusté de l'actif,%,88.0853
DELICE,2025-12-31,2025,FY,TND,Solidité,Gestion des passifs,ENDET_GLOB,Ratio d'endettement global,%,4.752
DELICE,2025-12-31,2025,FY,TND,Solidité,Gestion des passifs,ENDET_TERME,Ratio d'endettement à terme,%,1.0044
DELICE,2025-12-31,2025,FY,TND,Solidité,Gestion des passifs,INDEP_FIN,Ratio d'indépendance financière,%,9.7739
DELICE,2025-12-31,2025,FY,TND,Solidité,Gestion des passifs,COUV_CF,Couverture des charges financières,x,5016.4969
DELICE,2025-12-31,2025,FY,TND,Solidité,Gestion des passifs,POIDS_CF,Poids des charges financières,%,0.02
DELICE,2025-12-31,2025,FY,TND,Solidité,Gestion des passifs,AUTO_FIN,Ratio d'autonomie financière,x,2.0568
DELICE,2025-12-31,2025,FY,TND,Solidité,Gestion des passifs,SOLVA,Ratio de solvabilité,x,21.0439
DELICE,2025-12-31,2025,FY,TND,Solidité,Ressources humaines,EFF_BRUT_RH,Efficacité brute des RH,x,
DELICE,2025-12-31,2025,FY,TND,Solidité,Ressources humaines,EFF_NET_RH,Efficacité nette des RH,x,28.2249
DELICE,2025-12-31,2025,FY,TND,Solidité,Gestion des risques,CONAN_HOLDER,Score de Conan & Holder,score,
DELICE,2025-12-31,2025,FY,TND,Solidité,Gestion des risques,RISQ_PLACEMENT,Risque de placement,%,4.8582
DELICE,2025-12-31,2025,FY,TND,Solidité,Gestion des risques,RISQ_COMMERCIAL,Risque commercial,%,2.535
DELICE,2025-12-31,2025,FY,TND,Solidité,Gestion des risques,CREDIT_FOURN,Crédits moyens fournisseurs,j,
DELICE,2025-12-31,2025,FY,TND,Solidité,Gestion des risques,CREDIT_CLIENT,Crédits moyens clients,j,7.7754
DELICE,2025-12-31,2025,FY,TND,Performance,Rentabilité commerciale,RENT_COM,Rentabilité commerciale,%,100.201
DELICE,2025-12-31,2025,FY,TND,Performance,Rentabilité commerciale,MARGE_NETTE,Ratio de la marge nette,%,101.8393
DELICE,2025-12-31,2025,FY,TND,Performance,Rentabilité commerciale,TAUX_MARQUE,Taux de marque,%,
DELICE,2025-12-31,2025,FY,TND,Performance,Rentabilité commerciale,ROT_CAP,Rotation des capitaux échangés,x,0.9819
DELICE,2025-12-31,2025,FY,TND,Performance,Rentabilité économique,ROA,Rendement de l'actif (ROA),%,9.7739
DELICE,2025-12-31,2025,FY,TND,Performance,Rentabilité économique,ROCE,Rentabilité du capital investi (ROCE),%,97.4128
DELICE,2025-12-31,2025,FY,TND,Performance,Rentabilité économique,REND_IMMO,Rendement brut des immobilisations,%,11.1417
DELICE,2025-12-31,2025,FY,TND,Performance,Rentabilité économique,REND_RES_STABLE,Rendement brut des ressources stables,%,97.612
DELICE,2025-12-31,2025,FY,TND,Performance,Rentabilité d'exploitation,MARGE_BRUTE_EXPL,Marge brute d'exploitation,%,100.4058
DELICE,2025-12-31,2025,FY,TND,Performance,Rentabilité d'exploitation,MARGE_BENEF_EXPL,Marge bénéficiaire d'exploitation,%,100.201
DELICE,2025-12-31,2025,FY,TND,Performance,Rentabilité opérationnelle,REND_GLOBAL_NET,Rendement global net,%,9.7739
DELICE,2025-12-31,2025,FY,TND,Performance,Rentabilité opérationnelle,CREATION_VALEUR,Création de valeur annuelle,montant,58505013.08
DELICE,2025-12-31,2025,FY,TND,Performance,Rentabilité opérationnelle,REND_PRODUCTION,Rendement de la production,%,
DELICE,2025-12-31,2025,FY,TND,Performance,Rentabilité opérationnelle,ROT_STOCKS,Ratio de rotation des stocks,x,
DELICE,2025-12-31,2025,FY,TND,Performance,Rentabilité opérationnelle,PROFIT_OP,Profit opérationnel,montant,63739609.0
DELICE,2025-12-31,2025,FY,TND,Performance,Rentabilité financière,ROE,Rentabilité des capitaux propres (ROE),%,100.0
DELICE,2025-12-31,2025,FY,TND,Performance,Rentabilité financière,ROI,Retour sur investissement (ROI),%,9.7739
DELICE,2025-12-31,2025,FY,TND,Performance,Rentabilité financière,PERF_PLACEMENT,Performance placement,%,
SFBT,2005-03-31,2005,T1,TND,Solidité,Liquidités,LIQ_GEN,Ratio de liquidité générale,x,
SFBT,2005-03-31,2005,T1,TND,Solidité,Liquidités,LIQ_RED,Ratio de liquidité réduite,x,
SFBT,2005-03-31,2005,T1,TND,Solidité,Liquidités,LIQ_IMM,Ratio de liquidité immédiate,x,
SFBT,2005-03-31,2005,T1,TND,Solidité,Liquidités,INT_DEF_RED,Intervalle défensif réduit,j,
SFBT,2005-03-31,2005,T1,TND,Solidité,Liquidités,INT_DEF,Intervalle défensif,j,
SFBT,2005-03-31,2005,T1,TND,Solidité,Liquidités,RFR,Ratio de fonds de roulement,%,
SFBT,2005-03-31,2005,T1,TND,Solidité,Liquidités,RBFR,Ratio de besoin en fonds de roulement,%,0.0
SFBT,2005-03-31,2005,T1,TND,Solidité,Gestion des actifs,LEV_ECO,Ratio du levier économique,x,
SFBT,2005-03-31,2005,T1,TND,Solidité,Gestion des actifs,POIDS_IMMO,Poids des immobilisations,%,
SFBT,2005-03-31,2005,T1,TND,Solidité,Gestion des actifs,FIN_IMMO,Financement des immobilisations,x,
SFBT,2005-03-31,2005,T1,TND,Solidité,Gestion des actifs,VETUSTE,Vétusté de l'actif,%,
SFBT,2005-03-31,2005,T1,TND,Solidité,Gestion des passifs,ENDET_GLOB,Ratio d'endettement global,%,
SFBT,2005-03-31,2005,T1,TND,Solidité,Gestion des passifs,ENDET_TERME,Ratio d'endettement à terme,%,
SFBT,2005-03-31,2005,T1,TND,Solidité,Gestion des passifs,INDEP_FIN,Ratio d'indépendance financière,%,
SFBT,2005-03-31,2005,T1,TND,Solidité,Gestion des passifs,COUV_CF,Couverture des charges financières,x,24.8989
SFBT,2005-03-31,2005,T1,TND,Solidité,Gestion des passifs,POIDS_CF,Poids des charges financières,%,0.729
SFBT,2005-03-31,2005,T1,TND,Solidité,Gestion des passifs,AUTO_FIN,Ratio d'autonomie financière,x,
SFBT,2005-03-31,2005,T1,TND,Solidité,Gestion des passifs,SOLVA,Ratio de solvabilité,x,
SFBT,2005-03-31,2005,T1,TND,Solidité,Ressources humaines,EFF_BRUT_RH,Efficacité brute des RH,x,
SFBT,2005-03-31,2005,T1,TND,Solidité,Ressources humaines,EFF_NET_RH,Efficacité nette des RH,x,2.9463
SFBT,2005-03-31,2005,T1,TND,Solidité,Gestion des risques,CONAN_HOLDER,Score de Conan & Holder,score,
SFBT,2005-03-31,2005,T1,TND,Solidité,Gestion des risques,RISQ_PLACEMENT,Risque de placement,%,
SFBT,2005-03-31,2005,T1,TND,Solidité,Gestion des risques,RISQ_COMMERCIAL,Risque commercial,%,
SFBT,2005-03-31,2005,T1,TND,Solidité,Gestion des risques,CREDIT_FOURN,Crédits moyens fournisseurs,j,
SFBT,2005-03-31,2005,T1,TND,Solidité,Gestion des risques,CREDIT_CLIENT,Crédits moyens clients,j,
SFBT,2005-03-31,2005,T1,TND,Performance,Rentabilité commerciale,RENT_COM,Rentabilité commerciale,%,18.1515
SFBT,2005-03-31,2005,T1,TND,Performance,Rentabilité commerciale,MARGE_NETTE,Ratio de la marge nette,%,38.3171
SFBT,2005-03-31,2005,T1,TND,Performance,Rentabilité commerciale,TAUX_MARQUE,Taux de marque,%,
SFBT,2005-03-31,2005,T1,TND,Performance,Rentabilité commerciale,ROT_CAP,Rotation des capitaux échangés,x,
SFBT,2005-03-31,2005,T1,TND,Performance,Rentabilité économique,ROA,Rendement de l'actif (ROA),%,
SFBT,2005-03-31,2005,T1,TND,Performance,Rentabilité économique,ROCE,Rentabilité du capital investi (ROCE),%,
SFBT,2005-03-31,2005,T1,TND,Performance,Rentabilité économique,REND_IMMO,Rendement brut des immobilisations,%,
SFBT,2005-03-31,2005,T1,TND,Performance,Rentabilité économique,REND_RES_STABLE,Rendement brut des ressources stables,%,
SFBT,2005-03-31,2005,T1,TND,Performance,Rentabilité d'exploitation,MARGE_BRUTE_EXPL,Marge brute d'exploitation,%,25.0602
SFBT,2005-03-31,2005,T1,TND,Performance,Rentabilité d'exploitation,MARGE_BENEF_EXPL,Marge bénéficiaire d'exploitation,%,18.1515
SFBT,2005-03-31,2005,T1,TND,Performance,Rentabilité opérationnelle,REND_GLOBAL_NET,Rendement global net,%,
SFBT,2005-03-31,2005,T1,TND,Performance,Rentabilité opérationnelle,CREATION_VALEUR,Création de valeur annuelle,montant,
SFBT,2005-03-31,2005,T1,TND,Performance,Rentabilité opérationnelle,REND_PRODUCTION,Rendement de la production,%,
SFBT,2005-03-31,2005,T1,TND,Performance,Rentabilité opérationnelle,ROT_STOCKS,Ratio de rotation des stocks,x,
SFBT,2005-03-31,2005,T1,TND,Performance,Rentabilité opérationnelle,PROFIT_OP,Profit opérationnel,montant,6052700.947
SFBT,2005-03-31,2005,T1,TND,Performance,Rentabilité financière,ROE,Rentabilité des capitaux propres (ROE),%,
SFBT,2005-03-31,2005,T1,TND,Performance,Rentabilité financière,ROI,Retour sur investissement (ROI),%,
SFBT,2005-03-31,2005,T1,TND,Performance,Rentabilité financière,PERF_PLACEMENT,Performance placement,%,
SFBT,2005-06-30,2005,S1,TND,Solidité,Liquidités,LIQ_GEN,Ratio de liquidité générale,x,1.122
SFBT,2005-06-30,2005,S1,TND,Solidité,Liquidités,LIQ_RED,Ratio de liquidité réduite,x,0.8207
SFBT,2005-06-30,2005,S1,TND,Solidité,Liquidités,LIQ_IMM,Ratio de liquidité immédiate,x,0.1194
SFBT,2005-06-30,2005,S1,TND,Solidité,Liquidités,INT_DEF_RED,Intervalle défensif réduit,j,70.4714
SFBT,2005-06-30,2005,S1,TND,Solidité,Liquidités,INT_DEF,Intervalle défensif,j,296.8311
SFBT,2005-06-30,2005,S1,TND,Solidité,Liquidités,RFR,Ratio de fonds de roulement,%,4.0188
SFBT,2005-06-30,2005,S1,TND,Solidité,Liquidités,RBFR,Ratio de besoin en fonds de roulement,%,52.789
SFBT,2005-06-30,2005,S1,TND,Solidité,Gestion des actifs,LEV_ECO,Ratio du levier économique,x,1.777
SFBT,2005-06-30,2005,S1,TND,Solidité,Gestion des actifs,POIDS_IMMO,Poids des immobilisations,%,69.9401
SFBT,2005-06-30,2005,S1,TND,Solidité,Gestion des actifs,FIN_IMMO,Financement des immobilisations,x,1.0575
SFBT,2005-06-30,2005,S1,TND,Solidité,Gestion des actifs,VETUSTE,Vétusté de l'actif,%,59.2516
SFBT,2005-06-30,2005,S1,TND,Solidité,Gestion des passifs,ENDET_GLOB,Ratio d'endettement global,%,43.7253
SFBT,2005-06-30,2005,S1,TND,Solidité,Gestion des passifs,ENDET_TERME,Ratio d'endettement à terme,%,31.4247
SFBT,2005-06-30,2005,S1,TND,Solidité,Gestion des passifs,INDEP_FIN,Ratio d'indépendance financière,%,56.2747
SFBT,2005-06-30,2005,S1,TND,Solidité,Gestion des passifs,COUV_CF,Couverture des charges financières,x,24.8989
SFBT,2005-06-30,2005,S1,TND,Solidité,Gestion des passifs,POIDS_CF,Poids des charges financières,%,0.729
SFBT,2005-06-30,2005,S1,TND,Solidité,Gestion des passifs,AUTO_FIN,Ratio d'autonomie financière,x,1.287
SFBT,2005-06-30,2005,S1,TND,Solidité,Gestion des passifs,SOLVA,Ratio de solvabilité,x,2.287
SFBT,2005-06-30,2005,S1,TND,Solidité,Ressources humaines,EFF_BRUT_RH,Efficacité brute des RH,x,
SFBT,2005-06-30,2005,S1,TND,Solidité,Ressources humaines,EFF_NET_RH,Efficacité nette des RH,x,2.9463
SFBT,2005-06-30,2005,S1,TND,Solidité,Gestion des risques,CONAN_HOLDER,Score de Conan & Holder,score,
SFBT,2005-06-30,2005,S1,TND,Solidité,Gestion des risques,RISQ_PLACEMENT,Risque de placement,%,1.6392
SFBT,2005-06-30,2005,S1,TND,Solidité,Gestion des risques,RISQ_COMMERCIAL,Risque commercial,%,50.0223
SFBT,2005-06-30,2005,S1,TND,Solidité,Gestion des risques,CREDIT_FOURN,Crédits moyens fournisseurs,j,239.6952
SFBT,2005-06-30,2005,S1,TND,Solidité,Gestion des risques,CREDIT_CLIENT,Crédits moyens clients,j,153.4297
SFBT,2005-06-30,2005,S1,TND,Performance,Rentabilité commerciale,RENT_COM,Rentabilité commerciale,%,18.1515
SFBT,2005-06-30,2005,S1,TND,Performance,Rentabilité commerciale,MARGE_NETTE,Ratio de la marge nette,%,38.3171
SFBT,2005-06-30,2005,S1,TND,Performance,Rentabilité commerciale,TAUX_MARQUE,Taux de marque,%,
SFBT,2005-06-30,2005,S1,TND,Performance,Rentabilité commerciale,ROT_CAP,Rotation des capitaux échangés,x,0.5419
SFBT,2005-06-30,2005,S1,TND,Performance,Rentabilité économique,ROA,Rendement de l'actif (ROA),%,11.6849
SFBT,2005-06-30,2005,S1,TND,Performance,Rentabilité économique,ROCE,Rentabilité du capital investi (ROCE),%,7.4843
SFBT,2005-06-30,2005,S1,TND,Performance,Rentabilité économique,REND_IMMO,Rendement brut des immobilisations,%,10.9267
SFBT,2005-06-30,2005,S1,TND,Performance,Rentabilité économique,REND_RES_STABLE,Rendement brut des ressources stables,%,10.333
SFBT,2005-06-30,2005,S1,TND,Performance,Rentabilité d'exploitation,MARGE_BRUTE_EXPL,Marge brute d'exploitation,%,25.0602
SFBT,2005-06-30,2005,S1,TND,Performance,Rentabilité d'exploitation,MARGE_BENEF_EXPL,Marge bénéficiaire d'exploitation,%,18.1515
SFBT,2005-06-30,2005,S1,TND,Performance,Rentabilité opérationnelle,REND_GLOBAL_NET,Rendement global net,%,11.6849
SFBT,2005-06-30,2005,S1,TND,Performance,Rentabilité opérationnelle,CREATION_VALEUR,Création de valeur annuelle,montant,-834075.9999
SFBT,2005-06-30,2005,S1,TND,Performance,Rentabilité opérationnelle,REND_PRODUCTION,Rendement de la production,%,
SFBT,2005-06-30,2005,S1,TND,Performance,Rentabilité opérationnelle,ROT_STOCKS,Ratio de rotation des stocks,x,1.142
SFBT,2005-06-30,2005,S1,TND,Performance,Rentabilité opérationnelle,PROFIT_OP,Profit opérationnel,montant,12105401.895
SFBT,2005-06-30,2005,S1,TND,Performance,Rentabilité financière,ROE,Rentabilité des capitaux propres (ROE),%,20.764
SFBT,2005-06-30,2005,S1,TND,Performance,Rentabilité financière,ROI,Retour sur investissement (ROI),%,11.6849
SFBT,2005-06-30,2005,S1,TND,Performance,Rentabilité financière,PERF_PLACEMENT,Performance placement,%,464.5935
SFBT,2005-09-30,2005,9M,TND,Solidité,Liquidités,LIQ_GEN,Ratio de liquidité générale,x,1.239
SFBT,2005-09-30,2005,9M,TND,Solidité,Liquidités,LIQ_RED,Ratio de liquidité réduite,x,0.8701
SFBT,2005-09-30,2005,9M,TND,Solidité,Liquidités,LIQ_IMM,Ratio de liquidité immédiate,x,0.1473
SFBT,2005-09-30,2005,9M,TND,Solidité,Liquidités,INT_DEF_RED,Intervalle défensif réduit,j,
SFBT,2005-09-30,2005,9M,TND,Solidité,Liquidités,INT_DEF,Intervalle défensif,j,
SFBT,2005-09-30,2005,9M,TND,Solidité,Liquidités,RFR,Ratio de fonds de roulement,%,6.2297
SFBT,2005-09-30,2005,9M,TND,Solidité,Liquidités,RBFR,Ratio de besoin en fonds de roulement,%,31.4903
SFBT,2005-09-30,2005,9M,TND,Solidité,Gestion des actifs,LEV_ECO,Ratio du levier économique,x,1.6577
SFBT,2005-09-30,2005,9M,TND,Solidité,Gestion des actifs,POIDS_IMMO,Poids des immobilisations,%,71.2862
SFBT,2005-09-30,2005,9M,TND,Solidité,Gestion des actifs,FIN_IMMO,Financement des immobilisations,x,1.0874
SFBT,2005-09-30,2005,9M,TND,Solidité,Gestion des actifs,VETUSTE,Vétusté de l'actif,%,59.8164
SFBT,2005-09-30,2005,9M,TND,Solidité,Gestion des passifs,ENDET_GLOB,Ratio d'endettement global,%,39.6756
SFBT,2005-09-30,2005,9M,TND,Solidité,Gestion des passifs,ENDET_TERME,Ratio d'endettement à terme,%,28.4984
SFBT,2005-09-30,2005,9M,TND,Solidité,Gestion des passifs,INDEP_FIN,Ratio d'indépendance financière,%,60.3244
SFBT,2005-09-30,2005,9M,TND,Solidité,Gestion des passifs,COUV_CF,Couverture des charges financières,x,
SFBT,2005-09-30,2005,9M,TND,Solidité,Gestion des passifs,POIDS_CF,Poids des charges financières,%,
SFBT,2005-09-30,2005,9M,TND,Solidité,Gestion des passifs,AUTO_FIN,Ratio d'autonomie financière,x,1.5204
SFBT,2005-09-30,2005,9M,TND,Solidité,Gestion des passifs,SOLVA,Ratio de solvabilité,x,2.5204
SFBT,2005-09-30,2005,9M,TND,Solidité,Ressources humaines,EFF_BRUT_RH,Efficacité brute des RH,x,
SFBT,2005-09-30,2005,9M,TND,Solidité,Ressources humaines,EFF_NET_RH,Efficacité nette des RH,x,
SFBT,2005-09-30,2005,9M,TND,Solidité,Gestion des risques,CONAN_HOLDER,Score de Conan & Holder,score,
SFBT,2005-09-30,2005,9M,TND,Solidité,Gestion des risques,RISQ_PLACEMENT,Risque de placement,%,1.6426
SFBT,2005-09-30,2005,9M,TND,Solidité,Gestion des risques,RISQ_COMMERCIAL,Risque commercial,%,27.5033
SFBT,2005-09-30,2005,9M,TND,Solidité,Gestion des risques,CREDIT_FOURN,Crédits moyens fournisseurs,j,127.8808
SFBT,2005-09-30,2005,9M,TND,Solidité,Gestion des risques,CREDIT_CLIENT,Crédits moyens clients,j,84.3589
SFBT,2005-09-30,2005,9M,TND,Performance,Rentabilité commerciale,RENT_COM,Rentabilité commerciale,%,
SFBT,2005-09-30,2005,9M,TND,Performance,Rentabilité commerciale,MARGE_NETTE,Ratio de la marge nette,%,29.5494
SFBT,2005-09-30,2005,9M,TND,Performance,Rentabilité commerciale,TAUX_MARQUE,Taux de marque,%,
SFBT,2005-09-30,2005,9M,TND,Performance,Rentabilité commerciale,ROT_CAP,Rotation des capitaux échangés,x,0.8129
SFBT,2005-09-30,2005,9M,TND,Performance,Rentabilité économique,ROA,Rendement de l'actif (ROA),%,14.4897
SFBT,2005-09-30,2005,9M,TND,Performance,Rentabilité économique,ROCE,Rentabilité du capital investi (ROCE),%,
SFBT,2005-09-30,2005,9M,TND,Performance,Rentabilité économique,REND_IMMO,Rendement brut des immobilisations,%,
SFBT,2005-09-30,2005,9M,TND,Performance,Rentabilité économique,REND_RES_STABLE,Rendement brut des ressources stables,%,
SFBT,2005-09-30,2005,9M,TND,Performance,Rentabilité d'exploitation,MARGE_BRUTE_EXPL,Marge brute d'exploitation,%,
SFBT,2005-09-30,2005,9M,TND,Performance,Rentabilité d'exploitation,MARGE_BENEF_EXPL,Marge bénéficiaire d'exploitation,%,
SFBT,2005-09-30,2005,9M,TND,Performance,Rentabilité opérationnelle,REND_GLOBAL_NET,Rendement global net,%,14.4897
SFBT,2005-09-30,2005,9M,TND,Performance,Rentabilité opérationnelle,CREATION_VALEUR,Création de valeur annuelle,montant,
SFBT,2005-09-30,2005,9M,TND,Performance,Rentabilité opérationnelle,REND_PRODUCTION,Rendement de la production,%,
SFBT,2005-09-30,2005,9M,TND,Performance,Rentabilité opérationnelle,ROT_STOCKS,Ratio de rotation des stocks,x,1.8332
SFBT,2005-09-30,2005,9M,TND,Performance,Rentabilité opérationnelle,PROFIT_OP,Profit opérationnel,montant,
SFBT,2005-09-30,2005,9M,TND,Performance,Rentabilité financière,ROE,Rentabilité des capitaux propres (ROE),%,24.0197
SFBT,2005-09-30,2005,9M,TND,Performance,Rentabilité financière,ROI,Retour sur investissement (ROI),%,14.4897
SFBT,2005-09-30,2005,9M,TND,Performance,Rentabilité financière,PERF_PLACEMENT,Performance placement,%,
SFBT,2005-12-31,2005,FY,TND,Solidité,Liquidités,LIQ_GEN,Ratio de liquidité générale,x,1.4097
SFBT,2005-12-31,2005,FY,TND,Solidité,Liquidités,LIQ_RED,Ratio de liquidité réduite,x,0.9421
SFBT,2005-12-31,2005,FY,TND,Solidité,Liquidités,LIQ_IMM,Ratio de liquidité immédiate,x,0.1879
SFBT,2005-12-31,2005,FY,TND,Solidité,Liquidités,INT_DEF_RED,Intervalle défensif réduit,j,
SFBT,2005-12-31,2005,FY,TND,Solidité,Liquidités,INT_DEF,Intervalle défensif,j,
SFBT,2005-12-31,2005,FY,TND,Solidité,Liquidités,RFR,Ratio de fonds de roulement,%,8.5518
SFBT,2005-12-31,2005,FY,TND,Solidité,Liquidités,RBFR,Ratio de besoin en fonds de roulement,%,21.533
SFBT,2005-12-31,2005,FY,TND,Solidité,Gestion des actifs,LEV_ECO,Ratio du levier économique,x,1.5485
SFBT,2005-12-31,2005,FY,TND,Solidité,Gestion des actifs,POIDS_IMMO,Poids des immobilisations,%,72.6998
SFBT,2005-12-31,2005,FY,TND,Solidité,Gestion des actifs,FIN_IMMO,Financement des immobilisations,x,1.1176
SFBT,2005-12-31,2005,FY,TND,Solidité,Gestion des actifs,VETUSTE,Vétusté de l'actif,%,60.3737
SFBT,2005-12-31,2005,FY,TND,Solidité,Gestion des passifs,ENDET_GLOB,Ratio d'endettement global,%,35.4225
SFBT,2005-12-31,2005,FY,TND,Solidité,Gestion des passifs,ENDET_TERME,Ratio d'endettement à terme,%,25.8203
SFBT,2005-12-31,2005,FY,TND,Solidité,Gestion des passifs,INDEP_FIN,Ratio d'indépendance financière,%,64.5775
SFBT,2005-12-31,2005,FY,TND,Solidité,Gestion des passifs,COUV_CF,Couverture des charges financières,x,
SFBT,2005-12-31,2005,FY,TND,Solidité,Gestion des passifs,POIDS_CF,Poids des charges financières,%,
SFBT,2005-12-31,2005,FY,TND,Solidité,Gestion des passifs,AUTO_FIN,Ratio d'autonomie financière,x,1.8231
SFBT,2005-12-31,2005,FY,TND,Solidité,Gestion des passifs,SOLVA,Ratio de solvabilité,x,2.8231
SFBT,2005-12-31,2005,FY,TND,Solidité,Ressources humaines,EFF_BRUT_RH,Efficacité brute des RH,x,
SFBT,2005-12-31,2005,FY,TND,Solidité,Ressources humaines,EFF_NET_RH,Efficacité nette des RH,x,
SFBT,2005-12-31,2005,FY,TND,Solidité,Gestion des risques,CONAN_HOLDER,Score de Conan & Holder,score,
SFBT,2005-12-31,2005,FY,TND,Solidité,Gestion des risques,RISQ_PLACEMENT,Risque de placement,%,1.6462
SFBT,2005-12-31,2005,FY,TND,Solidité,Gestion des risques,RISQ_COMMERCIAL,Risque commercial,%,16.9755
SFBT,2005-12-31,2005,FY,TND,Solidité,Gestion des risques,CREDIT_FOURN,Crédits moyens fournisseurs,j,79.5372
SFBT,2005-12-31,2005,FY,TND,Solidité,Gestion des risques,CREDIT_CLIENT,Crédits moyens clients,j,52.0678
SFBT,2005-12-31,2005,FY,TND,Performance,Rentabilité commerciale,RENT_COM,Rentabilité commerciale,%,
SFBT,2005-12-31,2005,FY,TND,Performance,Rentabilité commerciale,MARGE_NETTE,Ratio de la marge nette,%,25.4504
SFBT,2005-12-31,2005,FY,TND,Performance,Rentabilité commerciale,TAUX_MARQUE,Taux de marque,%,
SFBT,2005-12-31,2005,FY,TND,Performance,Rentabilité commerciale,ROT_CAP,Rotation des capitaux échangés,x,1.0609
SFBT,2005-12-31,2005,FY,TND,Performance,Rentabilité économique,ROA,Rendement de l'actif (ROA),%,17.4355
SFBT,2005-12-31,2005,FY,TND,Performance,Rentabilité économique,ROCE,Rentabilité du capital investi (ROCE),%,
SFBT,2005-12-31,2005,FY,TND,Performance,Rentabilité économique,REND_IMMO,Rendement brut des immobilisations,%,
SFBT,2005-12-31,2005,FY,TND,Performance,Rentabilité économique,REND_RES_STABLE,Rendement brut des ressources stables,%,
SFBT,2005-12-31,2005,FY,TND,Performance,Rentabilité d'exploitation,MARGE_BRUTE_EXPL,Marge brute d'exploitation,%,
SFBT,2005-12-31,2005,FY,TND,Performance,Rentabilité d'exploitation,MARGE_BENEF_EXPL,Marge bénéficiaire d'exploitation,%,
SFBT,2005-12-31,2005,FY,TND,Performance,Rentabilité opérationnelle,REND_GLOBAL_NET,Rendement global net,%,17.4355
SFBT,2005-12-31,2005,FY,TND,Performance,Rentabilité opérationnelle,CREATION_VALEUR,Création de valeur annuelle,montant,
SFBT,2005-12-31,2005,FY,TND,Performance,Rentabilité opérationnelle,REND_PRODUCTION,Rendement de la production,%,
SFBT,2005-12-31,2005,FY,TND,Performance,Rentabilité opérationnelle,ROT_STOCKS,Ratio de rotation des stocks,x,2.4829
SFBT,2005-12-31,2005,FY,TND,Performance,Rentabilité opérationnelle,PROFIT_OP,Profit opérationnel,montant,
SFBT,2005-12-31,2005,FY,TND,Performance,Rentabilité financière,ROE,Rentabilité des capitaux propres (ROE),%,26.9994
SFBT,2005-12-31,2005,FY,TND,Performance,Rentabilité financière,ROI,Retour sur investissement (ROI),%,17.4355
SFBT,2005-12-31,2005,FY,TND,Performance,Rentabilité financière,PERF_PLACEMENT,Performance placement,%,
SFBT,2006-03-31,2006,T1,TND,Solidité,Liquidités,LIQ_GEN,Ratio de liquidité générale,x,1.2418
SFBT,2006-03-31,2006,T1,TND,Solidité,Liquidités,LIQ_RED,Ratio de liquidité réduite,x,0.8553
SFBT,2006-03-31,2006,T1,TND,Solidité,Liquidités,LIQ_IMM,Ratio de liquidité immédiate,x,0.1647
SFBT,2006-03-31,2006,T1,TND,Solidité,Liquidités,INT_DEF_RED,Intervalle défensif réduit,j,144.9631
SFBT,2006-03-31,2006,T1,TND,Solidité,Liquidités,INT_DEF,Intervalle défensif,j,514.5686
SFBT,2006-03-31,2006,T1,TND,Solidité,Liquidités,RFR,Ratio de fonds de roulement,%,6.4623
SFBT,2006-03-31,2006,T1,TND,Solidité,Liquidités,RBFR,Ratio de besoin en fonds de roulement,%,111.6435
SFBT,2006-03-31,2006,T1,TND,Solidité,Gestion des actifs,LEV_ECO,Ratio du levier économique,x,1.6383
SFBT,2006-03-31,2006,T1,TND,Solidité,Gestion des actifs,POIDS_IMMO,Poids des immobilisations,%,70.3527
SFBT,2006-03-31,2006,T1,TND,Solidité,Gestion des actifs,FIN_IMMO,Financement des immobilisations,x,1.0919
SFBT,2006-03-31,2006,T1,TND,Solidité,Gestion des actifs,VETUSTE,Vétusté de l'actif,%,59.5552
SFBT,2006-03-31,2006,T1,TND,Solidité,Gestion des passifs,ENDET_GLOB,Ratio d'endettement global,%,38.9601
SFBT,2006-03-31,2006,T1,TND,Solidité,Gestion des passifs,ENDET_TERME,Ratio d'endettement à terme,%,25.8439
SFBT,2006-03-31,2006,T1,TND,Solidité,Gestion des passifs,INDEP_FIN,Ratio d'indépendance financière,%,61.0399
SFBT,2006-03-31,2006,T1,TND,Solidité,Gestion des passifs,COUV_CF,Couverture des charges financières,x,23.3742
SFBT,2006-03-31,2006,T1,TND,Solidité,Gestion des passifs,POIDS_CF,Poids des charges financières,%,0.7739
SFBT,2006-03-31,2006,T1,TND,Solidité,Gestion des passifs,AUTO_FIN,Ratio d'autonomie financière,x,1.5667
SFBT,2006-03-31,2006,T1,TND,Solidité,Gestion des passifs,SOLVA,Ratio de solvabilité,x,2.5667
SFBT,2006-03-31,2006,T1,TND,Solidité,Ressources humaines,EFF_BRUT_RH,Efficacité brute des RH,x,
SFBT,2006-03-31,2006,T1,TND,Solidité,Ressources humaines,EFF_NET_RH,Efficacité nette des RH,x,3.1435
SFBT,2006-03-31,2006,T1,TND,Solidité,Gestion des risques,CONAN_HOLDER,Score de Conan & Holder,score,
SFBT,2006-03-31,2006,T1,TND,Solidité,Gestion des risques,RISQ_PLACEMENT,Risque de placement,%,1.5405
SFBT,2006-03-31,2006,T1,TND,Solidité,Gestion des risques,RISQ_COMMERCIAL,Risque commercial,%,84.1667
SFBT,2006-03-31,2006,T1,TND,Solidité,Gestion des risques,CREDIT_FOURN,Crédits moyens fournisseurs,j,264.3071
SFBT,2006-03-31,2006,T1,TND,Solidité,Gestion des risques,CREDIT_CLIENT,Crédits moyens clients,j,258.1585
SFBT,2006-03-31,2006,T1,TND,Performance,Rentabilité commerciale,RENT_COM,Rentabilité commerciale,%,18.0887
SFBT,2006-03-31,2006,T1,TND,Performance,Rentabilité commerciale,MARGE_NETTE,Ratio de la marge nette,%,41.136
SFBT,2006-03-31,2006,T1,TND,Performance,Rentabilité commerciale,TAUX_MARQUE,Taux de marque,%,
SFBT,2006-03-31,2006,T1,TND,Performance,Rentabilité commerciale,ROT_CAP,Rotation des capitaux échangés,x,0.266
SFBT,2006-03-31,2006,T1,TND,Performance,Rentabilité économique,ROA,Rendement de l'actif (ROA),%,6.6789
SFBT,2006-03-31,2006,T1,TND,Performance,Rentabilité économique,ROCE,Rentabilité du capital investi (ROCE),%,3.8233
SFBT,2006-03-31,2006,T1,TND,Performance,Rentabilité économique,REND_IMMO,Rendement brut des immobilisations,%,5.6316
SFBT,2006-03-31,2006,T1,TND,Performance,Rentabilité économique,REND_RES_STABLE,Rendement brut des ressources stables,%,5.1578
SFBT,2006-03-31,2006,T1,TND,Performance,Rentabilité d'exploitation,MARGE_BRUTE_EXPL,Marge brute d'exploitation,%,24.4023
SFBT,2006-03-31,2006,T1,TND,Performance,Rentabilité d'exploitation,MARGE_BENEF_EXPL,Marge bénéficiaire d'exploitation,%,18.0887
SFBT,2006-03-31,2006,T1,TND,Performance,Rentabilité opérationnelle,REND_GLOBAL_NET,Rendement global net,%,6.6789
SFBT,2006-03-31,2006,T1,TND,Performance,Rentabilité opérationnelle,CREATION_VALEUR,Création de valeur annuelle,montant,-7130542.6024
SFBT,2006-03-31,2006,T1,TND,Performance,Rentabilité opérationnelle,REND_PRODUCTION,Rendement de la production,%,
SFBT,2006-03-31,2006,T1,TND,Performance,Rentabilité opérationnelle,ROT_STOCKS,Ratio de rotation des stocks,x,0.5827
SFBT,2006-03-31,2006,T1,TND,Performance,Rentabilité opérationnelle,PROFIT_OP,Profit opérationnel,montant,6527288.81
SFBT,2006-03-31,2006,T1,TND,Performance,Rentabilité financière,ROE,Rentabilité des capitaux propres (ROE),%,10.9418
SFBT,2006-03-31,2006,T1,TND,Performance,Rentabilité financière,ROI,Retour sur investissement (ROI),%,6.6789
SFBT,2006-03-31,2006,T1,TND,Performance,Rentabilité financière,PERF_PLACEMENT,Performance placement,%,284.9195
SFBT,2006-06-30,2006,S1,TND,Solidité,Liquidités,LIQ_GEN,Ratio de liquidité générale,x,1.1386
SFBT,2006-06-30,2006,S1,TND,Solidité,Liquidités,LIQ_RED,Ratio de liquidité réduite,x,0.8019
SFBT,2006-06-30,2006,S1,TND,Solidité,Liquidités,LIQ_IMM,Ratio de liquidité immédiate,x,0.1505
SFBT,2006-06-30,2006,S1,TND,Solidité,Liquidités,INT_DEF_RED,Intervalle défensif réduit,j,79.5423
SFBT,2006-06-30,2006,S1,TND,Solidité,Liquidités,INT_DEF,Intervalle défensif,j,302.2162
SFBT,2006-06-30,2006,S1,TND,Solidité,Liquidités,RFR,Ratio de fonds de roulement,%,4.6017
SFBT,2006-06-30,2006,S1,TND,Solidité,Liquidités,RBFR,Ratio de besoin en fonds de roulement,%,69.2284
SFBT,2006-06-30,2006,S1,TND,Solidité,Gestion des actifs,LEV_ECO,Ratio du levier économique,x,1.7274
SFBT,2006-06-30,2006,S1,TND,Solidité,Gestion des actifs,POIDS_IMMO,Poids des immobilisations,%,68.2625
SFBT,2006-06-30,2006,S1,TND,Solidité,Gestion des actifs,FIN_IMMO,Financement des immobilisations,x,1.0674
SFBT,2006-06-30,2006,S1,TND,Solidité,Gestion des actifs,VETUSTE,Vétusté de l'actif,%,58.7814
SFBT,2006-06-30,2006,S1,TND,Solidité,Gestion des passifs,ENDET_GLOB,Ratio d'endettement global,%,42.1103
SFBT,2006-06-30,2006,S1,TND,Solidité,Gestion des passifs,ENDET_TERME,Ratio d'endettement à terme,%,25.8673
SFBT,2006-06-30,2006,S1,TND,Solidité,Gestion des passifs,INDEP_FIN,Ratio d'indépendance financière,%,57.8897
SFBT,2006-06-30,2006,S1,TND,Solidité,Gestion des passifs,COUV_CF,Couverture des charges financières,x,23.3742
SFBT,2006-06-30,2006,S1,TND,Solidité,Gestion des passifs,POIDS_CF,Poids des charges financières,%,0.7739
SFBT,2006-06-30,2006,S1,TND,Solidité,Gestion des passifs,AUTO_FIN,Ratio d'autonomie financière,x,1.3747
SFBT,2006-06-30,2006,S1,TND,Solidité,Gestion des passifs,SOLVA,Ratio de solvabilité,x,2.3747
SFBT,2006-06-30,2006,S1,TND,Solidité,Ressources humaines,EFF_BRUT_RH,Efficacité brute des RH,x,
SFBT,2006-06-30,2006,S1,TND,Solidité,Ressources humaines,EFF_NET_RH,Efficacité nette des RH,x,3.1435
SFBT,2006-06-30,2006,S1,TND,Solidité,Gestion des risques,CONAN_HOLDER,Score de Conan & Holder,score,
SFBT,2006-06-30,2006,S1,TND,Solidité,Gestion des risques,RISQ_PLACEMENT,Risque de placement,%,1.4464
SFBT,2006-06-30,2006,S1,TND,Solidité,Gestion des risques,RISQ_COMMERCIAL,Risque commercial,%,50.7074
SFBT,2006-06-30,2006,S1,TND,Solidité,Gestion des risques,CREDIT_FOURN,Crédits moyens fournisseurs,j,108.746
SFBT,2006-06-30,2006,S1,TND,Solidité,Gestion des risques,CREDIT_CLIENT,Crédits moyens clients,j,155.5311
SFBT,2006-06-30,2006,S1,TND,Performance,Rentabilité commerciale,RENT_COM,Rentabilité commerciale,%,18.0887
SFBT,2006-06-30,2006,S1,TND,Performance,Rentabilité commerciale,MARGE_NETTE,Ratio de la marge nette,%,41.136
SFBT,2006-06-30,2006,S1,TND,Performance,Rentabilité commerciale,TAUX_MARQUE,Taux de marque,%,
SFBT,2006-06-30,2006,S1,TND,Performance,Rentabilité commerciale,ROT_CAP,Rotation des capitaux échangés,x,0.5273
SFBT,2006-06-30,2006,S1,TND,Performance,Rentabilité économique,ROA,Rendement de l'actif (ROA),%,12.5566
SFBT,2006-06-30,2006,S1,TND,Performance,Rentabilité économique,ROCE,Rentabilité du capital investi (ROCE),%,7.5778
SFBT,2006-06-30,2006,S1,TND,Performance,Rentabilité économique,REND_IMMO,Rendement brut des immobilisations,%,10.9118
SFBT,2006-06-30,2006,S1,TND,Performance,Rentabilité économique,REND_RES_STABLE,Rendement brut des ressources stables,%,10.2227
SFBT,2006-06-30,2006,S1,TND,Performance,Rentabilité d'exploitation,MARGE_BRUTE_EXPL,Marge brute d'exploitation,%,24.4023
SFBT,2006-06-30,2006,S1,TND,Performance,Rentabilité d'exploitation,MARGE_BENEF_EXPL,Marge bénéficiaire d'exploitation,%,18.0887
SFBT,2006-06-30,2006,S1,TND,Performance,Rentabilité opérationnelle,REND_GLOBAL_NET,Rendement global net,%,12.5566
SFBT,2006-06-30,2006,S1,TND,Performance,Rentabilité opérationnelle,CREATION_VALEUR,Création de valeur annuelle,montant,-727383.3033
SFBT,2006-06-30,2006,S1,TND,Performance,Rentabilité opérationnelle,REND_PRODUCTION,Rendement de la production,%,
SFBT,2006-06-30,2006,S1,TND,Performance,Rentabilité opérationnelle,ROT_STOCKS,Ratio de rotation des stocks,x,1.0748
SFBT,2006-06-30,2006,S1,TND,Performance,Rentabilité opérationnelle,PROFIT_OP,Profit opérationnel,montant,13054577.62
SFBT,2006-06-30,2006,S1,TND,Performance,Rentabilité financière,ROE,Rentabilité des capitaux propres (ROE),%,21.6905
SFBT,2006-06-30,2006,S1,TND,Performance,Rentabilité financière,ROI,Retour sur investissement (ROI),%,12.5566
SFBT,2006-06-30,2006,S1,TND,Performance,Rentabilité financière,PERF_PLACEMENT,Performance placement,%,570.5215
SFBT,2006-09-30,2006,9M,TND,Solidité,Liquidités,LIQ_GEN,Ratio de liquidité générale,x,1.2612
SFBT,2006-09-30,2006,9M,TND,Solidité,Liquidités,LIQ_RED,Ratio de liquidité réduite,x,0.8681
SFBT,2006-09-30,2006,9M,TND,Solidité,Liquidités,LIQ_IMM,Ratio de liquidité immédiate,x,0.1143
SFBT,2006-09-30,2006,9M,TND,Solidité,Liquidités,INT_DEF_RED,Intervalle défensif réduit,j,37.4839
SFBT,2006-09-30,2006,9M,TND,Solidité,Liquidités,INT_DEF,Intervalle défensif,j,166.8723
SFBT,2006-09-30,2006,9M,TND,Solidité,Liquidités,RFR,Ratio de fonds de roulement,%,6.681
SFBT,2006-09-30,2006,9M,TND,Solidité,Liquidités,RBFR,Ratio de besoin en fonds de roulement,%,38.7837
SFBT,2006-09-30,2006,9M,TND,Solidité,Gestion des actifs,LEV_ECO,Ratio du levier économique,x,1.5877
SFBT,2006-09-30,2006,9M,TND,Solidité,Gestion des actifs,POIDS_IMMO,Poids des immobilisations,%,71.1165
SFBT,2006-09-30,2006,9M,TND,Solidité,Gestion des actifs,FIN_IMMO,Financement des immobilisations,x,1.0939
SFBT,2006-09-30,2006,9M,TND,Solidité,Gestion des actifs,VETUSTE,Vétusté de l'actif,%,58.9654
SFBT,2006-09-30,2006,9M,TND,Solidité,Gestion des passifs,ENDET_GLOB,Ratio d'endettement global,%,37.0154
SFBT,2006-09-30,2006,9M,TND,Solidité,Gestion des passifs,ENDET_TERME,Ratio d'endettement à terme,%,23.5183
SFBT,2006-09-30,2006,9M,TND,Solidité,Gestion des passifs,INDEP_FIN,Ratio d'indépendance financière,%,62.9846
SFBT,2006-09-30,2006,9M,TND,Solidité,Gestion des passifs,COUV_CF,Couverture des charges financières,x,22.6149
SFBT,2006-09-30,2006,9M,TND,Solidité,Gestion des passifs,POIDS_CF,Poids des charges financières,%,0.8419
SFBT,2006-09-30,2006,9M,TND,Solidité,Gestion des passifs,AUTO_FIN,Ratio d'autonomie financière,x,1.7016
SFBT,2006-09-30,2006,9M,TND,Solidité,Gestion des passifs,SOLVA,Ratio de solvabilité,x,2.7016
SFBT,2006-09-30,2006,9M,TND,Solidité,Ressources humaines,EFF_BRUT_RH,Efficacité brute des RH,x,
SFBT,2006-09-30,2006,9M,TND,Solidité,Ressources humaines,EFF_NET_RH,Efficacité nette des RH,x,3.3995
SFBT,2006-09-30,2006,9M,TND,Solidité,Gestion des risques,CONAN_HOLDER,Score de Conan & Holder,score,
SFBT,2006-09-30,2006,9M,TND,Solidité,Gestion des risques,RISQ_PLACEMENT,Risque de placement,%,1.5159
SFBT,2006-09-30,2006,9M,TND,Solidité,Gestion des risques,RISQ_COMMERCIAL,Risque commercial,%,29.0321
SFBT,2006-09-30,2006,9M,TND,Solidité,Gestion des risques,CREDIT_FOURN,Crédits moyens fournisseurs,j,74.6136
SFBT,2006-09-30,2006,9M,TND,Solidité,Gestion des risques,CREDIT_CLIENT,Crédits moyens clients,j,89.0479
SFBT,2006-09-30,2006,9M,TND,Performance,Rentabilité commerciale,RENT_COM,Rentabilité commerciale,%,19.0384
SFBT,2006-09-30,2006,9M,TND,Performance,Rentabilité commerciale,MARGE_NETTE,Ratio de la marge nette,%,32.3934
SFBT,2006-09-30,2006,9M,TND,Performance,Rentabilité commerciale,TAUX_MARQUE,Taux de marque,%,
SFBT,2006-09-30,2006,9M,TND,Performance,Rentabilité commerciale,ROT_CAP,Rotation des capitaux échangés,x,0.7653
SFBT,2006-09-30,2006,9M,TND,Performance,Rentabilité économique,ROA,Rendement de l'actif (ROA),%,15.6138
SFBT,2006-09-30,2006,9M,TND,Performance,Rentabilité économique,ROCE,Rentabilité du capital investi (ROCE),%,11.7955
SFBT,2006-09-30,2006,9M,TND,Performance,Rentabilité économique,REND_IMMO,Rendement brut des immobilisations,%,17.3671
SFBT,2006-09-30,2006,9M,TND,Performance,Rentabilité économique,REND_RES_STABLE,Rendement brut des ressources stables,%,15.8757
SFBT,2006-09-30,2006,9M,TND,Performance,Rentabilité d'exploitation,MARGE_BRUTE_EXPL,Marge brute d'exploitation,%,25.6239
SFBT,2006-09-30,2006,9M,TND,Performance,Rentabilité d'exploitation,MARGE_BENEF_EXPL,Marge bénéficiaire d'exploitation,%,19.0384
SFBT,2006-09-30,2006,9M,TND,Performance,Rentabilité opérationnelle,REND_GLOBAL_NET,Rendement global net,%,15.6138
SFBT,2006-09-30,2006,9M,TND,Performance,Rentabilité opérationnelle,CREATION_VALEUR,Création de valeur annuelle,montant,6668814.8041
SFBT,2006-09-30,2006,9M,TND,Performance,Rentabilité opérationnelle,REND_PRODUCTION,Rendement de la production,%,
SFBT,2006-09-30,2006,9M,TND,Performance,Rentabilité opérationnelle,ROT_STOCKS,Ratio de rotation des stocks,x,1.8971
SFBT,2006-09-30,2006,9M,TND,Performance,Rentabilité opérationnelle,PROFIT_OP,Profit opérationnel,montant,20725020.846
SFBT,2006-09-30,2006,9M,TND,Performance,Rentabilité financière,ROE,Rentabilité des capitaux propres (ROE),%,24.7899
SFBT,2006-09-30,2006,9M,TND,Performance,Rentabilité financière,ROI,Retour sur investissement (ROI),%,15.6138
SFBT,2006-09-30,2006,9M,TND,Performance,Rentabilité financière,PERF_PLACEMENT,Performance placement,%,572.4123
SFBT,2006-12-31,2006,FY,TND,Solidité,Liquidités,LIQ_GEN,Ratio de liquidité générale,x,1.4791
SFBT,2006-12-31,2006,FY,TND,Solidité,Liquidités,LIQ_RED,Ratio de liquidité réduite,x,0.9856
SFBT,2006-12-31,2006,FY,TND,Solidité,Liquidités,LIQ_IMM,Ratio de liquidité immédiate,x,0.0501
SFBT,2006-12-31,2006,FY,TND,Solidité,Liquidités,INT_DEF_RED,Intervalle défensif réduit,j,16.1613
SFBT,2006-12-31,2006,FY,TND,Solidité,Liquidités,INT_DEF,Intervalle défensif,j,98.2564
SFBT,2006-12-31,2006,FY,TND,Solidité,Liquidités,RFR,Ratio de fonds de roulement,%,8.9649
SFBT,2006-12-31,2006,FY,TND,Solidité,Liquidités,RBFR,Ratio de besoin en fonds de roulement,%,23.6878
SFBT,2006-12-31,2006,FY,TND,Solidité,Gestion des actifs,LEV_ECO,Ratio du levier économique,x,1.4581
SFBT,2006-12-31,2006,FY,TND,Solidité,Gestion des actifs,POIDS_IMMO,Poids des immobilisations,%,74.2511
SFBT,2006-12-31,2006,FY,TND,Solidité,Gestion des actifs,FIN_IMMO,Financement des immobilisations,x,1.1207
SFBT,2006-12-31,2006,FY,TND,Solidité,Gestion des actifs,VETUSTE,Vétusté de l'actif,%,59.1457
SFBT,2006-12-31,2006,FY,TND,Solidité,Gestion des passifs,ENDET_GLOB,Ratio d'endettement global,%,31.4194
SFBT,2006-12-31,2006,FY,TND,Solidité,Gestion des passifs,ENDET_TERME,Ratio d'endettement à terme,%,21.3404
SFBT,2006-12-31,2006,FY,TND,Solidité,Gestion des passifs,INDEP_FIN,Ratio d'indépendance financière,%,68.5806
SFBT,2006-12-31,2006,FY,TND,Solidité,Gestion des passifs,COUV_CF,Couverture des charges financières,x,22.2821
SFBT,2006-12-31,2006,FY,TND,Solidité,Gestion des passifs,POIDS_CF,Poids des charges financières,%,0.8756
SFBT,2006-12-31,2006,FY,TND,Solidité,Gestion des passifs,AUTO_FIN,Ratio d'autonomie financière,x,2.1827
SFBT,2006-12-31,2006,FY,TND,Solidité,Gestion des passifs,SOLVA,Ratio de solvabilité,x,3.1827
SFBT,2006-12-31,2006,FY,TND,Solidité,Ressources humaines,EFF_BRUT_RH,Efficacité brute des RH,x,
SFBT,2006-12-31,2006,FY,TND,Solidité,Ressources humaines,EFF_NET_RH,Efficacité nette des RH,x,3.5322
SFBT,2006-12-31,2006,FY,TND,Solidité,Gestion des risques,CONAN_HOLDER,Score de Conan & Holder,score,
SFBT,2006-12-31,2006,FY,TND,Solidité,Gestion des risques,RISQ_PLACEMENT,Risque de placement,%,1.5921
SFBT,2006-12-31,2006,FY,TND,Solidité,Gestion des risques,RISQ_COMMERCIAL,Risque commercial,%,18.2844
SFBT,2006-12-31,2006,FY,TND,Solidité,Gestion des risques,CREDIT_FOURN,Crédits moyens fournisseurs,j,59.2535
SFBT,2006-12-31,2006,FY,TND,Solidité,Gestion des risques,CREDIT_CLIENT,Crédits moyens clients,j,56.0824
SFBT,2006-12-31,2006,FY,TND,Performance,Rentabilité commerciale,RENT_COM,Rentabilité commerciale,%,19.5093
SFBT,2006-12-31,2006,FY,TND,Performance,Rentabilité commerciale,MARGE_NETTE,Ratio de la marge nette,%,28.0583
SFBT,2006-12-31,2006,FY,TND,Performance,Rentabilité commerciale,TAUX_MARQUE,Taux de marque,%,
SFBT,2006-12-31,2006,FY,TND,Performance,Rentabilité commerciale,ROT_CAP,Rotation des capitaux échangés,x,0.9859
SFBT,2006-12-31,2006,FY,TND,Performance,Rentabilité économique,ROA,Rendement de l'actif (ROA),%,18.9717
SFBT,2006-12-31,2006,FY,TND,Performance,Rentabilité économique,ROCE,Rentabilité du capital investi (ROCE),%,15.8518
SFBT,2006-12-31,2006,FY,TND,Performance,Rentabilité économique,REND_IMMO,Rendement brut des immobilisations,%,23.8855
SFBT,2006-12-31,2006,FY,TND,Performance,Rentabilité économique,REND_RES_STABLE,Rendement brut des ressources stables,%,21.3123
SFBT,2006-12-31,2006,FY,TND,Performance,Rentabilité d'exploitation,MARGE_BRUTE_EXPL,Marge brute d'exploitation,%,26.2296
SFBT,2006-12-31,2006,FY,TND,Performance,Rentabilité d'exploitation,MARGE_BENEF_EXPL,Marge bénéficiaire d'exploitation,%,19.5093
SFBT,2006-12-31,2006,FY,TND,Performance,Rentabilité opérationnelle,REND_GLOBAL_NET,Rendement global net,%,18.9717
SFBT,2006-12-31,2006,FY,TND,Performance,Rentabilité opérationnelle,CREATION_VALEUR,Création de valeur annuelle,montant,14065012.9114
SFBT,2006-12-31,2006,FY,TND,Performance,Rentabilité opérationnelle,REND_PRODUCTION,Rendement de la production,%,
SFBT,2006-12-31,2006,FY,TND,Performance,Rentabilité opérationnelle,ROT_STOCKS,Ratio de rotation des stocks,x,2.8931
SFBT,2006-12-31,2006,FY,TND,Performance,Rentabilité opérationnelle,PROFIT_OP,Profit opérationnel,montant,28395464.072
SFBT,2006-12-31,2006,FY,TND,Performance,Rentabilité financière,ROE,Rentabilité des capitaux propres (ROE),%,27.6634
SFBT,2006-12-31,2006,FY,TND,Performance,Rentabilité financière,ROI,Retour sur investissement (ROI),%,18.9717
SFBT,2006-12-31,2006,FY,TND,Performance,Rentabilité financière,PERF_PLACEMENT,Performance placement,%,574.2991
SFBT,2007-03-31,2007,T1,TND,Solidité,Liquidités,LIQ_GEN,Ratio de liquidité générale,x,1.4337
SFBT,2007-03-31,2007,T1,TND,Solidité,Liquidités,LIQ_RED,Ratio de liquidité réduite,x,1.0029
SFBT,2007-03-31,2007,T1,TND,Solidité,Liquidités,LIQ_IMM,Ratio de liquidité immédiate,x,0.0641
SFBT,2007-03-31,2007,T1,TND,Solidité,Liquidités,INT_DEF_RED,Intervalle défensif réduit,j,124.3839
SFBT,2007-03-31,2007,T1,TND,Solidité,Liquidités,INT_DEF,Intervalle défensif,j,555.4346
SFBT,2007-03-31,2007,T1,TND,Solidité,Liquidités,RFR,Ratio de fonds de roulement,%,9.7812
SFBT,2007-03-31,2007,T1,TND,Solidité,Liquidités,RBFR,Ratio de besoin en fonds de roulement,%,114.2422
SFBT,2007-03-31,2007,T1,TND,Solidité,Gestion des actifs,LEV_ECO,Ratio du levier économique,x,1.5276
SFBT,2007-03-31,2007,T1,TND,Solidité,Gestion des actifs,POIDS_IMMO,Poids des immobilisations,%,69.7013
SFBT,2007-03-31,2007,T1,TND,Solidité,Gestion des actifs,FIN_IMMO,Financement des immobilisations,x,1.1403
SFBT,2007-03-31,2007,T1,TND,Solidité,Gestion des actifs,VETUSTE,Vétusté de l'actif,%,59.6632
SFBT,2007-03-31,2007,T1,TND,Solidité,Gestion des passifs,ENDET_GLOB,Ratio d'endettement global,%,34.5387
SFBT,2007-03-31,2007,T1,TND,Solidité,Gestion des passifs,ENDET_TERME,Ratio d'endettement à terme,%,21.4191
SFBT,2007-03-31,2007,T1,TND,Solidité,Gestion des passifs,INDEP_FIN,Ratio d'indépendance financière,%,65.4613
SFBT,2007-03-31,2007,T1,TND,Solidité,Gestion des passifs,COUV_CF,Couverture des charges financières,x,32.2422
SFBT,2007-03-31,2007,T1,TND,Solidité,Gestion des passifs,POIDS_CF,Poids des charges financières,%,0.643
SFBT,2007-03-31,2007,T1,TND,Solidité,Gestion des passifs,AUTO_FIN,Ratio d'autonomie financière,x,1.8953
SFBT,2007-03-31,2007,T1,TND,Solidité,Gestion des passifs,SOLVA,Ratio de solvabilité,x,2.8953
SFBT,2007-03-31,2007,T1,TND,Solidité,Ressources humaines,EFF_BRUT_RH,Efficacité brute des RH,x,
SFBT,2007-03-31,2007,T1,TND,Solidité,Ressources humaines,EFF_NET_RH,Efficacité nette des RH,x,3.5964
SFBT,2007-03-31,2007,T1,TND,Solidité,Gestion des risques,CONAN_HOLDER,Score de Conan & Holder,score,
SFBT,2007-03-31,2007,T1,TND,Solidité,Gestion des risques,RISQ_PLACEMENT,Risque de placement,%,2.8061
SFBT,2007-03-31,2007,T1,TND,Solidité,Gestion des risques,RISQ_COMMERCIAL,Risque commercial,%,92.3385
SFBT,2007-03-31,2007,T1,TND,Solidité,Gestion des risques,CREDIT_FOURN,Crédits moyens fournisseurs,j,308.6744
SFBT,2007-03-31,2007,T1,TND,Solidité,Gestion des risques,CREDIT_CLIENT,Crédits moyens clients,j,283.2231
SFBT,2007-03-31,2007,T1,TND,Performance,Rentabilité commerciale,RENT_COM,Rentabilité commerciale,%,20.7313
SFBT,2007-03-31,2007,T1,TND,Performance,Rentabilité commerciale,MARGE_NETTE,Ratio de la marge nette,%,45.4456
SFBT,2007-03-31,2007,T1,TND,Performance,Rentabilité commerciale,TAUX_MARQUE,Taux de marque,%,
SFBT,2007-03-31,2007,T1,TND,Performance,Rentabilité commerciale,ROT_CAP,Rotation des capitaux échangés,x,0.2363
SFBT,2007-03-31,2007,T1,TND,Performance,Rentabilité économique,ROA,Rendement de l'actif (ROA),%,7.0308
SFBT,2007-03-31,2007,T1,TND,Performance,Rentabilité économique,ROCE,Rentabilité du capital investi (ROCE),%,4.0353
SFBT,2007-03-31,2007,T1,TND,Performance,Rentabilité économique,REND_IMMO,Rendement brut des immobilisations,%,6.4348
SFBT,2007-03-31,2007,T1,TND,Performance,Rentabilité économique,REND_RES_STABLE,Rendement brut des ressources stables,%,5.643
SFBT,2007-03-31,2007,T1,TND,Performance,Rentabilité d'exploitation,MARGE_BRUTE_EXPL,Marge brute d'exploitation,%,28.9911
SFBT,2007-03-31,2007,T1,TND,Performance,Rentabilité d'exploitation,MARGE_BENEF_EXPL,Marge bénéficiaire d'exploitation,%,20.7313
SFBT,2007-03-31,2007,T1,TND,Performance,Rentabilité opérationnelle,REND_GLOBAL_NET,Rendement global net,%,7.0308
SFBT,2007-03-31,2007,T1,TND,Performance,Rentabilité opérationnelle,CREATION_VALEUR,Création de valeur annuelle,montant,-7171518.4479
SFBT,2007-03-31,2007,T1,TND,Performance,Rentabilité opérationnelle,REND_PRODUCTION,Rendement de la production,%,
SFBT,2007-03-31,2007,T1,TND,Performance,Rentabilité opérationnelle,ROT_STOCKS,Ratio de rotation des stocks,x,0.6128
SFBT,2007-03-31,2007,T1,TND,Performance,Rentabilité opérationnelle,PROFIT_OP,Profit opérationnel,montant,7299043.241
SFBT,2007-03-31,2007,T1,TND,Performance,Rentabilité financière,ROE,Rentabilité des capitaux propres (ROE),%,10.7404
SFBT,2007-03-31,2007,T1,TND,Performance,Rentabilité financière,ROI,Retour sur investissement (ROI),%,7.0308
SFBT,2007-03-31,2007,T1,TND,Performance,Rentabilité financière,PERF_PLACEMENT,Performance placement,%,168.2504
SFBT,2007-06-30,2007,S1,TND,Solidité,Liquidités,LIQ_GEN,Ratio de liquidité générale,x,1.4049
SFBT,2007-06-30,2007,S1,TND,Solidité,Liquidités,LIQ_RED,Ratio de liquidité réduite,x,1.0139
SFBT,2007-06-30,2007,S1,TND,Solidité,Liquidités,LIQ_IMM,Ratio de liquidité immédiate,x,0.0731
SFBT,2007-06-30,2007,S1,TND,Solidité,Liquidités,INT_DEF_RED,Intervalle défensif réduit,j,89.9574
SFBT,2007-06-30,2007,S1,TND,Solidité,Liquidités,INT_DEF,Intervalle défensif,j,345.0158
SFBT,2007-06-30,2007,S1,TND,Solidité,Liquidités,RFR,Ratio de fonds de roulement,%,10.5214
SFBT,2007-06-30,2007,S1,TND,Solidité,Liquidités,RBFR,Ratio de besoin en fonds de roulement,%,65.3704
SFBT,2007-06-30,2007,S1,TND,Solidité,Gestion des actifs,LEV_ECO,Ratio du levier économique,x,1.5966
SFBT,2007-06-30,2007,S1,TND,Solidité,Gestion des actifs,POIDS_IMMO,Poids des immobilisations,%,65.5757
SFBT,2007-06-30,2007,S1,TND,Solidité,Gestion des actifs,FIN_IMMO,Financement des immobilisations,x,1.1604
SFBT,2007-06-30,2007,S1,TND,Solidité,Gestion des actifs,VETUSTE,Vétusté de l'actif,%,60.1751
SFBT,2007-06-30,2007,S1,TND,Solidité,Gestion des passifs,ENDET_GLOB,Ratio d'endettement global,%,37.3672
SFBT,2007-06-30,2007,S1,TND,Solidité,Gestion des passifs,ENDET_TERME,Ratio d'endettement à terme,%,21.4972
SFBT,2007-06-30,2007,S1,TND,Solidité,Gestion des passifs,INDEP_FIN,Ratio d'indépendance financière,%,62.6328
SFBT,2007-06-30,2007,S1,TND,Solidité,Gestion des passifs,COUV_CF,Couverture des charges financières,x,32.2422
SFBT,2007-06-30,2007,S1,TND,Solidité,Gestion des passifs,POIDS_CF,Poids des charges financières,%,0.643
SFBT,2007-06-30,2007,S1,TND,Solidité,Gestion des passifs,AUTO_FIN,Ratio d'autonomie financière,x,1.6761
SFBT,2007-06-30,2007,S1,TND,Solidité,Gestion des passifs,SOLVA,Ratio de solvabilité,x,2.6761
SFBT,2007-06-30,2007,S1,TND,Solidité,Ressources humaines,EFF_BRUT_RH,Efficacité brute des RH,x,
SFBT,2007-06-30,2007,S1,TND,Solidité,Ressources humaines,EFF_NET_RH,Efficacité nette des RH,x,3.5964
SFBT,2007-06-30,2007,S1,TND,Solidité,Gestion des risques,CONAN_HOLDER,Score de Conan & Holder,score,
SFBT,2007-06-30,2007,S1,TND,Solidité,Gestion des risques,RISQ_PLACEMENT,Risque de placement,%,3.907
SFBT,2007-06-30,2007,S1,TND,Solidité,Gestion des risques,RISQ_COMMERCIAL,Risque commercial,%,54.6379
SFBT,2007-06-30,2007,S1,TND,Solidité,Gestion des risques,CREDIT_FOURN,Crédits moyens fournisseurs,j,185.051
SFBT,2007-06-30,2007,S1,TND,Solidité,Gestion des risques,CREDIT_CLIENT,Crédits moyens clients,j,167.5868
SFBT,2007-06-30,2007,S1,TND,Performance,Rentabilité commerciale,RENT_COM,Rentabilité commerciale,%,20.7313
SFBT,2007-06-30,2007,S1,TND,Performance,Rentabilité commerciale,MARGE_NETTE,Ratio de la marge nette,%,45.4456
SFBT,2007-06-30,2007,S1,TND,Performance,Rentabilité commerciale,TAUX_MARQUE,Taux de marque,%,
SFBT,2007-06-30,2007,S1,TND,Performance,Rentabilité commerciale,ROT_CAP,Rotation des capitaux échangés,x,0.4684
SFBT,2007-06-30,2007,S1,TND,Performance,Rentabilité économique,ROA,Rendement de l'actif (ROA),%,13.3322
SFBT,2007-06-30,2007,S1,TND,Performance,Rentabilité économique,ROCE,Rentabilité du capital investi (ROCE),%,7.9923
SFBT,2007-06-30,2007,S1,TND,Performance,Rentabilité économique,REND_IMMO,Rendement brut des immobilisations,%,12.9698
SFBT,2007-06-30,2007,S1,TND,Performance,Rentabilité économique,REND_RES_STABLE,Rendement brut des ressources stables,%,11.1765
SFBT,2007-06-30,2007,S1,TND,Performance,Rentabilité d'exploitation,MARGE_BRUTE_EXPL,Marge brute d'exploitation,%,28.9911
SFBT,2007-06-30,2007,S1,TND,Performance,Rentabilité d'exploitation,MARGE_BENEF_EXPL,Marge bénéficiaire d'exploitation,%,20.7313
SFBT,2007-06-30,2007,S1,TND,Performance,Rentabilité opérationnelle,REND_GLOBAL_NET,Rendement global net,%,13.3322
SFBT,2007-06-30,2007,S1,TND,Performance,Rentabilité opérationnelle,CREATION_VALEUR,Création de valeur annuelle,montant,-14142.5188
SFBT,2007-06-30,2007,S1,TND,Performance,Rentabilité opérationnelle,REND_PRODUCTION,Rendement de la production,%,
SFBT,2007-06-30,2007,S1,TND,Performance,Rentabilité opérationnelle,ROT_STOCKS,Ratio de rotation des stocks,x,1.0991
SFBT,2007-06-30,2007,S1,TND,Performance,Rentabilité opérationnelle,PROFIT_OP,Profit opérationnel,montant,14598086.482
SFBT,2007-06-30,2007,S1,TND,Performance,Rentabilité financière,ROE,Rentabilité des capitaux propres (ROE),%,21.2863
SFBT,2007-06-30,2007,S1,TND,Performance,Rentabilité financière,ROI,Retour sur investissement (ROI),%,13.3322
SFBT,2007-06-30,2007,S1,TND,Performance,Rentabilité financière,PERF_PLACEMENT,Performance placement,%,229.1496
SFBT,2007-09-30,2007,9M,TND,Solidité,Liquidités,LIQ_GEN,Ratio de liquidité générale,x,1.4563
SFBT,2007-09-30,2007,9M,TND,Solidité,Liquidités,LIQ_RED,Ratio de liquidité réduite,x,1.0049
SFBT,2007-09-30,2007,9M,TND,Solidité,Liquidités,LIQ_IMM,Ratio de liquidité immédiate,x,0.0983
SFBT,2007-09-30,2007,9M,TND,Solidité,Liquidités,INT_DEF_RED,Intervalle défensif réduit,j,56.1954
SFBT,2007-09-30,2007,9M,TND,Solidité,Liquidités,INT_DEF,Intervalle défensif,j,189.6554
SFBT,2007-09-30,2007,9M,TND,Solidité,Liquidités,RFR,Ratio de fonds de roulement,%,10.2239
SFBT,2007-09-30,2007,9M,TND,Solidité,Liquidités,RBFR,Ratio de besoin en fonds de roulement,%,36.111
SFBT,2007-09-30,2007,9M,TND,Solidité,Gestion des actifs,LEV_ECO,Ratio du levier économique,x,1.5058
SFBT,2007-09-30,2007,9M,TND,Solidité,Gestion des actifs,POIDS_IMMO,Poids des immobilisations,%,69.2024
SFBT,2007-09-30,2007,9M,TND,Solidité,Gestion des actifs,FIN_IMMO,Financement des immobilisations,x,1.1477
SFBT,2007-09-30,2007,9M,TND,Solidité,Gestion des actifs,VETUSTE,Vétusté de l'actif,%,59.6041
SFBT,2007-09-30,2007,9M,TND,Solidité,Gestion des passifs,ENDET_GLOB,Ratio d'endettement global,%,33.5922
SFBT,2007-09-30,2007,9M,TND,Solidité,Gestion des passifs,ENDET_TERME,Ratio d'endettement à terme,%,19.6039
SFBT,2007-09-30,2007,9M,TND,Solidité,Gestion des passifs,INDEP_FIN,Ratio d'indépendance financière,%,66.4078
SFBT,2007-09-30,2007,9M,TND,Solidité,Gestion des passifs,COUV_CF,Couverture des charges financières,x,21.7199
SFBT,2007-09-30,2007,9M,TND,Solidité,Gestion des passifs,POIDS_CF,Poids des charges financières,%,0.9792
SFBT,2007-09-30,2007,9M,TND,Solidité,Gestion des passifs,AUTO_FIN,Ratio d'autonomie financière,x,1.9769
SFBT,2007-09-30,2007,9M,TND,Solidité,Gestion des passifs,SOLVA,Ratio de solvabilité,x,2.9769
SFBT,2007-09-30,2007,9M,TND,Solidité,Ressources humaines,EFF_BRUT_RH,Efficacité brute des RH,x,
SFBT,2007-09-30,2007,9M,TND,Solidité,Ressources humaines,EFF_NET_RH,Efficacité nette des RH,x,3.799
SFBT,2007-09-30,2007,9M,TND,Solidité,Gestion des risques,CONAN_HOLDER,Score de Conan & Holder,score,
SFBT,2007-09-30,2007,9M,TND,Solidité,Gestion des risques,RISQ_PLACEMENT,Risque de placement,%,3.5612
SFBT,2007-09-30,2007,9M,TND,Solidité,Gestion des risques,RISQ_COMMERCIAL,Risque commercial,%,28.5817
SFBT,2007-09-30,2007,9M,TND,Solidité,Gestion des risques,CREDIT_FOURN,Crédits moyens fournisseurs,j,109.2265
SFBT,2007-09-30,2007,9M,TND,Solidité,Gestion des risques,CREDIT_CLIENT,Crédits moyens clients,j,87.6665
SFBT,2007-09-30,2007,9M,TND,Performance,Rentabilité commerciale,RENT_COM,Rentabilité commerciale,%,21.2681
SFBT,2007-09-30,2007,9M,TND,Performance,Rentabilité commerciale,MARGE_NETTE,Ratio de la marge nette,%,34.9409
SFBT,2007-09-30,2007,9M,TND,Performance,Rentabilité commerciale,TAUX_MARQUE,Taux de marque,%,
SFBT,2007-09-30,2007,9M,TND,Performance,Rentabilité commerciale,ROT_CAP,Rotation des capitaux échangés,x,0.6986
SFBT,2007-09-30,2007,9M,TND,Performance,Rentabilité économique,ROA,Rendement de l'actif (ROA),%,16.2102
SFBT,2007-09-30,2007,9M,TND,Performance,Rentabilité économique,ROCE,Rentabilité du capital investi (ROCE),%,12.4228
SFBT,2007-09-30,2007,9M,TND,Performance,Rentabilité économique,REND_IMMO,Rendement brut des immobilisations,%,19.5021
SFBT,2007-09-30,2007,9M,TND,Performance,Rentabilité économique,REND_RES_STABLE,Rendement brut des ressources stables,%,16.9918
SFBT,2007-09-30,2007,9M,TND,Performance,Rentabilité d'exploitation,MARGE_BRUTE_EXPL,Marge brute d'exploitation,%,29.0903
SFBT,2007-09-30,2007,9M,TND,Performance,Rentabilité d'exploitation,MARGE_BENEF_EXPL,Marge bénéficiaire d'exploitation,%,21.2681
SFBT,2007-09-30,2007,9M,TND,Performance,Rentabilité opérationnelle,REND_GLOBAL_NET,Rendement global net,%,16.2102
SFBT,2007-09-30,2007,9M,TND,Performance,Rentabilité opérationnelle,CREATION_VALEUR,Création de valeur annuelle,montant,8268805.843
SFBT,2007-09-30,2007,9M,TND,Performance,Rentabilité opérationnelle,REND_PRODUCTION,Rendement de la production,%,
SFBT,2007-09-30,2007,9M,TND,Performance,Rentabilité opérationnelle,ROT_STOCKS,Ratio de rotation des stocks,x,1.7519
SFBT,2007-09-30,2007,9M,TND,Performance,Rentabilité opérationnelle,PROFIT_OP,Profit opérationnel,montant,23225484.986
SFBT,2007-09-30,2007,9M,TND,Performance,Rentabilité financière,ROE,Rentabilité des capitaux propres (ROE),%,24.4102
SFBT,2007-09-30,2007,9M,TND,Performance,Rentabilité financière,ROI,Retour sur investissement (ROI),%,16.2102
SFBT,2007-09-30,2007,9M,TND,Performance,Rentabilité financière,PERF_PLACEMENT,Performance placement,%,259.2183
SFBT,2007-12-31,2007,FY,TND,Solidité,Liquidités,LIQ_GEN,Ratio de liquidité générale,x,1.5311
SFBT,2007-12-31,2007,FY,TND,Solidité,Liquidités,LIQ_RED,Ratio de liquidité réduite,x,0.9919
SFBT,2007-12-31,2007,FY,TND,Solidité,Liquidités,LIQ_IMM,Ratio de liquidité immédiate,x,0.135
SFBT,2007-12-31,2007,FY,TND,Solidité,Liquidités,INT_DEF_RED,Intervalle défensif réduit,j,40.1246
SFBT,2007-12-31,2007,FY,TND,Solidité,Liquidités,INT_DEF,Intervalle défensif,j,115.7037
SFBT,2007-12-31,2007,FY,TND,Solidité,Liquidités,RFR,Ratio de fonds de roulement,%,9.9145
SFBT,2007-12-31,2007,FY,TND,Solidité,Liquidités,RBFR,Ratio de besoin en fonds de roulement,%,22.1891
SFBT,2007-12-31,2007,FY,TND,Solidité,Gestion des actifs,LEV_ECO,Ratio du levier économique,x,1.4218
SFBT,2007-12-31,2007,FY,TND,Solidité,Gestion des actifs,POIDS_IMMO,Poids des immobilisations,%,72.9749
SFBT,2007-12-31,2007,FY,TND,Solidité,Gestion des actifs,FIN_IMMO,Financement des immobilisations,x,1.1359
SFBT,2007-12-31,2007,FY,TND,Solidité,Gestion des actifs,VETUSTE,Vétusté de l'actif,%,59.0631
SFBT,2007-12-31,2007,FY,TND,Solidité,Gestion des passifs,ENDET_GLOB,Ratio d'endettement global,%,29.6654
SFBT,2007-12-31,2007,FY,TND,Solidité,Gestion des passifs,ENDET_TERME,Ratio d'endettement à terme,%,17.8502
SFBT,2007-12-31,2007,FY,TND,Solidité,Gestion des passifs,INDEP_FIN,Ratio d'indépendance financière,%,70.3346
SFBT,2007-12-31,2007,FY,TND,Solidité,Gestion des passifs,COUV_CF,Couverture des charges financières,x,18.894
SFBT,2007-12-31,2007,FY,TND,Solidité,Gestion des passifs,POIDS_CF,Poids des charges financières,%,1.1392
SFBT,2007-12-31,2007,FY,TND,Solidité,Gestion des passifs,AUTO_FIN,Ratio d'autonomie financière,x,2.3709
SFBT,2007-12-31,2007,FY,TND,Solidité,Gestion des passifs,SOLVA,Ratio de solvabilité,x,3.3709
SFBT,2007-12-31,2007,FY,TND,Solidité,Ressources humaines,EFF_BRUT_RH,Efficacité brute des RH,x,
SFBT,2007-12-31,2007,FY,TND,Solidité,Ressources humaines,EFF_NET_RH,Efficacité nette des RH,x,3.9032
SFBT,2007-12-31,2007,FY,TND,Solidité,Gestion des risques,CONAN_HOLDER,Score de Conan & Holder,score,
SFBT,2007-12-31,2007,FY,TND,Solidité,Gestion des risques,RISQ_PLACEMENT,Risque de placement,%,3.2014
SFBT,2007-12-31,2007,FY,TND,Solidité,Gestion des risques,RISQ_COMMERCIAL,Risque commercial,%,16.1839
SFBT,2007-12-31,2007,FY,TND,Solidité,Gestion des risques,CREDIT_FOURN,Crédits moyens fournisseurs,j,73.2323
SFBT,2007-12-31,2007,FY,TND,Solidité,Gestion des risques,CREDIT_CLIENT,Crédits moyens clients,j,49.6396
SFBT,2007-12-31,2007,FY,TND,Performance,Rentabilité commerciale,RENT_COM,Rentabilité commerciale,%,21.5235
SFBT,2007-12-31,2007,FY,TND,Performance,Rentabilité commerciale,MARGE_NETTE,Ratio de la marge nette,%,29.9427
SFBT,2007-12-31,2007,FY,TND,Performance,Rentabilité commerciale,TAUX_MARQUE,Taux de marque,%,
SFBT,2007-12-31,2007,FY,TND,Performance,Rentabilité commerciale,ROT_CAP,Rotation des capitaux échangés,x,0.9119
SFBT,2007-12-31,2007,FY,TND,Performance,Rentabilité économique,ROA,Rendement de l'actif (ROA),%,19.204
SFBT,2007-12-31,2007,FY,TND,Performance,Rentabilité économique,ROCE,Rentabilité du capital investi (ROCE),%,16.6539
SFBT,2007-12-31,2007,FY,TND,Performance,Rentabilité économique,REND_IMMO,Rendement brut des immobilisations,%,25.6083
SFBT,2007-12-31,2007,FY,TND,Performance,Rentabilité économique,REND_RES_STABLE,Rendement brut des ressources stables,%,22.5452
SFBT,2007-12-31,2007,FY,TND,Performance,Rentabilité d'exploitation,MARGE_BRUTE_EXPL,Marge brute d'exploitation,%,29.1375
SFBT,2007-12-31,2007,FY,TND,Performance,Rentabilité d'exploitation,MARGE_BENEF_EXPL,Marge bénéficiaire d'exploitation,%,21.5235
SFBT,2007-12-31,2007,FY,TND,Performance,Rentabilité opérationnelle,REND_GLOBAL_NET,Rendement global net,%,19.204
SFBT,2007-12-31,2007,FY,TND,Performance,Rentabilité opérationnelle,CREATION_VALEUR,Création de valeur annuelle,montant,16551754.2037
SFBT,2007-12-31,2007,FY,TND,Performance,Rentabilité opérationnelle,REND_PRODUCTION,Rendement de la production,%,
SFBT,2007-12-31,2007,FY,TND,Performance,Rentabilité opérationnelle,ROT_STOCKS,Ratio de rotation des stocks,x,2.4398
SFBT,2007-12-31,2007,FY,TND,Performance,Rentabilité opérationnelle,PROFIT_OP,Profit opérationnel,montant,31852883.489
SFBT,2007-12-31,2007,FY,TND,Performance,Rentabilité financière,ROE,Rentabilité des capitaux propres (ROE),%,27.3038
SFBT,2007-12-31,2007,FY,TND,Performance,Rentabilité financière,ROI,Retour sur investissement (ROI),%,19.204
SFBT,2007-12-31,2007,FY,TND,Performance,Rentabilité financière,PERF_PLACEMENT,Performance placement,%,297.3896
SFBT,2008-03-31,2008,T1,TND,Solidité,Liquidités,LIQ_GEN,Ratio de liquidité générale,x,1.3792
SFBT,2008-03-31,2008,T1,TND,Solidité,Liquidités,LIQ_RED,Ratio de liquidité réduite,x,0.9864
SFBT,2008-03-31,2008,T1,TND,Solidité,Liquidités,LIQ_IMM,Ratio de liquidité immédiate,x,0.2154
SFBT,2008-03-31,2008,T1,TND,Solidité,Liquidités,INT_DEF_RED,Intervalle défensif réduit,j,216.6859
SFBT,2008-03-31,2008,T1,TND,Solidité,Liquidités,INT_DEF,Intervalle défensif,j,594.0131
SFBT,2008-03-31,2008,T1,TND,Solidité,Liquidités,RFR,Ratio de fonds de roulement,%,9.1755
SFBT,2008-03-31,2008,T1,TND,Solidité,Liquidités,RBFR,Ratio de besoin en fonds de roulement,%,103.8441
SFBT,2008-03-31,2008,T1,TND,Solidité,Gestion des actifs,LEV_ECO,Ratio du levier économique,x,1.5178
SFBT,2008-03-31,2008,T1,TND,Solidité,Gestion des actifs,POIDS_IMMO,Poids des immobilisations,%,68.6325
SFBT,2008-03-31,2008,T1,TND,Solidité,Gestion des actifs,FIN_IMMO,Financement des immobilisations,x,1.1337
SFBT,2008-03-31,2008,T1,TND,Solidité,Gestion des actifs,VETUSTE,Vétusté de l'actif,%,59.1099
SFBT,2008-03-31,2008,T1,TND,Solidité,Gestion des passifs,ENDET_GLOB,Ratio d'endettement global,%,34.1137
SFBT,2008-03-31,2008,T1,TND,Solidité,Gestion des passifs,ENDET_TERME,Ratio d'endettement à terme,%,18.0944
SFBT,2008-03-31,2008,T1,TND,Solidité,Gestion des passifs,INDEP_FIN,Ratio d'indépendance financière,%,65.8863
SFBT,2008-03-31,2008,T1,TND,Solidité,Gestion des passifs,COUV_CF,Couverture des charges financières,x,30.1365
SFBT,2008-03-31,2008,T1,TND,Solidité,Gestion des passifs,POIDS_CF,Poids des charges financières,%,0.7334
SFBT,2008-03-31,2008,T1,TND,Solidité,Gestion des passifs,AUTO_FIN,Ratio d'autonomie financière,x,1.9314
SFBT,2008-03-31,2008,T1,TND,Solidité,Gestion des passifs,SOLVA,Ratio de solvabilité,x,2.9314
SFBT,2008-03-31,2008,T1,TND,Solidité,Ressources humaines,EFF_BRUT_RH,Efficacité brute des RH,x,
SFBT,2008-03-31,2008,T1,TND,Solidité,Ressources humaines,EFF_NET_RH,Efficacité nette des RH,x,3.5224
SFBT,2008-03-31,2008,T1,TND,Solidité,Gestion des risques,CONAN_HOLDER,Score de Conan & Holder,score,
SFBT,2008-03-31,2008,T1,TND,Solidité,Gestion des risques,RISQ_PLACEMENT,Risque de placement,%,2.1786
SFBT,2008-03-31,2008,T1,TND,Solidité,Gestion des risques,RISQ_COMMERCIAL,Risque commercial,%,82.7312
SFBT,2008-03-31,2008,T1,TND,Solidité,Gestion des risques,CREDIT_FOURN,Crédits moyens fournisseurs,j,328.4873
SFBT,2008-03-31,2008,T1,TND,Solidité,Gestion des risques,CREDIT_CLIENT,Crédits moyens clients,j,253.7555
SFBT,2008-03-31,2008,T1,TND,Performance,Rentabilité commerciale,RENT_COM,Rentabilité commerciale,%,22.1029
SFBT,2008-03-31,2008,T1,TND,Performance,Rentabilité commerciale,MARGE_NETTE,Ratio de la marge nette,%,47.1968
SFBT,2008-03-31,2008,T1,TND,Performance,Rentabilité commerciale,TAUX_MARQUE,Taux de marque,%,
SFBT,2008-03-31,2008,T1,TND,Performance,Rentabilité commerciale,ROT_CAP,Rotation des capitaux échangés,x,0.2223
SFBT,2008-03-31,2008,T1,TND,Performance,Rentabilité économique,ROA,Rendement de l'actif (ROA),%,6.9129
SFBT,2008-03-31,2008,T1,TND,Performance,Rentabilité économique,ROCE,Rentabilité du capital investi (ROCE),%,4.1608
SFBT,2008-03-31,2008,T1,TND,Performance,Rentabilité économique,REND_IMMO,Rendement brut des immobilisations,%,6.1328
SFBT,2008-03-31,2008,T1,TND,Performance,Rentabilité économique,REND_RES_STABLE,Rendement brut des ressources stables,%,5.4096
SFBT,2008-03-31,2008,T1,TND,Performance,Rentabilité d'exploitation,MARGE_BRUTE_EXPL,Marge brute d'exploitation,%,28.7371
SFBT,2008-03-31,2008,T1,TND,Performance,Rentabilité d'exploitation,MARGE_BENEF_EXPL,Marge bénéficiaire d'exploitation,%,22.1029
SFBT,2008-03-31,2008,T1,TND,Performance,Rentabilité opérationnelle,REND_GLOBAL_NET,Rendement global net,%,6.9129
SFBT,2008-03-31,2008,T1,TND,Performance,Rentabilité opérationnelle,CREATION_VALEUR,Création de valeur annuelle,montant,-7405303.6519
SFBT,2008-03-31,2008,T1,TND,Performance,Rentabilité opérationnelle,REND_PRODUCTION,Rendement de la production,%,
SFBT,2008-03-31,2008,T1,TND,Performance,Rentabilité opérationnelle,ROT_STOCKS,Ratio de rotation des stocks,x,0.6025
SFBT,2008-03-31,2008,T1,TND,Performance,Rentabilité opérationnelle,PROFIT_OP,Profit opérationnel,montant,8025502.042
SFBT,2008-03-31,2008,T1,TND,Performance,Rentabilité financière,ROE,Rentabilité des capitaux propres (ROE),%,10.4922
SFBT,2008-03-31,2008,T1,TND,Performance,Rentabilité financière,ROI,Retour sur investissement (ROI),%,6.9129
SFBT,2008-03-31,2008,T1,TND,Performance,Rentabilité financière,PERF_PLACEMENT,Performance placement,%,196.7869
SFBT,2008-06-30,2008,S1,TND,Solidité,Liquidités,LIQ_GEN,Ratio de liquidité générale,x,1.2942
SFBT,2008-06-30,2008,S1,TND,Solidité,Liquidités,LIQ_RED,Ratio de liquidité réduite,x,0.9834
SFBT,2008-06-30,2008,S1,TND,Solidité,Liquidités,LIQ_IMM,Ratio de liquidité immédiate,x,0.2604
SFBT,2008-06-30,2008,S1,TND,Solidité,Liquidités,INT_DEF_RED,Intervalle défensif réduit,j,136.8271
SFBT,2008-06-30,2008,S1,TND,Solidité,Liquidités,INT_DEF,Intervalle défensif,j,363.7312
SFBT,2008-06-30,2008,S1,TND,Solidité,Liquidités,RFR,Ratio de fonds de roulement,%,8.5321
SFBT,2008-06-30,2008,S1,TND,Solidité,Liquidités,RBFR,Ratio de besoin en fonds de roulement,%,58.625
SFBT,2008-06-30,2008,S1,TND,Solidité,Gestion des actifs,LEV_ECO,Ratio du levier économique,x,1.6125
SFBT,2008-06-30,2008,S1,TND,Solidité,Gestion des actifs,POIDS_IMMO,Poids des immobilisations,%,64.8522
SFBT,2008-06-30,2008,S1,TND,Solidité,Gestion des actifs,FIN_IMMO,Financement des immobilisations,x,1.1316
SFBT,2008-06-30,2008,S1,TND,Solidité,Gestion des actifs,VETUSTE,Vétusté de l'actif,%,59.1554
SFBT,2008-06-30,2008,S1,TND,Solidité,Gestion des passifs,ENDET_GLOB,Ratio d'endettement global,%,37.9862
SFBT,2008-06-30,2008,S1,TND,Solidité,Gestion des passifs,ENDET_TERME,Ratio d'endettement à terme,%,18.3356
SFBT,2008-06-30,2008,S1,TND,Solidité,Gestion des passifs,INDEP_FIN,Ratio d'indépendance financière,%,62.0138
SFBT,2008-06-30,2008,S1,TND,Solidité,Gestion des passifs,COUV_CF,Couverture des charges financières,x,30.1365
SFBT,2008-06-30,2008,S1,TND,Solidité,Gestion des passifs,POIDS_CF,Poids des charges financières,%,0.7334
SFBT,2008-06-30,2008,S1,TND,Solidité,Gestion des passifs,AUTO_FIN,Ratio d'autonomie financière,x,1.6325
SFBT,2008-06-30,2008,S1,TND,Solidité,Gestion des passifs,SOLVA,Ratio de solvabilité,x,2.6325
SFBT,2008-06-30,2008,S1,TND,Solidité,Ressources humaines,EFF_BRUT_RH,Efficacité brute des RH,x,
SFBT,2008-06-30,2008,S1,TND,Solidité,Ressources humaines,EFF_NET_RH,Efficacité nette des RH,x,3.5224
SFBT,2008-06-30,2008,S1,TND,Solidité,Gestion des risques,CONAN_HOLDER,Score de Conan & Holder,score,
SFBT,2008-06-30,2008,S1,TND,Solidité,Gestion des risques,RISQ_PLACEMENT,Risque de placement,%,1.2882
SFBT,2008-06-30,2008,S1,TND,Solidité,Gestion des risques,RISQ_COMMERCIAL,Risque commercial,%,49.7501
SFBT,2008-06-30,2008,S1,TND,Solidité,Gestion des risques,CREDIT_FOURN,Crédits moyens fournisseurs,j,182.4119
SFBT,2008-06-30,2008,S1,TND,Solidité,Gestion des risques,CREDIT_CLIENT,Crédits moyens clients,j,152.5948
SFBT,2008-06-30,2008,S1,TND,Performance,Rentabilité commerciale,RENT_COM,Rentabilité commerciale,%,22.1029
SFBT,2008-06-30,2008,S1,TND,Performance,Rentabilité commerciale,MARGE_NETTE,Ratio de la marge nette,%,47.1968
SFBT,2008-06-30,2008,S1,TND,Performance,Rentabilité commerciale,TAUX_MARQUE,Taux de marque,%,
SFBT,2008-06-30,2008,S1,TND,Performance,Rentabilité commerciale,ROT_CAP,Rotation des capitaux échangés,x,0.4418
SFBT,2008-06-30,2008,S1,TND,Performance,Rentabilité économique,ROA,Rendement de l'actif (ROA),%,12.9311
SFBT,2008-06-30,2008,S1,TND,Performance,Rentabilité économique,ROCE,Rentabilité du capital investi (ROCE),%,8.2522
SFBT,2008-06-30,2008,S1,TND,Performance,Rentabilité économique,REND_IMMO,Rendement brut des immobilisations,%,12.1406
SFBT,2008-06-30,2008,S1,TND,Performance,Rentabilité économique,REND_RES_STABLE,Rendement brut des ressources stables,%,10.7291
SFBT,2008-06-30,2008,S1,TND,Performance,Rentabilité d'exploitation,MARGE_BRUTE_EXPL,Marge brute d'exploitation,%,28.7371
SFBT,2008-06-30,2008,S1,TND,Performance,Rentabilité d'exploitation,MARGE_BENEF_EXPL,Marge bénéficiaire d'exploitation,%,22.1029
SFBT,2008-06-30,2008,S1,TND,Performance,Rentabilité opérationnelle,REND_GLOBAL_NET,Rendement global net,%,12.9311
SFBT,2008-06-30,2008,S1,TND,Performance,Rentabilité opérationnelle,CREATION_VALEUR,Création de valeur annuelle,montant,490521.9815
SFBT,2008-06-30,2008,S1,TND,Performance,Rentabilité opérationnelle,REND_PRODUCTION,Rendement de la production,%,
SFBT,2008-06-30,2008,S1,TND,Performance,Rentabilité opérationnelle,ROT_STOCKS,Ratio de rotation des stocks,x,1.1873
SFBT,2008-06-30,2008,S1,TND,Performance,Rentabilité opérationnelle,PROFIT_OP,Profit opérationnel,montant,16051004.084
SFBT,2008-06-30,2008,S1,TND,Performance,Rentabilité financière,ROE,Rentabilité des capitaux propres (ROE),%,20.8519
SFBT,2008-06-30,2008,S1,TND,Performance,Rentabilité financière,ROI,Retour sur investissement (ROI),%,12.9311
SFBT,2008-06-30,2008,S1,TND,Performance,Rentabilité financière,PERF_PLACEMENT,Performance placement,%,622.5323
SFBT,2008-09-30,2008,9M,TND,Solidité,Liquidités,LIQ_GEN,Ratio de liquidité générale,x,1.4749
SFBT,2008-09-30,2008,9M,TND,Solidité,Liquidités,LIQ_RED,Ratio de liquidité réduite,x,1.0283
SFBT,2008-09-30,2008,9M,TND,Solidité,Liquidités,LIQ_IMM,Ratio de liquidité immédiate,x,0.1973
SFBT,2008-09-30,2008,9M,TND,Solidité,Liquidités,INT_DEF_RED,Intervalle défensif réduit,j,54.5744
SFBT,2008-09-30,2008,9M,TND,Solidité,Liquidités,INT_DEF,Intervalle défensif,j,176.7204
SFBT,2008-09-30,2008,9M,TND,Solidité,Liquidités,RFR,Ratio de fonds de roulement,%,10.2907
SFBT,2008-09-30,2008,9M,TND,Solidité,Liquidités,RBFR,Ratio de besoin en fonds de roulement,%,36.3693
SFBT,2008-09-30,2008,9M,TND,Solidité,Gestion des actifs,LEV_ECO,Ratio du levier économique,x,1.4718
SFBT,2008-09-30,2008,9M,TND,Solidité,Gestion des actifs,POIDS_IMMO,Poids des immobilisations,%,69.5467
SFBT,2008-09-30,2008,9M,TND,Solidité,Gestion des actifs,FIN_IMMO,Financement des immobilisations,x,1.148
SFBT,2008-09-30,2008,9M,TND,Solidité,Gestion des actifs,VETUSTE,Vétusté de l'actif,%,59.2899
SFBT,2008-09-30,2008,9M,TND,Solidité,Gestion des passifs,ENDET_GLOB,Ratio d'endettement global,%,32.0546
SFBT,2008-09-30,2008,9M,TND,Solidité,Gestion des passifs,ENDET_TERME,Ratio d'endettement à terme,%,17.5022
SFBT,2008-09-30,2008,9M,TND,Solidité,Gestion des passifs,INDEP_FIN,Ratio d'indépendance financière,%,67.9454
SFBT,2008-09-30,2008,9M,TND,Solidité,Gestion des passifs,COUV_CF,Couverture des charges financières,x,28.2802
SFBT,2008-09-30,2008,9M,TND,Solidité,Gestion des passifs,POIDS_CF,Poids des charges financières,%,0.7692
SFBT,2008-09-30,2008,9M,TND,Solidité,Gestion des passifs,AUTO_FIN,Ratio d'autonomie financière,x,2.1197
SFBT,2008-09-30,2008,9M,TND,Solidité,Gestion des passifs,SOLVA,Ratio de solvabilité,x,3.1197
SFBT,2008-09-30,2008,9M,TND,Solidité,Ressources humaines,EFF_BRUT_RH,Efficacité brute des RH,x,
SFBT,2008-09-30,2008,9M,TND,Solidité,Ressources humaines,EFF_NET_RH,Efficacité nette des RH,x,3.7935
SFBT,2008-09-30,2008,9M,TND,Solidité,Gestion des risques,CONAN_HOLDER,Score de Conan & Holder,score,
SFBT,2008-09-30,2008,9M,TND,Solidité,Gestion des risques,RISQ_PLACEMENT,Risque de placement,%,1.5327
SFBT,2008-09-30,2008,9M,TND,Solidité,Gestion des risques,RISQ_COMMERCIAL,Risque commercial,%,26.86
SFBT,2008-09-30,2008,9M,TND,Solidité,Gestion des risques,CREDIT_FOURN,Crédits moyens fournisseurs,j,82.2121
SFBT,2008-09-30,2008,9M,TND,Solidité,Gestion des risques,CREDIT_CLIENT,Crédits moyens clients,j,82.3856
SFBT,2008-09-30,2008,9M,TND,Performance,Rentabilité commerciale,RENT_COM,Rentabilité commerciale,%,21.7519
SFBT,2008-09-30,2008,9M,TND,Performance,Rentabilité commerciale,MARGE_NETTE,Ratio de la marge nette,%,35.8195
SFBT,2008-09-30,2008,9M,TND,Performance,Rentabilité commerciale,TAUX_MARQUE,Taux de marque,%,
SFBT,2008-09-30,2008,9M,TND,Performance,Rentabilité commerciale,ROT_CAP,Rotation des capitaux échangés,x,0.6758
SFBT,2008-09-30,2008,9M,TND,Performance,Rentabilité économique,ROA,Rendement de l'actif (ROA),%,16.4465
SFBT,2008-09-30,2008,9M,TND,Performance,Rentabilité économique,ROCE,Rentabilité du capital investi (ROCE),%,12.5097
SFBT,2008-09-30,2008,9M,TND,Performance,Rentabilité économique,REND_IMMO,Rendement brut des immobilisations,%,18.4636
SFBT,2008-09-30,2008,9M,TND,Performance,Rentabilité économique,REND_RES_STABLE,Rendement brut des ressources stables,%,16.0837
SFBT,2008-09-30,2008,9M,TND,Performance,Rentabilité d'exploitation,MARGE_BRUTE_EXPL,Marge brute d'exploitation,%,27.9664
SFBT,2008-09-30,2008,9M,TND,Performance,Rentabilité d'exploitation,MARGE_BENEF_EXPL,Marge bénéficiaire d'exploitation,%,21.7519
SFBT,2008-09-30,2008,9M,TND,Performance,Rentabilité opérationnelle,REND_GLOBAL_NET,Rendement global net,%,16.4465
SFBT,2008-09-30,2008,9M,TND,Performance,Rentabilité opérationnelle,CREATION_VALEUR,Création de valeur annuelle,montant,9095177.6175
SFBT,2008-09-30,2008,9M,TND,Performance,Rentabilité opérationnelle,REND_PRODUCTION,Rendement de la production,%,
SFBT,2008-09-30,2008,9M,TND,Performance,Rentabilité opérationnelle,ROT_STOCKS,Ratio de rotation des stocks,x,1.9216
SFBT,2008-09-30,2008,9M,TND,Performance,Rentabilité opérationnelle,PROFIT_OP,Profit opérationnel,montant,25229712.24
SFBT,2008-09-30,2008,9M,TND,Performance,Rentabilité financière,ROE,Rentabilité des capitaux propres (ROE),%,24.2055
SFBT,2008-09-30,2008,9M,TND,Performance,Rentabilité financière,ROI,Retour sur investissement (ROI),%,16.4465
SFBT,2008-09-30,2008,9M,TND,Performance,Rentabilité financière,PERF_PLACEMENT,Performance placement,%,556.7071
SFBT,2008-12-31,2008,FY,TND,Solidité,Liquidités,LIQ_GEN,Ratio de liquidité générale,x,1.8818
SFBT,2008-12-31,2008,FY,TND,Solidité,Liquidités,LIQ_RED,Ratio de liquidité réduite,x,1.1296
SFBT,2008-12-31,2008,FY,TND,Solidité,Liquidités,LIQ_IMM,Ratio de liquidité immédiate,x,0.055
SFBT,2008-12-31,2008,FY,TND,Solidité,Liquidités,INT_DEF_RED,Intervalle défensif réduit,j,17.2517
SFBT,2008-12-31,2008,FY,TND,Solidité,Liquidités,INT_DEF,Intervalle défensif,j,91.8629
SFBT,2008-12-31,2008,FY,TND,Solidité,Liquidités,RFR,Ratio de fonds de roulement,%,12.2313
SFBT,2008-12-31,2008,FY,TND,Solidité,Liquidités,RBFR,Ratio de besoin en fonds de roulement,%,26.2274
SFBT,2008-12-31,2008,FY,TND,Solidité,Gestion des actifs,LEV_ECO,Ratio du levier économique,x,1.3424
SFBT,2008-12-31,2008,FY,TND,Solidité,Gestion des actifs,POIDS_IMMO,Poids des immobilisations,%,74.7273
SFBT,2008-12-31,2008,FY,TND,Solidité,Gestion des actifs,FIN_IMMO,Financement des immobilisations,x,1.1637
SFBT,2008-12-31,2008,FY,TND,Solidité,Gestion des actifs,VETUSTE,Vétusté de l'actif,%,59.4209
SFBT,2008-12-31,2008,FY,TND,Solidité,Gestion des passifs,ENDET_GLOB,Ratio d'endettement global,%,25.5087
SFBT,2008-12-31,2008,FY,TND,Solidité,Gestion des passifs,ENDET_TERME,Ratio d'endettement à terme,%,16.7365
SFBT,2008-12-31,2008,FY,TND,Solidité,Gestion des passifs,INDEP_FIN,Ratio d'indépendance financière,%,74.4913
SFBT,2008-12-31,2008,FY,TND,Solidité,Gestion des passifs,COUV_CF,Couverture des charges financières,x,27.4903
SFBT,2008-12-31,2008,FY,TND,Solidité,Gestion des passifs,POIDS_CF,Poids des charges financières,%,0.7854
SFBT,2008-12-31,2008,FY,TND,Solidité,Gestion des passifs,AUTO_FIN,Ratio d'autonomie financière,x,2.9202
SFBT,2008-12-31,2008,FY,TND,Solidité,Gestion des passifs,SOLVA,Ratio de solvabilité,x,3.9202
SFBT,2008-12-31,2008,FY,TND,Solidité,Ressources humaines,EFF_BRUT_RH,Efficacité brute des RH,x,
SFBT,2008-12-31,2008,FY,TND,Solidité,Ressources humaines,EFF_NET_RH,Efficacité nette des RH,x,3.9373
SFBT,2008-12-31,2008,FY,TND,Solidité,Gestion des risques,CONAN_HOLDER,Score de Conan & Holder,score,
SFBT,2008-12-31,2008,FY,TND,Solidité,Gestion des risques,RISQ_PLACEMENT,Risque de placement,%,1.8026
SFBT,2008-12-31,2008,FY,TND,Solidité,Gestion des risques,RISQ_COMMERCIAL,Risque commercial,%,16.429
SFBT,2008-12-31,2008,FY,TND,Solidité,Gestion des risques,CREDIT_FOURN,Crédits moyens fournisseurs,j,39.7027
SFBT,2008-12-31,2008,FY,TND,Solidité,Gestion des risques,CREDIT_CLIENT,Crédits moyens clients,j,50.3913
SFBT,2008-12-31,2008,FY,TND,Performance,Rentabilité commerciale,RENT_COM,Rentabilité commerciale,%,21.5919
SFBT,2008-12-31,2008,FY,TND,Performance,Rentabilité commerciale,MARGE_NETTE,Ratio de la marge nette,%,30.6349
SFBT,2008-12-31,2008,FY,TND,Performance,Rentabilité commerciale,TAUX_MARQUE,Taux de marque,%,
SFBT,2008-12-31,2008,FY,TND,Performance,Rentabilité commerciale,ROT_CAP,Rotation des capitaux échangés,x,0.8907
SFBT,2008-12-31,2008,FY,TND,Performance,Rentabilité économique,ROA,Rendement de l'actif (ROA),%,20.326
SFBT,2008-12-31,2008,FY,TND,Performance,Rentabilité économique,ROCE,Rentabilité du capital investi (ROCE),%,16.4746
SFBT,2008-12-31,2008,FY,TND,Performance,Rentabilité économique,REND_IMMO,Rendement brut des immobilisations,%,24.5192
SFBT,2008-12-31,2008,FY,TND,Performance,Rentabilité économique,REND_RES_STABLE,Rendement brut des ressources stables,%,21.0704
SFBT,2008-12-31,2008,FY,TND,Performance,Rentabilité d'exploitation,MARGE_BRUTE_EXPL,Marge brute d'exploitation,%,27.6152
SFBT,2008-12-31,2008,FY,TND,Performance,Rentabilité d'exploitation,MARGE_BENEF_EXPL,Marge bénéficiaire d'exploitation,%,21.5919
SFBT,2008-12-31,2008,FY,TND,Performance,Rentabilité opérationnelle,REND_GLOBAL_NET,Rendement global net,%,20.326
SFBT,2008-12-31,2008,FY,TND,Performance,Rentabilité opérationnelle,CREATION_VALEUR,Création de valeur annuelle,montant,17699833.2535
SFBT,2008-12-31,2008,FY,TND,Performance,Rentabilité opérationnelle,REND_PRODUCTION,Rendement de la production,%,
SFBT,2008-12-31,2008,FY,TND,Performance,Rentabilité opérationnelle,ROT_STOCKS,Ratio de rotation des stocks,x,2.6052
SFBT,2008-12-31,2008,FY,TND,Performance,Rentabilité opérationnelle,PROFIT_OP,Profit opérationnel,montant,34408420.396
SFBT,2008-12-31,2008,FY,TND,Performance,Rentabilité financière,ROE,Rentabilité des capitaux propres (ROE),%,27.2865
SFBT,2008-12-31,2008,FY,TND,Performance,Rentabilité financière,ROI,Retour sur investissement (ROI),%,20.326
SFBT,2008-12-31,2008,FY,TND,Performance,Rentabilité financière,PERF_PLACEMENT,Performance placement,%,504.7927
SFBT,2009-03-31,2009,T1,TND,Solidité,Liquidités,LIQ_GEN,Ratio de liquidité générale,x,1.4826
SFBT,2009-03-31,2009,T1,TND,Solidité,Liquidités,LIQ_RED,Ratio de liquidité réduite,x,1.0238
SFBT,2009-03-31,2009,T1,TND,Solidité,Liquidités,LIQ_IMM,Ratio de liquidité immédiate,x,0.1284
SFBT,2009-03-31,2009,T1,TND,Solidité,Liquidités,INT_DEF_RED,Intervalle défensif réduit,j,150.8791
SFBT,2009-03-31,2009,T1,TND,Solidité,Liquidités,INT_DEF,Intervalle défensif,j,527.3641
SFBT,2009-03-31,2009,T1,TND,Solidité,Liquidités,RFR,Ratio de fonds de roulement,%,10.8699
SFBT,2009-03-31,2009,T1,TND,Solidité,Liquidités,RBFR,Ratio de besoin en fonds de roulement,%,110.6705
SFBT,2009-03-31,2009,T1,TND,Solidité,Gestion des actifs,LEV_ECO,Ratio du levier économique,x,1.4522
SFBT,2009-03-31,2009,T1,TND,Solidité,Gestion des actifs,POIDS_IMMO,Poids des immobilisations,%,69.644
SFBT,2009-03-31,2009,T1,TND,Solidité,Gestion des actifs,FIN_IMMO,Financement des immobilisations,x,1.1561
SFBT,2009-03-31,2009,T1,TND,Solidité,Gestion des actifs,VETUSTE,Vétusté de l'actif,%,59.12
SFBT,2009-03-31,2009,T1,TND,Solidité,Gestion des passifs,ENDET_GLOB,Ratio d'endettement global,%,31.5304
SFBT,2009-03-31,2009,T1,TND,Solidité,Gestion des passifs,ENDET_TERME,Ratio d'endettement à terme,%,16.9231
SFBT,2009-03-31,2009,T1,TND,Solidité,Gestion des passifs,INDEP_FIN,Ratio d'indépendance financière,%,68.4696
SFBT,2009-03-31,2009,T1,TND,Solidité,Gestion des passifs,COUV_CF,Couverture des charges financières,x,50.6131
SFBT,2009-03-31,2009,T1,TND,Solidité,Gestion des passifs,POIDS_CF,Poids des charges financières,%,0.4042
SFBT,2009-03-31,2009,T1,TND,Solidité,Gestion des passifs,AUTO_FIN,Ratio d'autonomie financière,x,2.1715
SFBT,2009-03-31,2009,T1,TND,Solidité,Gestion des passifs,SOLVA,Ratio de solvabilité,x,3.1535
SFBT,2009-03-31,2009,T1,TND,Solidité,Ressources humaines,EFF_BRUT_RH,Efficacité brute des RH,x,
SFBT,2009-03-31,2009,T1,TND,Solidité,Ressources humaines,EFF_NET_RH,Efficacité nette des RH,x,3.3767
SFBT,2009-03-31,2009,T1,TND,Solidité,Gestion des risques,CONAN_HOLDER,Score de Conan & Holder,score,
SFBT,2009-03-31,2009,T1,TND,Solidité,Gestion des risques,RISQ_PLACEMENT,Risque de placement,%,2.8788
SFBT,2009-03-31,2009,T1,TND,Solidité,Gestion des risques,RISQ_COMMERCIAL,Risque commercial,%,85.7871
SFBT,2009-03-31,2009,T1,TND,Solidité,Gestion des risques,CREDIT_FOURN,Crédits moyens fournisseurs,j,312.0152
SFBT,2009-03-31,2009,T1,TND,Solidité,Gestion des risques,CREDIT_CLIENT,Crédits moyens clients,j,263.1286
SFBT,2009-03-31,2009,T1,TND,Performance,Rentabilité commerciale,RENT_COM,Rentabilité commerciale,%,20.4561
SFBT,2009-03-31,2009,T1,TND,Performance,Rentabilité commerciale,MARGE_NETTE,Ratio de la marge nette,%,43.9538
SFBT,2009-03-31,2009,T1,TND,Performance,Rentabilité commerciale,TAUX_MARQUE,Taux de marque,%,
SFBT,2009-03-31,2009,T1,TND,Performance,Rentabilité commerciale,ROT_CAP,Rotation des capitaux échangés,x,0.2304
SFBT,2009-03-31,2009,T1,TND,Performance,Rentabilité économique,ROA,Rendement de l'actif (ROA),%,6.9733
SFBT,2009-03-31,2009,T1,TND,Performance,Rentabilité économique,ROCE,Rentabilité du capital investi (ROCE),%,4.0308
SFBT,2009-03-31,2009,T1,TND,Performance,Rentabilité économique,REND_IMMO,Rendement brut des immobilisations,%,5.8925
SFBT,2009-03-31,2009,T1,TND,Performance,Rentabilité économique,REND_RES_STABLE,Rendement brut des ressources stables,%,5.097
SFBT,2009-03-31,2009,T1,TND,Performance,Rentabilité d'exploitation,MARGE_BRUTE_EXPL,Marge brute d'exploitation,%,25.8667
SFBT,2009-03-31,2009,T1,TND,Performance,Rentabilité d'exploitation,MARGE_BENEF_EXPL,Marge bénéficiaire d'exploitation,%,20.4561
SFBT,2009-03-31,2009,T1,TND,Performance,Rentabilité opérationnelle,REND_GLOBAL_NET,Rendement global net,%,6.9338
SFBT,2009-03-31,2009,T1,TND,Performance,Rentabilité opérationnelle,CREATION_VALEUR,Création de valeur annuelle,montant,-8364758.001
SFBT,2009-03-31,2009,T1,TND,Performance,Rentabilité opérationnelle,REND_PRODUCTION,Rendement de la production,%,
SFBT,2009-03-31,2009,T1,TND,Performance,Rentabilité opérationnelle,ROT_STOCKS,Ratio de rotation des stocks,x,0.5613
SFBT,2009-03-31,2009,T1,TND,Performance,Rentabilité opérationnelle,PROFIT_OP,Profit opérationnel,montant,8494760.822
SFBT,2009-03-31,2009,T1,TND,Performance,Rentabilité financière,ROE,Rentabilité des capitaux propres (ROE),%,10.1268
SFBT,2009-03-31,2009,T1,TND,Performance,Rentabilité financière,ROI,Retour sur investissement (ROI),%,6.9733
SFBT,2009-03-31,2009,T1,TND,Performance,Rentabilité financière,PERF_PLACEMENT,Performance placement,%,146.3055
SFBT,2009-06-30,2009,S1,TND,Solidité,Liquidités,LIQ_GEN,Ratio de liquidité générale,x,1.3116
SFBT,2009-06-30,2009,S1,TND,Solidité,Liquidités,LIQ_RED,Ratio de liquidité réduite,x,0.9784
SFBT,2009-06-30,2009,S1,TND,Solidité,Liquidités,LIQ_IMM,Ratio de liquidité immédiate,x,0.1599
SFBT,2009-06-30,2009,S1,TND,Solidité,Liquidités,INT_DEF_RED,Intervalle défensif réduit,j,119.3745
SFBT,2009-06-30,2009,S1,TND,Solidité,Liquidités,INT_DEF,Intervalle défensif,j,358.0728
SFBT,2009-06-30,2009,S1,TND,Solidité,Liquidités,RFR,Ratio de fonds de roulement,%,9.704
SFBT,2009-06-30,2009,S1,TND,Solidité,Liquidités,RBFR,Ratio de besoin en fonds de roulement,%,60.4025
SFBT,2009-06-30,2009,S1,TND,Solidité,Gestion des actifs,LEV_ECO,Ratio du levier économique,x,1.5616
SFBT,2009-06-30,2009,S1,TND,Solidité,Gestion des actifs,POIDS_IMMO,Poids des immobilisations,%,65.2905
SFBT,2009-06-30,2009,S1,TND,Solidité,Gestion des actifs,FIN_IMMO,Financement des immobilisations,x,1.1486
SFBT,2009-06-30,2009,S1,TND,Solidité,Gestion des actifs,VETUSTE,Vétusté de l'actif,%,58.8282
SFBT,2009-06-30,2009,S1,TND,Solidité,Gestion des passifs,ENDET_GLOB,Ratio d'endettement global,%,36.6336
SFBT,2009-06-30,2009,S1,TND,Solidité,Gestion des passifs,ENDET_TERME,Ratio d'endettement à terme,%,17.109
SFBT,2009-06-30,2009,S1,TND,Solidité,Gestion des passifs,INDEP_FIN,Ratio d'indépendance financière,%,63.3664
SFBT,2009-06-30,2009,S1,TND,Solidité,Gestion des passifs,COUV_CF,Couverture des charges financières,x,50.6131
SFBT,2009-06-30,2009,S1,TND,Solidité,Gestion des passifs,POIDS_CF,Poids des charges financières,%,0.4042
SFBT,2009-06-30,2009,S1,TND,Solidité,Gestion des passifs,AUTO_FIN,Ratio d'autonomie financière,x,1.7297
SFBT,2009-06-30,2009,S1,TND,Solidité,Gestion des passifs,SOLVA,Ratio de solvabilité,x,2.7011
SFBT,2009-06-30,2009,S1,TND,Solidité,Ressources humaines,EFF_BRUT_RH,Efficacité brute des RH,x,
SFBT,2009-06-30,2009,S1,TND,Solidité,Ressources humaines,EFF_NET_RH,Efficacité nette des RH,x,3.3767
SFBT,2009-06-30,2009,S1,TND,Solidité,Gestion des risques,CONAN_HOLDER,Score de Conan & Holder,score,
SFBT,2009-06-30,2009,S1,TND,Solidité,Gestion des risques,RISQ_PLACEMENT,Risque de placement,%,3.8005
SFBT,2009-06-30,2009,S1,TND,Solidité,Gestion des risques,RISQ_COMMERCIAL,Risque commercial,%,54.3906
SFBT,2009-06-30,2009,S1,TND,Solidité,Gestion des risques,CREDIT_FOURN,Crédits moyens fournisseurs,j,222.6422
SFBT,2009-06-30,2009,S1,TND,Solidité,Gestion des risques,CREDIT_CLIENT,Crédits moyens clients,j,166.8283
SFBT,2009-06-30,2009,S1,TND,Performance,Rentabilité commerciale,RENT_COM,Rentabilité commerciale,%,20.4561
SFBT,2009-06-30,2009,S1,TND,Performance,Rentabilité commerciale,MARGE_NETTE,Ratio de la marge nette,%,43.9538
SFBT,2009-06-30,2009,S1,TND,Performance,Rentabilité commerciale,TAUX_MARQUE,Taux de marque,%,
SFBT,2009-06-30,2009,S1,TND,Performance,Rentabilité commerciale,ROT_CAP,Rotation des capitaux échangés,x,0.4574
SFBT,2009-06-30,2009,S1,TND,Performance,Rentabilité économique,ROA,Rendement de l'actif (ROA),%,12.8741
SFBT,2009-06-30,2009,S1,TND,Performance,Rentabilité économique,ROCE,Rentabilité du capital investi (ROCE),%,7.9894
SFBT,2009-06-30,2009,S1,TND,Performance,Rentabilité économique,REND_IMMO,Rendement brut des immobilisations,%,11.6041
SFBT,2009-06-30,2009,S1,TND,Performance,Rentabilité économique,REND_RES_STABLE,Rendement brut des ressources stables,%,10.1026
SFBT,2009-06-30,2009,S1,TND,Performance,Rentabilité d'exploitation,MARGE_BRUTE_EXPL,Marge brute d'exploitation,%,25.8667
SFBT,2009-06-30,2009,S1,TND,Performance,Rentabilité d'exploitation,MARGE_BENEF_EXPL,Marge bénéficiaire d'exploitation,%,20.4561
SFBT,2009-06-30,2009,S1,TND,Performance,Rentabilité opérationnelle,REND_GLOBAL_NET,Rendement global net,%,12.739
SFBT,2009-06-30,2009,S1,TND,Performance,Rentabilité opérationnelle,CREATION_VALEUR,Création de valeur annuelle,montant,-22605.8772
SFBT,2009-06-30,2009,S1,TND,Performance,Rentabilité opérationnelle,REND_PRODUCTION,Rendement de la production,%,
SFBT,2009-06-30,2009,S1,TND,Performance,Rentabilité opérationnelle,ROT_STOCKS,Ratio de rotation des stocks,x,1.0983
SFBT,2009-06-30,2009,S1,TND,Performance,Rentabilité opérationnelle,PROFIT_OP,Profit opérationnel,montant,16989521.645
SFBT,2009-06-30,2009,S1,TND,Performance,Rentabilité financière,ROE,Rentabilité des capitaux propres (ROE),%,20.1038
SFBT,2009-06-30,2009,S1,TND,Performance,Rentabilité financière,ROI,Retour sur investissement (ROI),%,12.8741
SFBT,2009-06-30,2009,S1,TND,Performance,Rentabilité financière,PERF_PLACEMENT,Performance placement,%,204.5985
SFBT,2009-09-30,2009,9M,TND,Solidité,Liquidités,LIQ_GEN,Ratio de liquidité générale,x,1.6969
SFBT,2009-09-30,2009,9M,TND,Solidité,Liquidités,LIQ_RED,Ratio de liquidité réduite,x,1.2692
SFBT,2009-09-30,2009,9M,TND,Solidité,Liquidités,LIQ_IMM,Ratio de liquidité immédiate,x,0.3466
SFBT,2009-09-30,2009,9M,TND,Solidité,Liquidités,INT_DEF_RED,Intervalle défensif réduit,j,96.2745
SFBT,2009-09-30,2009,9M,TND,Solidité,Liquidités,INT_DEF,Intervalle défensif,j,232.576
SFBT,2009-09-30,2009,9M,TND,Solidité,Liquidités,RFR,Ratio de fonds de roulement,%,14.9197
SFBT,2009-09-30,2009,9M,TND,Solidité,Liquidités,RBFR,Ratio de besoin en fonds de roulement,%,38.3062
SFBT,2009-09-30,2009,9M,TND,Solidité,Gestion des actifs,LEV_ECO,Ratio du levier économique,x,1.4953
SFBT,2009-09-30,2009,9M,TND,Solidité,Gestion des actifs,POIDS_IMMO,Poids des immobilisations,%,65.7854
SFBT,2009-09-30,2009,9M,TND,Solidité,Gestion des actifs,FIN_IMMO,Financement des immobilisations,x,1.2268
SFBT,2009-09-30,2009,9M,TND,Solidité,Gestion des actifs,VETUSTE,Vétusté de l'actif,%,59.2499
SFBT,2009-09-30,2009,9M,TND,Solidité,Gestion des passifs,ENDET_GLOB,Ratio d'endettement global,%,33.4743
SFBT,2009-09-30,2009,9M,TND,Solidité,Gestion des passifs,ENDET_TERME,Ratio d'endettement à terme,%,20.6771
SFBT,2009-09-30,2009,9M,TND,Solidité,Gestion des passifs,INDEP_FIN,Ratio d'indépendance financière,%,66.5257
SFBT,2009-09-30,2009,9M,TND,Solidité,Gestion des passifs,COUV_CF,Couverture des charges financières,x,26.4928
SFBT,2009-09-30,2009,9M,TND,Solidité,Gestion des passifs,POIDS_CF,Poids des charges financières,%,0.8098
SFBT,2009-09-30,2009,9M,TND,Solidité,Gestion des passifs,AUTO_FIN,Ratio d'autonomie financière,x,1.9874
SFBT,2009-09-30,2009,9M,TND,Solidité,Gestion des passifs,SOLVA,Ratio de solvabilité,x,2.9717
SFBT,2009-09-30,2009,9M,TND,Solidité,Ressources humaines,EFF_BRUT_RH,Efficacité brute des RH,x,
SFBT,2009-09-30,2009,9M,TND,Solidité,Ressources humaines,EFF_NET_RH,Efficacité nette des RH,x,3.8275
SFBT,2009-09-30,2009,9M,TND,Solidité,Gestion des risques,CONAN_HOLDER,Score de Conan & Holder,score,
SFBT,2009-09-30,2009,9M,TND,Solidité,Gestion des risques,RISQ_PLACEMENT,Risque de placement,%,3.1628
SFBT,2009-09-30,2009,9M,TND,Solidité,Gestion des risques,RISQ_COMMERCIAL,Risque commercial,%,30.6865
SFBT,2009-09-30,2009,9M,TND,Solidité,Gestion des risques,CREDIT_FOURN,Crédits moyens fournisseurs,j,97.7478
SFBT,2009-09-30,2009,9M,TND,Solidité,Gestion des risques,CREDIT_CLIENT,Crédits moyens clients,j,94.1226
SFBT,2009-09-30,2009,9M,TND,Performance,Rentabilité commerciale,RENT_COM,Rentabilité commerciale,%,21.4537
SFBT,2009-09-30,2009,9M,TND,Performance,Rentabilité commerciale,MARGE_NETTE,Ratio de la marge nette,%,34.3066
SFBT,2009-09-30,2009,9M,TND,Performance,Rentabilité commerciale,TAUX_MARQUE,Taux de marque,%,
SFBT,2009-09-30,2009,9M,TND,Performance,Rentabilité commerciale,ROT_CAP,Rotation des capitaux échangés,x,0.6922
SFBT,2009-09-30,2009,9M,TND,Performance,Rentabilité économique,ROA,Rendement de l'actif (ROA),%,15.8813
SFBT,2009-09-30,2009,9M,TND,Performance,Rentabilité économique,ROCE,Rentabilité du capital investi (ROCE),%,12.3058
SFBT,2009-09-30,2009,9M,TND,Performance,Rentabilité économique,REND_IMMO,Rendement brut des immobilisations,%,18.7844
SFBT,2009-09-30,2009,9M,TND,Performance,Rentabilité économique,REND_RES_STABLE,Rendement brut des ressources stables,%,15.3118
SFBT,2009-09-30,2009,9M,TND,Performance,Rentabilité d'exploitation,MARGE_BRUTE_EXPL,Marge brute d'exploitation,%,26.6943
SFBT,2009-09-30,2009,9M,TND,Performance,Rentabilité d'exploitation,MARGE_BENEF_EXPL,Marge bénéficiaire d'exploitation,%,21.4537
SFBT,2009-09-30,2009,9M,TND,Performance,Rentabilité opérationnelle,REND_GLOBAL_NET,Rendement global net,%,15.7979
SFBT,2009-09-30,2009,9M,TND,Performance,Rentabilité opérationnelle,CREATION_VALEUR,Création de valeur annuelle,montant,9894085.6103
SFBT,2009-09-30,2009,9M,TND,Performance,Rentabilité opérationnelle,REND_PRODUCTION,Rendement de la production,%,
SFBT,2009-09-30,2009,9M,TND,Performance,Rentabilité opérationnelle,ROT_STOCKS,Ratio de rotation des stocks,x,1.8324
SFBT,2009-09-30,2009,9M,TND,Performance,Rentabilité opérationnelle,PROFIT_OP,Profit opérationnel,montant,28276963.197
SFBT,2009-09-30,2009,9M,TND,Performance,Rentabilité financière,ROE,Rentabilité des capitaux propres (ROE),%,23.7471
SFBT,2009-09-30,2009,9M,TND,Performance,Rentabilité financière,ROI,Retour sur investissement (ROI),%,15.8813
SFBT,2009-09-30,2009,9M,TND,Performance,Rentabilité financière,PERF_PLACEMENT,Performance placement,%,248.5606
SFBT,2009-12-31,2009,FY,TND,Solidité,Liquidités,LIQ_GEN,Ratio de liquidité générale,x,2.4277
SFBT,2009-12-31,2009,FY,TND,Solidité,Liquidités,LIQ_RED,Ratio de liquidité réduite,x,1.8207
SFBT,2009-12-31,2009,FY,TND,Solidité,Liquidités,LIQ_IMM,Ratio de liquidité immédiate,x,0.7009
SFBT,2009-12-31,2009,FY,TND,Solidité,Liquidités,INT_DEF_RED,Intervalle défensif réduit,j,85.4599
SFBT,2009-12-31,2009,FY,TND,Solidité,Liquidités,INT_DEF,Intervalle défensif,j,173.8226
SFBT,2009-12-31,2009,FY,TND,Solidité,Liquidités,RFR,Ratio de fonds de roulement,%,20.0928
SFBT,2009-12-31,2009,FY,TND,Solidité,Liquidités,RBFR,Ratio de besoin en fonds de roulement,%,28.1421
SFBT,2009-12-31,2009,FY,TND,Solidité,Gestion des actifs,LEV_ECO,Ratio du levier économique,x,1.4349
SFBT,2009-12-31,2009,FY,TND,Solidité,Gestion des actifs,POIDS_IMMO,Poids des immobilisations,%,66.2763
SFBT,2009-12-31,2009,FY,TND,Solidité,Gestion des actifs,FIN_IMMO,Financement des immobilisations,x,1.3032
SFBT,2009-12-31,2009,FY,TND,Solidité,Gestion des actifs,VETUSTE,Vétusté de l'actif,%,59.6677
SFBT,2009-12-31,2009,FY,TND,Solidité,Gestion des passifs,ENDET_GLOB,Ratio d'endettement global,%,30.3075
SFBT,2009-12-31,2009,FY,TND,Solidité,Gestion des passifs,ENDET_TERME,Ratio d'endettement à terme,%,23.9289
SFBT,2009-12-31,2009,FY,TND,Solidité,Gestion des passifs,INDEP_FIN,Ratio d'indépendance financière,%,69.6925
SFBT,2009-12-31,2009,FY,TND,Solidité,Gestion des passifs,COUV_CF,Couverture des charges financières,x,21.9923
SFBT,2009-12-31,2009,FY,TND,Solidité,Gestion des passifs,POIDS_CF,Poids des charges financières,%,0.9964
SFBT,2009-12-31,2009,FY,TND,Solidité,Gestion des passifs,AUTO_FIN,Ratio d'autonomie financière,x,2.2995
SFBT,2009-12-31,2009,FY,TND,Solidité,Gestion des passifs,SOLVA,Ratio de solvabilité,x,3.2995
SFBT,2009-12-31,2009,FY,TND,Solidité,Ressources humaines,EFF_BRUT_RH,Efficacité brute des RH,x,
SFBT,2009-12-31,2009,FY,TND,Solidité,Ressources humaines,EFF_NET_RH,Efficacité nette des RH,x,4.066
SFBT,2009-12-31,2009,FY,TND,Solidité,Gestion des risques,CONAN_HOLDER,Score de Conan & Holder,score,
SFBT,2009-12-31,2009,FY,TND,Solidité,Gestion des risques,RISQ_PLACEMENT,Risque de placement,%,2.5302
SFBT,2009-12-31,2009,FY,TND,Solidité,Gestion des risques,RISQ_COMMERCIAL,Risque commercial,%,19.7829
SFBT,2009-12-31,2009,FY,TND,Solidité,Gestion des risques,CREDIT_FOURN,Crédits moyens fournisseurs,j,42.7588
SFBT,2009-12-31,2009,FY,TND,Solidité,Gestion des risques,CREDIT_CLIENT,Crédits moyens clients,j,60.6787
SFBT,2009-12-31,2009,FY,TND,Performance,Rentabilité commerciale,RENT_COM,Rentabilité commerciale,%,21.9126
SFBT,2009-12-31,2009,FY,TND,Performance,Rentabilité commerciale,MARGE_NETTE,Ratio de la marge nette,%,29.869
SFBT,2009-12-31,2009,FY,TND,Performance,Rentabilité commerciale,TAUX_MARQUE,Taux de marque,%,
SFBT,2009-12-31,2009,FY,TND,Performance,Rentabilité commerciale,ROT_CAP,Rotation des capitaux échangés,x,0.9062
SFBT,2009-12-31,2009,FY,TND,Performance,Rentabilité économique,ROA,Rendement de l'actif (ROA),%,18.864
SFBT,2009-12-31,2009,FY,TND,Performance,Rentabilité économique,ROCE,Rentabilité du capital investi (ROCE),%,16.0231
SFBT,2009-12-31,2009,FY,TND,Performance,Rentabilité économique,REND_IMMO,Rendement brut des immobilisations,%,25.8002
SFBT,2009-12-31,2009,FY,TND,Performance,Rentabilité économique,REND_RES_STABLE,Rendement brut des ressources stables,%,19.7981
SFBT,2009-12-31,2009,FY,TND,Performance,Rentabilité d'exploitation,MARGE_BRUTE_EXPL,Marge brute d'exploitation,%,27.075
SFBT,2009-12-31,2009,FY,TND,Performance,Rentabilité d'exploitation,MARGE_BENEF_EXPL,Marge bénéficiaire d'exploitation,%,21.9126
SFBT,2009-12-31,2009,FY,TND,Performance,Rentabilité opérationnelle,REND_GLOBAL_NET,Rendement global net,%,18.864
SFBT,2009-12-31,2009,FY,TND,Performance,Rentabilité opérationnelle,CREATION_VALEUR,Création de valeur annuelle,montant,19810777.0978
SFBT,2009-12-31,2009,FY,TND,Performance,Rentabilité opérationnelle,REND_PRODUCTION,Rendement de la production,%,
SFBT,2009-12-31,2009,FY,TND,Performance,Rentabilité opérationnelle,ROT_STOCKS,Ratio de rotation des stocks,x,2.5966
SFBT,2009-12-31,2009,FY,TND,Performance,Rentabilité opérationnelle,PROFIT_OP,Profit opérationnel,montant,39564404.749
SFBT,2009-12-31,2009,FY,TND,Performance,Rentabilité financière,ROE,Rentabilité des capitaux propres (ROE),%,27.0675
SFBT,2009-12-31,2009,FY,TND,Performance,Rentabilité financière,ROI,Retour sur investissement (ROI),%,18.864
SFBT,2009-12-31,2009,FY,TND,Performance,Rentabilité financière,PERF_PLACEMENT,Performance placement,%,314.0563
SFBT,2010-03-31,2010,T1,TND,Solidité,Liquidités,LIQ_GEN,Ratio de liquidité générale,x,2.0293
SFBT,2010-03-31,2010,T1,TND,Solidité,Liquidités,LIQ_RED,Ratio de liquidité réduite,x,1.4598
SFBT,2010-03-31,2010,T1,TND,Solidité,Liquidités,LIQ_IMM,Ratio de liquidité immédiate,x,0.3896
SFBT,2010-03-31,2010,T1,TND,Solidité,Liquidités,INT_DEF_RED,Intervalle défensif réduit,j,264.3857
SFBT,2010-03-31,2010,T1,TND,Solidité,Liquidités,INT_DEF,Intervalle défensif,j,671.3365
SFBT,2010-03-31,2010,T1,TND,Solidité,Liquidités,RFR,Ratio de fonds de roulement,%,18.1529
SFBT,2010-03-31,2010,T1,TND,Solidité,Liquidités,RBFR,Ratio de besoin en fonds de roulement,%,113.6518
SFBT,2010-03-31,2010,T1,TND,Solidité,Gestion des actifs,LEV_ECO,Ratio du levier économique,x,1.4964
SFBT,2010-03-31,2010,T1,TND,Solidité,Gestion des actifs,POIDS_IMMO,Poids des immobilisations,%,64.7914
SFBT,2010-03-31,2010,T1,TND,Solidité,Gestion des actifs,FIN_IMMO,Financement des immobilisations,x,1.2802
SFBT,2010-03-31,2010,T1,TND,Solidité,Gestion des actifs,VETUSTE,Vétusté de l'actif,%,59.1448
SFBT,2010-03-31,2010,T1,TND,Solidité,Gestion des passifs,ENDET_GLOB,Ratio d'endettement global,%,33.175
SFBT,2010-03-31,2010,T1,TND,Solidité,Gestion des passifs,ENDET_TERME,Ratio d'endettement à terme,%,24.1216
SFBT,2010-03-31,2010,T1,TND,Solidité,Gestion des passifs,INDEP_FIN,Ratio d'indépendance financière,%,66.825
SFBT,2010-03-31,2010,T1,TND,Solidité,Gestion des passifs,COUV_CF,Couverture des charges financières,x,
SFBT,2010-03-31,2010,T1,TND,Solidité,Gestion des passifs,POIDS_CF,Poids des charges financières,%,0.0
SFBT,2010-03-31,2010,T1,TND,Solidité,Gestion des passifs,AUTO_FIN,Ratio d'autonomie financière,x,2.0143
SFBT,2010-03-31,2010,T1,TND,Solidité,Gestion des passifs,SOLVA,Ratio de solvabilité,x,3.0143
SFBT,2010-03-31,2010,T1,TND,Solidité,Ressources humaines,EFF_BRUT_RH,Efficacité brute des RH,x,
SFBT,2010-03-31,2010,T1,TND,Solidité,Ressources humaines,EFF_NET_RH,Efficacité nette des RH,x,3.9947
SFBT,2010-03-31,2010,T1,TND,Solidité,Gestion des risques,CONAN_HOLDER,Score de Conan & Holder,score,
SFBT,2010-03-31,2010,T1,TND,Solidité,Gestion des risques,RISQ_PLACEMENT,Risque de placement,%,2.6752
SFBT,2010-03-31,2010,T1,TND,Solidité,Gestion des risques,RISQ_COMMERCIAL,Risque commercial,%,91.5621
SFBT,2010-03-31,2010,T1,TND,Solidité,Gestion des risques,CREDIT_FOURN,Crédits moyens fournisseurs,j,256.665
SFBT,2010-03-31,2010,T1,TND,Solidité,Gestion des risques,CREDIT_CLIENT,Crédits moyens clients,j,280.8417
SFBT,2010-03-31,2010,T1,TND,Performance,Rentabilité commerciale,RENT_COM,Rentabilité commerciale,%,21.4053
SFBT,2010-03-31,2010,T1,TND,Performance,Rentabilité commerciale,MARGE_NETTE,Ratio de la marge nette,%,41.4965
SFBT,2010-03-31,2010,T1,TND,Performance,Rentabilité commerciale,TAUX_MARQUE,Taux de marque,%,
SFBT,2010-03-31,2010,T1,TND,Performance,Rentabilité commerciale,ROT_CAP,Rotation des capitaux échangés,x,0.2345
SFBT,2010-03-31,2010,T1,TND,Performance,Rentabilité économique,ROA,Rendement de l'actif (ROA),%,6.5021
SFBT,2010-03-31,2010,T1,TND,Performance,Rentabilité économique,ROCE,Rentabilité du capital investi (ROCE),%,4.0437
SFBT,2010-03-31,2010,T1,TND,Performance,Rentabilité économique,REND_IMMO,Rendement brut des immobilisations,%,6.376
SFBT,2010-03-31,2010,T1,TND,Performance,Rentabilité économique,REND_RES_STABLE,Rendement brut des ressources stables,%,4.9806
SFBT,2010-03-31,2010,T1,TND,Performance,Rentabilité d'exploitation,MARGE_BRUTE_EXPL,Marge brute d'exploitation,%,26.3647
SFBT,2010-03-31,2010,T1,TND,Performance,Rentabilité d'exploitation,MARGE_BENEF_EXPL,Marge bénéficiaire d'exploitation,%,21.4053
SFBT,2010-03-31,2010,T1,TND,Performance,Rentabilité opérationnelle,REND_GLOBAL_NET,Rendement global net,%,6.5021
SFBT,2010-03-31,2010,T1,TND,Performance,Rentabilité opérationnelle,CREATION_VALEUR,Création de valeur annuelle,montant,-9842878.5672
SFBT,2010-03-31,2010,T1,TND,Performance,Rentabilité opérationnelle,REND_PRODUCTION,Rendement de la production,%,
SFBT,2010-03-31,2010,T1,TND,Performance,Rentabilité opérationnelle,ROT_STOCKS,Ratio de rotation des stocks,x,0.7692
SFBT,2010-03-31,2010,T1,TND,Performance,Rentabilité opérationnelle,PROFIT_OP,Profit opérationnel,montant,10060246.0
SFBT,2010-03-31,2010,T1,TND,Performance,Rentabilité financière,ROE,Rentabilité des capitaux propres (ROE),%,9.73
SFBT,2010-03-31,2010,T1,TND,Performance,Rentabilité financière,ROI,Retour sur investissement (ROI),%,6.5021
SFBT,2010-03-31,2010,T1,TND,Performance,Rentabilité financière,PERF_PLACEMENT,Performance placement,%,153.9565
SFBT,2010-06-30,2010,S1,TND,Solidité,Liquidités,LIQ_GEN,Ratio de liquidité générale,x,1.782
SFBT,2010-06-30,2010,S1,TND,Solidité,Liquidités,LIQ_RED,Ratio de liquidité réduite,x,1.2358
SFBT,2010-06-30,2010,S1,TND,Solidité,Liquidités,LIQ_IMM,Ratio de liquidité immédiate,x,0.1965
SFBT,2010-06-30,2010,S1,TND,Solidité,Liquidités,INT_DEF_RED,Intervalle défensif réduit,j,100.695
SFBT,2010-06-30,2010,S1,TND,Solidité,Liquidités,INT_DEF,Intervalle défensif,j,339.1371
SFBT,2010-06-30,2010,S1,TND,Solidité,Liquidités,RFR,Ratio de fonds de roulement,%,16.368
SFBT,2010-06-30,2010,S1,TND,Solidité,Liquidités,RBFR,Ratio de besoin en fonds de roulement,%,59.6256
SFBT,2010-06-30,2010,S1,TND,Solidité,Gestion des actifs,LEV_ECO,Ratio du levier économique,x,1.558
SFBT,2010-06-30,2010,S1,TND,Solidité,Gestion des actifs,POIDS_IMMO,Poids des immobilisations,%,63.425
SFBT,2010-06-30,2010,S1,TND,Solidité,Gestion des actifs,FIN_IMMO,Financement des immobilisations,x,1.2581
SFBT,2010-06-30,2010,S1,TND,Solidité,Gestion des actifs,VETUSTE,Vétusté de l'actif,%,58.642
SFBT,2010-06-30,2010,S1,TND,Solidité,Gestion des passifs,ENDET_GLOB,Ratio d'endettement global,%,35.8133
SFBT,2010-06-30,2010,S1,TND,Solidité,Gestion des passifs,ENDET_TERME,Ratio d'endettement à terme,%,24.3141
SFBT,2010-06-30,2010,S1,TND,Solidité,Gestion des passifs,INDEP_FIN,Ratio d'indépendance financière,%,64.1867
SFBT,2010-06-30,2010,S1,TND,Solidité,Gestion des passifs,COUV_CF,Couverture des charges financières,x,
SFBT,2010-06-30,2010,S1,TND,Solidité,Gestion des passifs,POIDS_CF,Poids des charges financières,%,0.0
SFBT,2010-06-30,2010,S1,TND,Solidité,Gestion des passifs,AUTO_FIN,Ratio d'autonomie financière,x,1.7923
SFBT,2010-06-30,2010,S1,TND,Solidité,Gestion des passifs,SOLVA,Ratio de solvabilité,x,2.7923
SFBT,2010-06-30,2010,S1,TND,Solidité,Ressources humaines,EFF_BRUT_RH,Efficacité brute des RH,x,
SFBT,2010-06-30,2010,S1,TND,Solidité,Ressources humaines,EFF_NET_RH,Efficacité nette des RH,x,3.9947
SFBT,2010-06-30,2010,S1,TND,Solidité,Gestion des risques,CONAN_HOLDER,Score de Conan & Holder,score,
SFBT,2010-06-30,2010,S1,TND,Solidité,Gestion des risques,RISQ_PLACEMENT,Risque de placement,%,2.8086
SFBT,2010-06-30,2010,S1,TND,Solidité,Gestion des risques,RISQ_COMMERCIAL,Risque commercial,%,53.6484
SFBT,2010-06-30,2010,S1,TND,Solidité,Gestion des risques,CREDIT_FOURN,Crédits moyens fournisseurs,j,198.8334
SFBT,2010-06-30,2010,S1,TND,Solidité,Gestion des risques,CREDIT_CLIENT,Crédits moyens clients,j,164.5518
SFBT,2010-06-30,2010,S1,TND,Performance,Rentabilité commerciale,RENT_COM,Rentabilité commerciale,%,21.4053
SFBT,2010-06-30,2010,S1,TND,Performance,Rentabilité commerciale,MARGE_NETTE,Ratio de la marge nette,%,41.4965
SFBT,2010-06-30,2010,S1,TND,Performance,Rentabilité commerciale,TAUX_MARQUE,Taux de marque,%,
SFBT,2010-06-30,2010,S1,TND,Performance,Rentabilité commerciale,ROT_CAP,Rotation des capitaux échangés,x,0.4661
SFBT,2010-06-30,2010,S1,TND,Performance,Rentabilité économique,ROA,Rendement de l'actif (ROA),%,12.4158
SFBT,2010-06-30,2010,S1,TND,Performance,Rentabilité économique,ROCE,Rentabilité du capital investi (ROCE),%,8.0264
SFBT,2010-06-30,2010,S1,TND,Performance,Rentabilité économique,REND_IMMO,Rendement brut des immobilisations,%,12.4373
SFBT,2010-06-30,2010,S1,TND,Performance,Rentabilité économique,REND_RES_STABLE,Rendement brut des ressources stables,%,9.886
SFBT,2010-06-30,2010,S1,TND,Performance,Rentabilité d'exploitation,MARGE_BRUTE_EXPL,Marge brute d'exploitation,%,26.3647
SFBT,2010-06-30,2010,S1,TND,Performance,Rentabilité d'exploitation,MARGE_BENEF_EXPL,Marge bénéficiaire d'exploitation,%,21.4053
SFBT,2010-06-30,2010,S1,TND,Performance,Rentabilité opérationnelle,REND_GLOBAL_NET,Rendement global net,%,12.4158
SFBT,2010-06-30,2010,S1,TND,Performance,Rentabilité opérationnelle,CREATION_VALEUR,Création de valeur annuelle,montant,66209.44
SFBT,2010-06-30,2010,S1,TND,Performance,Rentabilité opérationnelle,REND_PRODUCTION,Rendement de la production,%,
SFBT,2010-06-30,2010,S1,TND,Performance,Rentabilité opérationnelle,ROT_STOCKS,Ratio de rotation des stocks,x,1.2926
SFBT,2010-06-30,2010,S1,TND,Performance,Rentabilité opérationnelle,PROFIT_OP,Profit opérationnel,montant,20120492.0
SFBT,2010-06-30,2010,S1,TND,Performance,Rentabilité financière,ROE,Rentabilité des capitaux propres (ROE),%,19.3433
SFBT,2010-06-30,2010,S1,TND,Performance,Rentabilité financière,ROI,Retour sur investissement (ROI),%,12.4158
SFBT,2010-06-30,2010,S1,TND,Performance,Rentabilité financière,PERF_PLACEMENT,Performance placement,%,280.0158
SFBT,2010-09-30,2010,9M,TND,Solidité,Liquidités,LIQ_GEN,Ratio de liquidité générale,x,1.9005
SFBT,2010-09-30,2010,9M,TND,Solidité,Liquidités,LIQ_RED,Ratio de liquidité réduite,x,1.3193
SFBT,2010-09-30,2010,9M,TND,Solidité,Liquidités,LIQ_IMM,Ratio de liquidité immédiate,x,0.211
SFBT,2010-09-30,2010,9M,TND,Solidité,Liquidités,INT_DEF_RED,Intervalle défensif réduit,j,59.7812
SFBT,2010-09-30,2010,9M,TND,Solidité,Liquidités,INT_DEF,Intervalle défensif,j,218.9375
SFBT,2010-09-30,2010,9M,TND,Solidité,Liquidités,RFR,Ratio de fonds de roulement,%,17.5755
SFBT,2010-09-30,2010,9M,TND,Solidité,Liquidités,RBFR,Ratio de besoin en fonds de roulement,%,44.2776
SFBT,2010-09-30,2010,9M,TND,Solidité,Gestion des actifs,LEV_ECO,Ratio du levier économique,x,1.5156
SFBT,2010-09-30,2010,9M,TND,Solidité,Gestion des actifs,POIDS_IMMO,Poids des immobilisations,%,63.5707
SFBT,2010-09-30,2010,9M,TND,Solidité,Gestion des actifs,FIN_IMMO,Financement des immobilisations,x,1.2765
SFBT,2010-09-30,2010,9M,TND,Solidité,Gestion des actifs,VETUSTE,Vétusté de l'actif,%,58.0546
SFBT,2010-09-30,2010,9M,TND,Solidité,Gestion des passifs,ENDET_GLOB,Ratio d'endettement global,%,34.019
SFBT,2010-09-30,2010,9M,TND,Solidité,Gestion des passifs,ENDET_TERME,Ratio d'endettement à terme,%,22.9841
SFBT,2010-09-30,2010,9M,TND,Solidité,Gestion des passifs,INDEP_FIN,Ratio d'indépendance financière,%,65.981
SFBT,2010-09-30,2010,9M,TND,Solidité,Gestion des passifs,COUV_CF,Couverture des charges financières,x,59.3958
SFBT,2010-09-30,2010,9M,TND,Solidité,Gestion des passifs,POIDS_CF,Poids des charges financières,%,0.3458
SFBT,2010-09-30,2010,9M,TND,Solidité,Gestion des passifs,AUTO_FIN,Ratio d'autonomie financière,x,1.9395
SFBT,2010-09-30,2010,9M,TND,Solidité,Gestion des passifs,SOLVA,Ratio de solvabilité,x,2.9395
SFBT,2010-09-30,2010,9M,TND,Solidité,Ressources humaines,EFF_BRUT_RH,Efficacité brute des RH,x,
SFBT,2010-09-30,2010,9M,TND,Solidité,Ressources humaines,EFF_NET_RH,Efficacité nette des RH,x,4.0941
SFBT,2010-09-30,2010,9M,TND,Solidité,Gestion des risques,CONAN_HOLDER,Score de Conan & Holder,score,
SFBT,2010-09-30,2010,9M,TND,Solidité,Gestion des risques,RISQ_PLACEMENT,Risque de placement,%,2.4667
SFBT,2010-09-30,2010,9M,TND,Solidité,Gestion des risques,RISQ_COMMERCIAL,Risque commercial,%,36.1458
SFBT,2010-09-30,2010,9M,TND,Solidité,Gestion des risques,CREDIT_FOURN,Crédits moyens fournisseurs,j,94.2157
SFBT,2010-09-30,2010,9M,TND,Solidité,Gestion des risques,CREDIT_CLIENT,Crédits moyens clients,j,110.8675
SFBT,2010-09-30,2010,9M,TND,Performance,Rentabilité commerciale,RENT_COM,Rentabilité commerciale,%,20.5407
SFBT,2010-09-30,2010,9M,TND,Performance,Rentabilité commerciale,MARGE_NETTE,Ratio de la marge nette,%,31.2614
SFBT,2010-09-30,2010,9M,TND,Performance,Rentabilité commerciale,TAUX_MARQUE,Taux de marque,%,
SFBT,2010-09-30,2010,9M,TND,Performance,Rentabilité commerciale,ROT_CAP,Rotation des capitaux échangés,x,0.7194
SFBT,2010-09-30,2010,9M,TND,Performance,Rentabilité économique,ROA,Rendement de l'actif (ROA),%,14.8383
SFBT,2010-09-30,2010,9M,TND,Performance,Rentabilité économique,ROCE,Rentabilité du capital investi (ROCE),%,12.015
SFBT,2010-09-30,2010,9M,TND,Performance,Rentabilité économique,REND_IMMO,Rendement brut des immobilisations,%,18.8445
SFBT,2010-09-30,2010,9M,TND,Performance,Rentabilité économique,REND_RES_STABLE,Rendement brut des ressources stables,%,14.7629
SFBT,2010-09-30,2010,9M,TND,Performance,Rentabilité d'exploitation,MARGE_BRUTE_EXPL,Marge brute d'exploitation,%,25.2385
SFBT,2010-09-30,2010,9M,TND,Performance,Rentabilité d'exploitation,MARGE_BENEF_EXPL,Marge bénéficiaire d'exploitation,%,20.5407
SFBT,2010-09-30,2010,9M,TND,Performance,Rentabilité opérationnelle,REND_GLOBAL_NET,Rendement global net,%,14.8383
SFBT,2010-09-30,2010,9M,TND,Performance,Rentabilité opérationnelle,CREATION_VALEUR,Création de valeur annuelle,montant,10361151.9143
SFBT,2010-09-30,2010,9M,TND,Performance,Rentabilité opérationnelle,REND_PRODUCTION,Rendement de la production,%,
SFBT,2010-09-30,2010,9M,TND,Performance,Rentabilité opérationnelle,ROT_STOCKS,Ratio de rotation des stocks,x,2.1088
SFBT,2010-09-30,2010,9M,TND,Performance,Rentabilité opérationnelle,PROFIT_OP,Profit opérationnel,montant,31005991.899
SFBT,2010-09-30,2010,9M,TND,Performance,Rentabilité financière,ROE,Rentabilité des capitaux propres (ROE),%,22.4888
SFBT,2010-09-30,2010,9M,TND,Performance,Rentabilité financière,ROI,Retour sur investissement (ROI),%,14.8383
SFBT,2010-09-30,2010,9M,TND,Performance,Rentabilité financière,PERF_PLACEMENT,Performance placement,%,317.5471
SFBT,2010-12-31,2010,FY,TND,Solidité,Liquidités,LIQ_GEN,Ratio de liquidité générale,x,2.0338
SFBT,2010-12-31,2010,FY,TND,Solidité,Liquidités,LIQ_RED,Ratio de liquidité réduite,x,1.4132
SFBT,2010-12-31,2010,FY,TND,Solidité,Liquidités,LIQ_IMM,Ratio de liquidité immédiate,x,0.2273
SFBT,2010-12-31,2010,FY,TND,Solidité,Liquidités,INT_DEF_RED,Intervalle défensif réduit,j,41.5319
SFBT,2010-12-31,2010,FY,TND,Solidité,Liquidités,INT_DEF,Intervalle défensif,j,165.3234
SFBT,2010-12-31,2010,FY,TND,Solidité,Liquidités,RFR,Ratio de fonds de roulement,%,18.7541
SFBT,2010-12-31,2010,FY,TND,Solidité,Liquidités,RBFR,Ratio de besoin en fonds de roulement,%,37.3384
SFBT,2010-12-31,2010,FY,TND,Solidité,Gestion des actifs,LEV_ECO,Ratio du levier économique,x,1.4764
SFBT,2010-12-31,2010,FY,TND,Solidité,Gestion des actifs,POIDS_IMMO,Poids des immobilisations,%,63.7128
SFBT,2010-12-31,2010,FY,TND,Solidité,Gestion des actifs,FIN_IMMO,Financement des immobilisations,x,1.2944
SFBT,2010-12-31,2010,FY,TND,Solidité,Gestion des actifs,VETUSTE,Vétusté de l'actif,%,57.49
SFBT,2010-12-31,2010,FY,TND,Solidité,Gestion des passifs,ENDET_GLOB,Ratio d'endettement global,%,32.2676
SFBT,2010-12-31,2010,FY,TND,Solidité,Gestion des passifs,ENDET_TERME,Ratio d'endettement à terme,%,21.754
SFBT,2010-12-31,2010,FY,TND,Solidité,Gestion des passifs,INDEP_FIN,Ratio d'indépendance financière,%,67.7324
SFBT,2010-12-31,2010,FY,TND,Solidité,Gestion des passifs,COUV_CF,Couverture des charges financières,x,14.4347
SFBT,2010-12-31,2010,FY,TND,Solidité,Gestion des passifs,POIDS_CF,Poids des charges financières,%,1.3959
SFBT,2010-12-31,2010,FY,TND,Solidité,Gestion des passifs,AUTO_FIN,Ratio d'autonomie financière,x,2.0991
SFBT,2010-12-31,2010,FY,TND,Solidité,Gestion des passifs,SOLVA,Ratio de solvabilité,x,3.0991
SFBT,2010-12-31,2010,FY,TND,Solidité,Ressources humaines,EFF_BRUT_RH,Efficacité brute des RH,x,
SFBT,2010-12-31,2010,FY,TND,Solidité,Ressources humaines,EFF_NET_RH,Efficacité nette des RH,x,4.1438
SFBT,2010-12-31,2010,FY,TND,Solidité,Gestion des risques,CONAN_HOLDER,Score de Conan & Holder,score,
SFBT,2010-12-31,2010,FY,TND,Solidité,Gestion des risques,RISQ_PLACEMENT,Risque de placement,%,2.1331
SFBT,2010-12-31,2010,FY,TND,Solidité,Gestion des risques,RISQ_COMMERCIAL,Risque commercial,%,28.2325
SFBT,2010-12-31,2010,FY,TND,Solidité,Gestion des risques,CREDIT_FOURN,Crédits moyens fournisseurs,j,48.3224
SFBT,2010-12-31,2010,FY,TND,Solidité,Gestion des risques,CREDIT_CLIENT,Crédits moyens clients,j,86.5954
SFBT,2010-12-31,2010,FY,TND,Performance,Rentabilité commerciale,RENT_COM,Rentabilité commerciale,%,20.1498
SFBT,2010-12-31,2010,FY,TND,Performance,Rentabilité commerciale,MARGE_NETTE,Ratio de la marge nette,%,26.6338
SFBT,2010-12-31,2010,FY,TND,Performance,Rentabilité commerciale,TAUX_MARQUE,Taux de marque,%,
SFBT,2010-12-31,2010,FY,TND,Performance,Rentabilité commerciale,ROT_CAP,Rotation des capitaux échangés,x,0.9536
SFBT,2010-12-31,2010,FY,TND,Performance,Rentabilité économique,ROA,Rendement de l'actif (ROA),%,17.2028
SFBT,2010-12-31,2010,FY,TND,Performance,Rentabilité économique,ROCE,Rentabilité du capital investi (ROCE),%,15.7818
SFBT,2010-12-31,2010,FY,TND,Performance,Rentabilité économique,REND_IMMO,Rendement brut des immobilisations,%,25.0698
SFBT,2010-12-31,2010,FY,TND,Performance,Rentabilité économique,REND_RES_STABLE,Rendement brut des ressources stables,%,19.3686
SFBT,2010-12-31,2010,FY,TND,Performance,Rentabilité d'exploitation,MARGE_BRUTE_EXPL,Marge brute d'exploitation,%,24.7293
SFBT,2010-12-31,2010,FY,TND,Performance,Rentabilité d'exploitation,MARGE_BENEF_EXPL,Marge bénéficiaire d'exploitation,%,20.1498
SFBT,2010-12-31,2010,FY,TND,Performance,Rentabilité opérationnelle,REND_GLOBAL_NET,Rendement global net,%,17.2028
SFBT,2010-12-31,2010,FY,TND,Performance,Rentabilité opérationnelle,CREATION_VALEUR,Création de valeur annuelle,montant,20656094.3885
SFBT,2010-12-31,2010,FY,TND,Performance,Rentabilité opérationnelle,REND_PRODUCTION,Rendement de la production,%,
SFBT,2010-12-31,2010,FY,TND,Performance,Rentabilité opérationnelle,ROT_STOCKS,Ratio de rotation des stocks,x,2.9167
SFBT,2010-12-31,2010,FY,TND,Performance,Rentabilité opérationnelle,PROFIT_OP,Profit opérationnel,montant,41891491.798
SFBT,2010-12-31,2010,FY,TND,Performance,Rentabilité financière,ROE,Rentabilité des capitaux propres (ROE),%,25.3981
SFBT,2010-12-31,2010,FY,TND,Performance,Rentabilité financière,ROI,Retour sur investissement (ROI),%,17.2028
SFBT,2010-12-31,2010,FY,TND,Performance,Rentabilité financière,PERF_PLACEMENT,Performance placement,%,365.7798
SFBT,2011-03-31,2011,T1,TND,Solidité,Liquidités,LIQ_GEN,Ratio de liquidité générale,x,1.7466
SFBT,2011-03-31,2011,T1,TND,Solidité,Liquidités,LIQ_RED,Ratio de liquidité réduite,x,1.2127
SFBT,2011-03-31,2011,T1,TND,Solidité,Liquidités,LIQ_IMM,Ratio de liquidité immédiate,x,0.1445
SFBT,2011-03-31,2011,T1,TND,Solidité,Liquidités,INT_DEF_RED,Intervalle défensif réduit,j,136.3421
SFBT,2011-03-31,2011,T1,TND,Solidité,Liquidités,INT_DEF,Intervalle défensif,j,633.7649
SFBT,2011-03-31,2011,T1,TND,Solidité,Liquidités,RFR,Ratio de fonds de roulement,%,15.5073
SFBT,2011-03-31,2011,T1,TND,Solidité,Liquidités,RBFR,Ratio de besoin en fonds de roulement,%,151.766
SFBT,2011-03-31,2011,T1,TND,Solidité,Gestion des actifs,LEV_ECO,Ratio du levier économique,x,1.5215
SFBT,2011-03-31,2011,T1,TND,Solidité,Gestion des actifs,POIDS_IMMO,Poids des immobilisations,%,64.5425
SFBT,2011-03-31,2011,T1,TND,Solidité,Gestion des actifs,FIN_IMMO,Financement des immobilisations,x,1.2403
SFBT,2011-03-31,2011,T1,TND,Solidité,Gestion des actifs,VETUSTE,Vétusté de l'actif,%,55.3978
SFBT,2011-03-31,2011,T1,TND,Solidité,Gestion des passifs,ENDET_GLOB,Ratio d'endettement global,%,34.2753
SFBT,2011-03-31,2011,T1,TND,Solidité,Gestion des passifs,ENDET_TERME,Ratio d'endettement à terme,%,21.7956
SFBT,2011-03-31,2011,T1,TND,Solidité,Gestion des passifs,INDEP_FIN,Ratio d'indépendance financière,%,65.7247
SFBT,2011-03-31,2011,T1,TND,Solidité,Gestion des passifs,COUV_CF,Couverture des charges financières,x,
SFBT,2011-03-31,2011,T1,TND,Solidité,Gestion des passifs,POIDS_CF,Poids des charges financières,%,0.0
SFBT,2011-03-31,2011,T1,TND,Solidité,Gestion des passifs,AUTO_FIN,Ratio d'autonomie financière,x,1.9176
SFBT,2011-03-31,2011,T1,TND,Solidité,Gestion des passifs,SOLVA,Ratio de solvabilité,x,2.9176
SFBT,2011-03-31,2011,T1,TND,Solidité,Ressources humaines,EFF_BRUT_RH,Efficacité brute des RH,x,
SFBT,2011-03-31,2011,T1,TND,Solidité,Ressources humaines,EFF_NET_RH,Efficacité nette des RH,x,2.6936
SFBT,2011-03-31,2011,T1,TND,Solidité,Gestion des risques,CONAN_HOLDER,Score de Conan & Holder,score,
SFBT,2011-03-31,2011,T1,TND,Solidité,Gestion des risques,RISQ_PLACEMENT,Risque de placement,%,1.9761
SFBT,2011-03-31,2011,T1,TND,Solidité,Gestion des risques,RISQ_COMMERCIAL,Risque commercial,%,113.9043
SFBT,2011-03-31,2011,T1,TND,Solidité,Gestion des risques,CREDIT_FOURN,Crédits moyens fournisseurs,j,183.5151
SFBT,2011-03-31,2011,T1,TND,Solidité,Gestion des risques,CREDIT_CLIENT,Crédits moyens clients,j,349.3704
SFBT,2011-03-31,2011,T1,TND,Performance,Rentabilité commerciale,RENT_COM,Rentabilité commerciale,%,21.2225
SFBT,2011-03-31,2011,T1,TND,Performance,Rentabilité commerciale,MARGE_NETTE,Ratio de la marge nette,%,43.3665
SFBT,2011-03-31,2011,T1,TND,Performance,Rentabilité commerciale,TAUX_MARQUE,Taux de marque,%,
SFBT,2011-03-31,2011,T1,TND,Performance,Rentabilité commerciale,ROT_CAP,Rotation des capitaux échangés,x,0.2368
SFBT,2011-03-31,2011,T1,TND,Performance,Rentabilité économique,ROA,Rendement de l'actif (ROA),%,6.7502
SFBT,2011-03-31,2011,T1,TND,Performance,Rentabilité économique,ROCE,Rentabilité du capital investi (ROCE),%,4.1266
SFBT,2011-03-31,2011,T1,TND,Performance,Rentabilité économique,REND_IMMO,Rendement brut des immobilisations,%,6.3105
SFBT,2011-03-31,2011,T1,TND,Performance,Rentabilité économique,REND_RES_STABLE,Rendement brut des ressources stables,%,5.088
SFBT,2011-03-31,2011,T1,TND,Performance,Rentabilité d'exploitation,MARGE_BRUTE_EXPL,Marge brute d'exploitation,%,26.1666
SFBT,2011-03-31,2011,T1,TND,Performance,Rentabilité d'exploitation,MARGE_BENEF_EXPL,Marge bénéficiaire d'exploitation,%,21.2225
SFBT,2011-03-31,2011,T1,TND,Performance,Rentabilité opérationnelle,REND_GLOBAL_NET,Rendement global net,%,6.7502
SFBT,2011-03-31,2011,T1,TND,Performance,Rentabilité opérationnelle,CREATION_VALEUR,Création de valeur annuelle,montant,-10420419.5451
SFBT,2011-03-31,2011,T1,TND,Performance,Rentabilité opérationnelle,REND_PRODUCTION,Rendement de la production,%,
SFBT,2011-03-31,2011,T1,TND,Performance,Rentabilité opérationnelle,ROT_STOCKS,Ratio de rotation des stocks,x,0.7466
SFBT,2011-03-31,2011,T1,TND,Performance,Rentabilité opérationnelle,PROFIT_OP,Profit opérationnel,montant,11101869.0
SFBT,2011-03-31,2011,T1,TND,Performance,Rentabilité financière,ROE,Rentabilité des capitaux propres (ROE),%,10.2704
SFBT,2011-03-31,2011,T1,TND,Performance,Rentabilité financière,ROI,Retour sur investissement (ROI),%,6.7502
SFBT,2011-03-31,2011,T1,TND,Performance,Rentabilité financière,PERF_PLACEMENT,Performance placement,%,220.6069
SFBT,2011-06-30,2011,S1,TND,Solidité,Liquidités,LIQ_GEN,Ratio de liquidité générale,x,1.5359
SFBT,2011-06-30,2011,S1,TND,Solidité,Liquidités,LIQ_RED,Ratio de liquidité réduite,x,1.0656
SFBT,2011-06-30,2011,S1,TND,Solidité,Liquidités,LIQ_IMM,Ratio de liquidité immédiate,x,0.0838
SFBT,2011-06-30,2011,S1,TND,Solidité,Liquidités,INT_DEF_RED,Intervalle défensif réduit,j,53.99
SFBT,2011-06-30,2011,S1,TND,Solidité,Liquidités,INT_DEF,Intervalle défensif,j,306.4569
SFBT,2011-06-30,2011,S1,TND,Solidité,Liquidités,RFR,Ratio de fonds de roulement,%,12.492
SFBT,2011-06-30,2011,S1,TND,Solidité,Liquidités,RBFR,Ratio de besoin en fonds de roulement,%,77.5884
SFBT,2011-06-30,2011,S1,TND,Solidité,Gestion des actifs,LEV_ECO,Ratio du levier économique,x,1.5659
SFBT,2011-06-30,2011,S1,TND,Solidité,Gestion des actifs,POIDS_IMMO,Poids des immobilisations,%,65.313
SFBT,2011-06-30,2011,S1,TND,Solidité,Gestion des actifs,FIN_IMMO,Financement des immobilisations,x,1.1913
SFBT,2011-06-30,2011,S1,TND,Solidité,Gestion des actifs,VETUSTE,Vétusté de l'actif,%,53.4973
SFBT,2011-06-30,2011,S1,TND,Solidité,Gestion des passifs,ENDET_GLOB,Ratio d'endettement global,%,36.1399
SFBT,2011-06-30,2011,S1,TND,Solidité,Gestion des passifs,ENDET_TERME,Ratio d'endettement à terme,%,21.8366
SFBT,2011-06-30,2011,S1,TND,Solidité,Gestion des passifs,INDEP_FIN,Ratio d'indépendance financière,%,63.8601
SFBT,2011-06-30,2011,S1,TND,Solidité,Gestion des passifs,COUV_CF,Couverture des charges financières,x,
SFBT,2011-06-30,2011,S1,TND,Solidité,Gestion des passifs,POIDS_CF,Poids des charges financières,%,0.0
SFBT,2011-06-30,2011,S1,TND,Solidité,Gestion des passifs,AUTO_FIN,Ratio d'autonomie financière,x,1.767
SFBT,2011-06-30,2011,S1,TND,Solidité,Gestion des passifs,SOLVA,Ratio de solvabilité,x,2.767
SFBT,2011-06-30,2011,S1,TND,Solidité,Ressources humaines,EFF_BRUT_RH,Efficacité brute des RH,x,
SFBT,2011-06-30,2011,S1,TND,Solidité,Ressources humaines,EFF_NET_RH,Efficacité nette des RH,x,2.6936
SFBT,2011-06-30,2011,S1,TND,Solidité,Gestion des risques,CONAN_HOLDER,Score de Conan & Holder,score,
SFBT,2011-06-30,2011,S1,TND,Solidité,Gestion des risques,RISQ_PLACEMENT,Risque de placement,%,1.8303
SFBT,2011-06-30,2011,S1,TND,Solidité,Gestion des risques,RISQ_COMMERCIAL,Risque commercial,%,57.8121
SFBT,2011-06-30,2011,S1,TND,Solidité,Gestion des risques,CREDIT_FOURN,Crédits moyens fournisseurs,j,91.1626
SFBT,2011-06-30,2011,S1,TND,Solidité,Gestion des risques,CREDIT_CLIENT,Crédits moyens clients,j,177.3229
SFBT,2011-06-30,2011,S1,TND,Performance,Rentabilité commerciale,RENT_COM,Rentabilité commerciale,%,21.2225
SFBT,2011-06-30,2011,S1,TND,Performance,Rentabilité commerciale,MARGE_NETTE,Ratio de la marge nette,%,43.3665
SFBT,2011-06-30,2011,S1,TND,Performance,Rentabilité commerciale,TAUX_MARQUE,Taux de marque,%,
SFBT,2011-06-30,2011,S1,TND,Performance,Rentabilité commerciale,ROT_CAP,Rotation des capitaux échangés,x,0.4675
SFBT,2011-06-30,2011,S1,TND,Performance,Rentabilité économique,ROA,Rendement de l'actif (ROA),%,12.9473
SFBT,2011-06-30,2011,S1,TND,Performance,Rentabilité économique,ROCE,Rentabilité du capital investi (ROCE),%,8.1435
SFBT,2011-06-30,2011,S1,TND,Performance,Rentabilité économique,REND_IMMO,Rendement brut des immobilisations,%,11.9611
SFBT,2011-06-30,2011,S1,TND,Performance,Rentabilité économique,REND_RES_STABLE,Rendement brut des ressources stables,%,10.0407
SFBT,2011-06-30,2011,S1,TND,Performance,Rentabilité d'exploitation,MARGE_BRUTE_EXPL,Marge brute d'exploitation,%,26.1666
SFBT,2011-06-30,2011,S1,TND,Performance,Rentabilité d'exploitation,MARGE_BENEF_EXPL,Marge bénéficiaire d'exploitation,%,21.2225
SFBT,2011-06-30,2011,S1,TND,Performance,Rentabilité opérationnelle,REND_GLOBAL_NET,Rendement global net,%,12.9473
SFBT,2011-06-30,2011,S1,TND,Performance,Rentabilité opérationnelle,CREATION_VALEUR,Création de valeur annuelle,montant,391370.64
SFBT,2011-06-30,2011,S1,TND,Performance,Rentabilité opérationnelle,REND_PRODUCTION,Rendement de la production,%,
SFBT,2011-06-30,2011,S1,TND,Performance,Rentabilité opérationnelle,ROT_STOCKS,Ratio de rotation des stocks,x,1.4614
SFBT,2011-06-30,2011,S1,TND,Performance,Rentabilité opérationnelle,PROFIT_OP,Profit opérationnel,montant,22203738.0
SFBT,2011-06-30,2011,S1,TND,Performance,Rentabilité financière,ROE,Rentabilité des capitaux propres (ROE),%,20.2744
SFBT,2011-06-30,2011,S1,TND,Performance,Rentabilité financière,ROI,Retour sur investissement (ROI),%,12.9473
SFBT,2011-06-30,2011,S1,TND,Performance,Rentabilité financière,PERF_PLACEMENT,Performance placement,%,456.8387
SFBT,2011-09-30,2011,9M,TND,Solidité,Liquidités,LIQ_GEN,Ratio de liquidité générale,x,1.7687
SFBT,2011-09-30,2011,9M,TND,Solidité,Liquidités,LIQ_RED,Ratio de liquidité réduite,x,1.2112
SFBT,2011-09-30,2011,9M,TND,Solidité,Liquidités,LIQ_IMM,Ratio de liquidité immédiate,x,0.1159
SFBT,2011-09-30,2011,9M,TND,Solidité,Liquidités,INT_DEF_RED,Intervalle défensif réduit,j,34.0069
SFBT,2011-09-30,2011,9M,TND,Solidité,Liquidités,INT_DEF,Intervalle défensif,j,183.5705
SFBT,2011-09-30,2011,9M,TND,Solidité,Liquidités,RFR,Ratio de fonds de roulement,%,15.1044
SFBT,2011-09-30,2011,9M,TND,Solidité,Liquidités,RBFR,Ratio de besoin en fonds de roulement,%,45.6091
SFBT,2011-09-30,2011,9M,TND,Solidité,Gestion des actifs,LEV_ECO,Ratio du levier économique,x,1.4843
SFBT,2011-09-30,2011,9M,TND,Solidité,Gestion des actifs,POIDS_IMMO,Poids des immobilisations,%,66.1813
SFBT,2011-09-30,2011,9M,TND,Solidité,Gestion des actifs,FIN_IMMO,Financement des immobilisations,x,1.2282
SFBT,2011-09-30,2011,9M,TND,Solidité,Gestion des actifs,VETUSTE,Vétusté de l'actif,%,53.3268
SFBT,2011-09-30,2011,9M,TND,Solidité,Gestion des passifs,ENDET_GLOB,Ratio d'endettement global,%,32.6263
SFBT,2011-09-30,2011,9M,TND,Solidité,Gestion des passifs,ENDET_TERME,Ratio d'endettement à terme,%,20.649
SFBT,2011-09-30,2011,9M,TND,Solidité,Gestion des passifs,INDEP_FIN,Ratio d'indépendance financière,%,67.3737
SFBT,2011-09-30,2011,9M,TND,Solidité,Gestion des passifs,COUV_CF,Couverture des charges financières,x,30.7939
SFBT,2011-09-30,2011,9M,TND,Solidité,Gestion des passifs,POIDS_CF,Poids des charges financières,%,0.6538
SFBT,2011-09-30,2011,9M,TND,Solidité,Gestion des passifs,AUTO_FIN,Ratio d'autonomie financière,x,2.065
SFBT,2011-09-30,2011,9M,TND,Solidité,Gestion des passifs,SOLVA,Ratio de solvabilité,x,3.065
SFBT,2011-09-30,2011,9M,TND,Solidité,Ressources humaines,EFF_BRUT_RH,Efficacité brute des RH,x,
SFBT,2011-09-30,2011,9M,TND,Solidité,Ressources humaines,EFF_NET_RH,Efficacité nette des RH,x,2.7207
SFBT,2011-09-30,2011,9M,TND,Solidité,Gestion des risques,CONAN_HOLDER,Score de Conan & Holder,score,
SFBT,2011-09-30,2011,9M,TND,Solidité,Gestion des risques,RISQ_PLACEMENT,Risque de placement,%,1.7222
SFBT,2011-09-30,2011,9M,TND,Solidité,Gestion des risques,RISQ_COMMERCIAL,Risque commercial,%,34.2894
SFBT,2011-09-30,2011,9M,TND,Solidité,Gestion des risques,CREDIT_FOURN,Crédits moyens fournisseurs,j,57.6514
SFBT,2011-09-30,2011,9M,TND,Solidité,Gestion des risques,CREDIT_CLIENT,Crédits moyens clients,j,105.1734
SFBT,2011-09-30,2011,9M,TND,Performance,Rentabilité commerciale,RENT_COM,Rentabilité commerciale,%,20.134
SFBT,2011-09-30,2011,9M,TND,Performance,Rentabilité commerciale,MARGE_NETTE,Ratio de la marge nette,%,31.5373
SFBT,2011-09-30,2011,9M,TND,Performance,Rentabilité commerciale,TAUX_MARQUE,Taux de marque,%,
SFBT,2011-09-30,2011,9M,TND,Performance,Rentabilité commerciale,ROT_CAP,Rotation des capitaux échangés,x,0.7407
SFBT,2011-09-30,2011,9M,TND,Performance,Rentabilité économique,ROA,Rendement de l'actif (ROA),%,15.7389
SFBT,2011-09-30,2011,9M,TND,Performance,Rentabilité économique,ROCE,Rentabilité du capital investi (ROCE),%,12.3614
SFBT,2011-09-30,2011,9M,TND,Performance,Rentabilité économique,REND_IMMO,Rendement brut des immobilisations,%,19.2269
SFBT,2011-09-30,2011,9M,TND,Performance,Rentabilité économique,REND_RES_STABLE,Rendement brut des ressources stables,%,15.6542
SFBT,2011-09-30,2011,9M,TND,Performance,Rentabilité d'exploitation,MARGE_BRUTE_EXPL,Marge brute d'exploitation,%,25.4973
SFBT,2011-09-30,2011,9M,TND,Performance,Rentabilité d'exploitation,MARGE_BENEF_EXPL,Marge bénéficiaire d'exploitation,%,20.134
SFBT,2011-09-30,2011,9M,TND,Performance,Rentabilité opérationnelle,REND_GLOBAL_NET,Rendement global net,%,15.7389
SFBT,2011-09-30,2011,9M,TND,Performance,Rentabilité opérationnelle,CREATION_VALEUR,Création de valeur annuelle,montant,12249698.1811
SFBT,2011-09-30,2011,9M,TND,Performance,Rentabilité opérationnelle,REND_PRODUCTION,Rendement de la production,%,
SFBT,2011-09-30,2011,9M,TND,Performance,Rentabilité opérationnelle,ROT_STOCKS,Ratio de rotation des stocks,x,2.4393
SFBT,2011-09-30,2011,9M,TND,Performance,Rentabilité opérationnelle,PROFIT_OP,Profit opérationnel,montant,34719232.114
SFBT,2011-09-30,2011,9M,TND,Performance,Rentabilité financière,ROE,Rentabilité des capitaux propres (ROE),%,23.3606
SFBT,2011-09-30,2011,9M,TND,Performance,Rentabilité financière,ROI,Retour sur investissement (ROI),%,15.7389
SFBT,2011-09-30,2011,9M,TND,Performance,Rentabilité financière,PERF_PLACEMENT,Performance placement,%,488.2323
SFBT,2011-12-31,2011,FY,TND,Solidité,Liquidités,LIQ_GEN,Ratio de liquidité générale,x,2.12
SFBT,2011-12-31,2011,FY,TND,Solidité,Liquidités,LIQ_RED,Ratio de liquidité réduite,x,1.431
SFBT,2011-12-31,2011,FY,TND,Solidité,Liquidités,LIQ_IMM,Ratio de liquidité immédiate,x,0.1642
SFBT,2011-12-31,2011,FY,TND,Solidité,Liquidités,INT_DEF_RED,Intervalle défensif réduit,j,25.32
SFBT,2011-12-31,2011,FY,TND,Solidité,Liquidités,INT_DEF,Intervalle défensif,j,130.1497
SFBT,2011-12-31,2011,FY,TND,Solidité,Liquidités,RFR,Ratio de fonds de roulement,%,17.7921
SFBT,2011-12-31,2011,FY,TND,Solidité,Liquidités,RBFR,Ratio de besoin en fonds de roulement,%,31.6832
SFBT,2011-12-31,2011,FY,TND,Solidité,Gestion des actifs,LEV_ECO,Ratio du levier économique,x,1.4087
SFBT,2011-12-31,2011,FY,TND,Solidité,Gestion des actifs,POIDS_IMMO,Poids des immobilisations,%,67.0746
SFBT,2011-12-31,2011,FY,TND,Solidité,Gestion des actifs,FIN_IMMO,Financement des immobilisations,x,1.2653
SFBT,2011-12-31,2011,FY,TND,Solidité,Gestion des actifs,VETUSTE,Vétusté de l'actif,%,53.1634
SFBT,2011-12-31,2011,FY,TND,Solidité,Gestion des passifs,ENDET_GLOB,Ratio d'endettement global,%,29.0115
SFBT,2011-12-31,2011,FY,TND,Solidité,Gestion des passifs,ENDET_TERME,Ratio d'endettement à terme,%,19.5499
SFBT,2011-12-31,2011,FY,TND,Solidité,Gestion des passifs,INDEP_FIN,Ratio d'indépendance financière,%,70.9885
SFBT,2011-12-31,2011,FY,TND,Solidité,Gestion des passifs,COUV_CF,Couverture des charges financières,x,11.8676
SFBT,2011-12-31,2011,FY,TND,Solidité,Gestion des passifs,POIDS_CF,Poids des charges financières,%,1.6566
SFBT,2011-12-31,2011,FY,TND,Solidité,Gestion des passifs,AUTO_FIN,Ratio d'autonomie financière,x,2.4469
SFBT,2011-12-31,2011,FY,TND,Solidité,Gestion des passifs,SOLVA,Ratio de solvabilité,x,3.4469
SFBT,2011-12-31,2011,FY,TND,Solidité,Ressources humaines,EFF_BRUT_RH,Efficacité brute des RH,x,
SFBT,2011-12-31,2011,FY,TND,Solidité,Ressources humaines,EFF_NET_RH,Efficacité nette des RH,x,2.7332
SFBT,2011-12-31,2011,FY,TND,Solidité,Gestion des risques,CONAN_HOLDER,Score de Conan & Holder,score,
SFBT,2011-12-31,2011,FY,TND,Solidité,Gestion des risques,RISQ_PLACEMENT,Risque de placement,%,1.611
SFBT,2011-12-31,2011,FY,TND,Solidité,Gestion des risques,RISQ_COMMERCIAL,Risque commercial,%,24.0461
SFBT,2011-12-31,2011,FY,TND,Solidité,Gestion des risques,CREDIT_FOURN,Crédits moyens fournisseurs,j,43.0155
SFBT,2011-12-31,2011,FY,TND,Solidité,Gestion des risques,CREDIT_CLIENT,Crédits moyens clients,j,73.7549
SFBT,2011-12-31,2011,FY,TND,Performance,Rentabilité commerciale,RENT_COM,Rentabilité commerciale,%,19.6601
SFBT,2011-12-31,2011,FY,TND,Performance,Rentabilité commerciale,MARGE_NETTE,Ratio de la marge nette,%,26.3861
SFBT,2011-12-31,2011,FY,TND,Performance,Rentabilité commerciale,TAUX_MARQUE,Taux de marque,%,
SFBT,2011-12-31,2011,FY,TND,Performance,Rentabilité commerciale,ROT_CAP,Rotation des capitaux échangés,x,0.9936
SFBT,2011-12-31,2011,FY,TND,Performance,Rentabilité économique,ROA,Rendement de l'actif (ROA),%,18.6108
SFBT,2011-12-31,2011,FY,TND,Performance,Rentabilité économique,ROCE,Rentabilité du capital investi (ROCE),%,16.3395
SFBT,2011-12-31,2011,FY,TND,Performance,Rentabilité économique,REND_IMMO,Rendement brut des immobilisations,%,26.5054
SFBT,2011-12-31,2011,FY,TND,Performance,Rentabilité économique,REND_RES_STABLE,Rendement brut des ressources stables,%,20.9486
SFBT,2011-12-31,2011,FY,TND,Performance,Rentabilité d'exploitation,MARGE_BRUTE_EXPL,Marge brute d'exploitation,%,25.2059
SFBT,2011-12-31,2011,FY,TND,Performance,Rentabilité d'exploitation,MARGE_BENEF_EXPL,Marge bénéficiaire d'exploitation,%,19.6601
SFBT,2011-12-31,2011,FY,TND,Performance,Rentabilité opérationnelle,REND_GLOBAL_NET,Rendement global net,%,18.6108
SFBT,2011-12-31,2011,FY,TND,Performance,Rentabilité opérationnelle,CREATION_VALEUR,Création de valeur annuelle,montant,24108025.7223
SFBT,2011-12-31,2011,FY,TND,Performance,Rentabilité opérationnelle,REND_PRODUCTION,Rendement de la production,%,
SFBT,2011-12-31,2011,FY,TND,Performance,Rentabilité opérationnelle,ROT_STOCKS,Ratio de rotation des stocks,x,3.4465
SFBT,2011-12-31,2011,FY,TND,Performance,Rentabilité opérationnelle,PROFIT_OP,Profit opérationnel,montant,47234726.228
SFBT,2011-12-31,2011,FY,TND,Performance,Rentabilité financière,ROE,Rentabilité des capitaux propres (ROE),%,26.2167
SFBT,2011-12-31,2011,FY,TND,Performance,Rentabilité financière,ROI,Retour sur investissement (ROI),%,18.6108
SFBT,2011-12-31,2011,FY,TND,Performance,Rentabilité financière,PERF_PLACEMENT,Performance placement,%,524.9271
SFBT,2012-03-31,2012,T1,TND,Solidité,Liquidités,LIQ_GEN,Ratio de liquidité générale,x,1.6336
SFBT,2012-03-31,2012,T1,TND,Solidité,Liquidités,LIQ_RED,Ratio de liquidité réduite,x,1.1519
SFBT,2012-03-31,2012,T1,TND,Solidité,Liquidités,LIQ_IMM,Ratio de liquidité immédiate,x,0.183
SFBT,2012-03-31,2012,T1,TND,Solidité,Liquidités,INT_DEF_RED,Intervalle défensif réduit,j,152.1607
SFBT,2012-03-31,2012,T1,TND,Solidité,Liquidités,INT_DEF,Intervalle défensif,j,576.1436
SFBT,2012-03-31,2012,T1,TND,Solidité,Liquidités,RFR,Ratio de fonds de roulement,%,14.3199
SFBT,2012-03-31,2012,T1,TND,Solidité,Liquidités,RBFR,Ratio de besoin en fonds de roulement,%,129.5136
SFBT,2012-03-31,2012,T1,TND,Solidité,Gestion des actifs,LEV_ECO,Ratio du levier économique,x,1.5265
SFBT,2012-03-31,2012,T1,TND,Solidité,Gestion des actifs,POIDS_IMMO,Poids des immobilisations,%,64.1411
SFBT,2012-03-31,2012,T1,TND,Solidité,Gestion des actifs,FIN_IMMO,Financement des immobilisations,x,1.2233
SFBT,2012-03-31,2012,T1,TND,Solidité,Gestion des actifs,VETUSTE,Vétusté de l'actif,%,52.1439
SFBT,2012-03-31,2012,T1,TND,Solidité,Gestion des passifs,ENDET_GLOB,Ratio d'endettement global,%,34.4922
SFBT,2012-03-31,2012,T1,TND,Solidité,Gestion des passifs,ENDET_TERME,Ratio d'endettement à terme,%,19.7736
SFBT,2012-03-31,2012,T1,TND,Solidité,Gestion des passifs,INDEP_FIN,Ratio d'indépendance financière,%,65.5078
SFBT,2012-03-31,2012,T1,TND,Solidité,Gestion des passifs,COUV_CF,Couverture des charges financières,x,15.1157
SFBT,2012-03-31,2012,T1,TND,Solidité,Gestion des passifs,POIDS_CF,Poids des charges financières,%,1.3008
SFBT,2012-03-31,2012,T1,TND,Solidité,Gestion des passifs,AUTO_FIN,Ratio d'autonomie financière,x,1.8992
SFBT,2012-03-31,2012,T1,TND,Solidité,Gestion des passifs,SOLVA,Ratio de solvabilité,x,2.8992
SFBT,2012-03-31,2012,T1,TND,Solidité,Ressources humaines,EFF_BRUT_RH,Efficacité brute des RH,x,
SFBT,2012-03-31,2012,T1,TND,Solidité,Ressources humaines,EFF_NET_RH,Efficacité nette des RH,x,2.6683
SFBT,2012-03-31,2012,T1,TND,Solidité,Gestion des risques,CONAN_HOLDER,Score de Conan & Holder,score,
SFBT,2012-03-31,2012,T1,TND,Solidité,Gestion des risques,RISQ_PLACEMENT,Risque de placement,%,2.2842
SFBT,2012-03-31,2012,T1,TND,Solidité,Gestion des risques,RISQ_COMMERCIAL,Risque commercial,%,98.5906
SFBT,2012-03-31,2012,T1,TND,Solidité,Gestion des risques,CREDIT_FOURN,Crédits moyens fournisseurs,j,173.813
SFBT,2012-03-31,2012,T1,TND,Solidité,Gestion des risques,CREDIT_CLIENT,Crédits moyens clients,j,302.3996
SFBT,2012-03-31,2012,T1,TND,Performance,Rentabilité commerciale,RENT_COM,Rentabilité commerciale,%,19.6618
SFBT,2012-03-31,2012,T1,TND,Performance,Rentabilité commerciale,MARGE_NETTE,Ratio de la marge nette,%,37.1662
SFBT,2012-03-31,2012,T1,TND,Performance,Rentabilité commerciale,TAUX_MARQUE,Taux de marque,%,
SFBT,2012-03-31,2012,T1,TND,Performance,Rentabilité commerciale,ROT_CAP,Rotation des capitaux échangés,x,0.2686
SFBT,2012-03-31,2012,T1,TND,Performance,Rentabilité économique,ROA,Rendement de l'actif (ROA),%,6.5402
SFBT,2012-03-31,2012,T1,TND,Performance,Rentabilité économique,ROCE,Rentabilité du capital investi (ROCE),%,4.4097
SFBT,2012-03-31,2012,T1,TND,Performance,Rentabilité économique,REND_IMMO,Rendement brut des immobilisations,%,6.6328
SFBT,2012-03-31,2012,T1,TND,Performance,Rentabilité économique,REND_RES_STABLE,Rendement brut des ressources stables,%,5.4222
SFBT,2012-03-31,2012,T1,TND,Performance,Rentabilité d'exploitation,MARGE_BRUTE_EXPL,Marge brute d'exploitation,%,24.1762
SFBT,2012-03-31,2012,T1,TND,Performance,Rentabilité d'exploitation,MARGE_BENEF_EXPL,Marge bénéficiaire d'exploitation,%,19.6618
SFBT,2012-03-31,2012,T1,TND,Performance,Rentabilité opérationnelle,REND_GLOBAL_NET,Rendement global net,%,6.5402
SFBT,2012-03-31,2012,T1,TND,Performance,Rentabilité opérationnelle,CREATION_VALEUR,Création de valeur annuelle,montant,-10534060.7929
SFBT,2012-03-31,2012,T1,TND,Performance,Rentabilité opérationnelle,REND_PRODUCTION,Rendement de la production,%,
SFBT,2012-03-31,2012,T1,TND,Performance,Rentabilité opérationnelle,ROT_STOCKS,Ratio de rotation des stocks,x,0.8393
SFBT,2012-03-31,2012,T1,TND,Performance,Rentabilité opérationnelle,PROFIT_OP,Profit opérationnel,montant,12938436.5
SFBT,2012-03-31,2012,T1,TND,Performance,Rentabilité financière,ROE,Rentabilité des capitaux propres (ROE),%,9.9839
SFBT,2012-03-31,2012,T1,TND,Performance,Rentabilité financière,ROI,Retour sur investissement (ROI),%,6.5402
SFBT,2012-03-31,2012,T1,TND,Performance,Rentabilité financière,PERF_PLACEMENT,Performance placement,%,173.43
SFBT,2012-06-30,2012,S1,TND,Solidité,Liquidités,LIQ_GEN,Ratio de liquidité générale,x,1.4047
SFBT,2012-06-30,2012,S1,TND,Solidité,Liquidités,LIQ_RED,Ratio de liquidité réduite,x,1.0205
SFBT,2012-06-30,2012,S1,TND,Solidité,Liquidités,LIQ_IMM,Ratio de liquidité immédiate,x,0.1919
SFBT,2012-06-30,2012,S1,TND,Solidité,Liquidités,INT_DEF_RED,Intervalle défensif réduit,j,106.5648
SFBT,2012-06-30,2012,S1,TND,Solidité,Liquidités,INT_DEF,Intervalle défensif,j,341.7721
SFBT,2012-06-30,2012,S1,TND,Solidité,Liquidités,RFR,Ratio de fonds de roulement,%,11.4159
SFBT,2012-06-30,2012,S1,TND,Solidité,Liquidités,RBFR,Ratio de besoin en fonds de roulement,%,71.6751
SFBT,2012-06-30,2012,S1,TND,Solidité,Gestion des actifs,LEV_ECO,Ratio du levier économique,x,1.6414
SFBT,2012-06-30,2012,S1,TND,Solidité,Gestion des actifs,POIDS_IMMO,Poids des immobilisations,%,61.6876
SFBT,2012-06-30,2012,S1,TND,Solidité,Gestion des actifs,FIN_IMMO,Financement des immobilisations,x,1.1851
SFBT,2012-06-30,2012,S1,TND,Solidité,Gestion des actifs,VETUSTE,Vétusté de l'actif,%,51.1871
SFBT,2012-06-30,2012,S1,TND,Solidité,Gestion des passifs,ENDET_GLOB,Ratio d'endettement global,%,39.0762
SFBT,2012-06-30,2012,S1,TND,Solidité,Gestion des passifs,ENDET_TERME,Ratio d'endettement à terme,%,19.9917
SFBT,2012-06-30,2012,S1,TND,Solidité,Gestion des passifs,INDEP_FIN,Ratio d'indépendance financière,%,60.9238
SFBT,2012-06-30,2012,S1,TND,Solidité,Gestion des passifs,COUV_CF,Couverture des charges financières,x,15.1157
SFBT,2012-06-30,2012,S1,TND,Solidité,Gestion des passifs,POIDS_CF,Poids des charges financières,%,1.3008
SFBT,2012-06-30,2012,S1,TND,Solidité,Gestion des passifs,AUTO_FIN,Ratio d'autonomie financière,x,1.5591
SFBT,2012-06-30,2012,S1,TND,Solidité,Gestion des passifs,SOLVA,Ratio de solvabilité,x,2.5591
SFBT,2012-06-30,2012,S1,TND,Solidité,Ressources humaines,EFF_BRUT_RH,Efficacité brute des RH,x,
SFBT,2012-06-30,2012,S1,TND,Solidité,Ressources humaines,EFF_NET_RH,Efficacité nette des RH,x,2.6683
SFBT,2012-06-30,2012,S1,TND,Solidité,Gestion des risques,CONAN_HOLDER,Score de Conan & Holder,score,
SFBT,2012-06-30,2012,S1,TND,Solidité,Gestion des risques,RISQ_PLACEMENT,Risque de placement,%,2.8473
SFBT,2012-06-30,2012,S1,TND,Solidité,Gestion des risques,RISQ_COMMERCIAL,Risque commercial,%,54.6937
SFBT,2012-06-30,2012,S1,TND,Solidité,Gestion des risques,CREDIT_FOURN,Crédits moyens fournisseurs,j,92.9763
SFBT,2012-06-30,2012,S1,TND,Solidité,Gestion des risques,CREDIT_CLIENT,Crédits moyens clients,j,167.7581
SFBT,2012-06-30,2012,S1,TND,Performance,Rentabilité commerciale,RENT_COM,Rentabilité commerciale,%,19.6618
SFBT,2012-06-30,2012,S1,TND,Performance,Rentabilité commerciale,MARGE_NETTE,Ratio de la marge nette,%,37.1662
SFBT,2012-06-30,2012,S1,TND,Performance,Rentabilité commerciale,TAUX_MARQUE,Taux de marque,%,
SFBT,2012-06-30,2012,S1,TND,Performance,Rentabilité commerciale,ROT_CAP,Rotation des capitaux échangés,x,0.5304
SFBT,2012-06-30,2012,S1,TND,Performance,Rentabilité économique,ROA,Rendement de l'actif (ROA),%,12.0103
SFBT,2012-06-30,2012,S1,TND,Performance,Rentabilité économique,ROCE,Rentabilité du capital investi (ROCE),%,8.6914
SFBT,2012-06-30,2012,S1,TND,Performance,Rentabilité économique,REND_IMMO,Rendement brut des immobilisations,%,12.6647
SFBT,2012-06-30,2012,S1,TND,Performance,Rentabilité économique,REND_RES_STABLE,Rendement brut des ressources stables,%,10.687
SFBT,2012-06-30,2012,S1,TND,Performance,Rentabilité d'exploitation,MARGE_BRUTE_EXPL,Marge brute d'exploitation,%,24.1762
SFBT,2012-06-30,2012,S1,TND,Performance,Rentabilité d'exploitation,MARGE_BENEF_EXPL,Marge bénéficiaire d'exploitation,%,19.6618
SFBT,2012-06-30,2012,S1,TND,Performance,Rentabilité opérationnelle,REND_GLOBAL_NET,Rendement global net,%,12.0103
SFBT,2012-06-30,2012,S1,TND,Performance,Rentabilité opérationnelle,CREATION_VALEUR,Création de valeur annuelle,montant,2058578.92
SFBT,2012-06-30,2012,S1,TND,Performance,Rentabilité opérationnelle,REND_PRODUCTION,Rendement de la production,%,
SFBT,2012-06-30,2012,S1,TND,Performance,Rentabilité opérationnelle,ROT_STOCKS,Ratio de rotation des stocks,x,1.5473
SFBT,2012-06-30,2012,S1,TND,Performance,Rentabilité opérationnelle,PROFIT_OP,Profit opérationnel,montant,25876873.0
SFBT,2012-06-30,2012,S1,TND,Performance,Rentabilité financière,ROE,Rentabilité des capitaux propres (ROE),%,19.7136
SFBT,2012-06-30,2012,S1,TND,Performance,Rentabilité financière,ROI,Retour sur investissement (ROI),%,12.0103
SFBT,2012-06-30,2012,S1,TND,Performance,Rentabilité financière,PERF_PLACEMENT,Performance placement,%,255.5004
SFBT,2012-09-30,2012,9M,TND,Solidité,Liquidités,LIQ_GEN,Ratio de liquidité générale,x,1.6573
SFBT,2012-09-30,2012,9M,TND,Solidité,Liquidités,LIQ_RED,Ratio de liquidité réduite,x,1.1427
SFBT,2012-09-30,2012,9M,TND,Solidité,Liquidités,LIQ_IMM,Ratio de liquidité immédiate,x,0.195
SFBT,2012-09-30,2012,9M,TND,Solidité,Liquidités,INT_DEF_RED,Intervalle défensif réduit,j,47.5215
SFBT,2012-09-30,2012,9M,TND,Solidité,Liquidités,INT_DEF,Intervalle défensif,j,173.0785
SFBT,2012-09-30,2012,9M,TND,Solidité,Liquidités,RFR,Ratio de fonds de roulement,%,14.1263
SFBT,2012-09-30,2012,9M,TND,Solidité,Liquidités,RBFR,Ratio de besoin en fonds de roulement,%,39.6484
SFBT,2012-09-30,2012,9M,TND,Solidité,Gestion des actifs,LEV_ECO,Ratio du levier économique,x,1.4919
SFBT,2012-09-30,2012,9M,TND,Solidité,Gestion des actifs,POIDS_IMMO,Poids des immobilisations,%,65.3868
SFBT,2012-09-30,2012,9M,TND,Solidité,Gestion des actifs,FIN_IMMO,Financement des immobilisations,x,1.216
SFBT,2012-09-30,2012,9M,TND,Solidité,Gestion des actifs,VETUSTE,Vétusté de l'actif,%,51.3899
SFBT,2012-09-30,2012,9M,TND,Solidité,Gestion des passifs,ENDET_GLOB,Ratio d'endettement global,%,32.9731
SFBT,2012-09-30,2012,9M,TND,Solidité,Gestion des passifs,ENDET_TERME,Ratio d'endettement à terme,%,18.6286
SFBT,2012-09-30,2012,9M,TND,Solidité,Gestion des passifs,INDEP_FIN,Ratio d'indépendance financière,%,67.0269
SFBT,2012-09-30,2012,9M,TND,Solidité,Gestion des passifs,COUV_CF,Couverture des charges financières,x,14.3581
SFBT,2012-09-30,2012,9M,TND,Solidité,Gestion des passifs,POIDS_CF,Poids des charges financières,%,1.342
SFBT,2012-09-30,2012,9M,TND,Solidité,Gestion des passifs,AUTO_FIN,Ratio d'autonomie financière,x,2.0328
SFBT,2012-09-30,2012,9M,TND,Solidité,Gestion des passifs,SOLVA,Ratio de solvabilité,x,3.0328
SFBT,2012-09-30,2012,9M,TND,Solidité,Ressources humaines,EFF_BRUT_RH,Efficacité brute des RH,x,
SFBT,2012-09-30,2012,9M,TND,Solidité,Ressources humaines,EFF_NET_RH,Efficacité nette des RH,x,2.7996
SFBT,2012-09-30,2012,9M,TND,Solidité,Gestion des risques,CONAN_HOLDER,Score de Conan & Holder,score,
SFBT,2012-09-30,2012,9M,TND,Solidité,Gestion des risques,RISQ_PLACEMENT,Risque de placement,%,2.0251
SFBT,2012-09-30,2012,9M,TND,Solidité,Gestion des risques,RISQ_COMMERCIAL,Risque commercial,%,29.1996
SFBT,2012-09-30,2012,9M,TND,Solidité,Gestion des risques,CREDIT_FOURN,Crédits moyens fournisseurs,j,53.7703
SFBT,2012-09-30,2012,9M,TND,Solidité,Gestion des risques,CREDIT_CLIENT,Crédits moyens clients,j,89.5617
SFBT,2012-09-30,2012,9M,TND,Performance,Rentabilité commerciale,RENT_COM,Rentabilité commerciale,%,19.2692
SFBT,2012-09-30,2012,9M,TND,Performance,Rentabilité commerciale,MARGE_NETTE,Ratio de la marge nette,%,29.0569
SFBT,2012-09-30,2012,9M,TND,Performance,Rentabilité commerciale,TAUX_MARQUE,Taux de marque,%,
SFBT,2012-09-30,2012,9M,TND,Performance,Rentabilité commerciale,ROT_CAP,Rotation des capitaux échangés,x,0.8126
SFBT,2012-09-30,2012,9M,TND,Performance,Rentabilité économique,ROA,Rendement de l'actif (ROA),%,15.8254
SFBT,2012-09-30,2012,9M,TND,Performance,Rentabilité économique,ROCE,Rentabilité du capital investi (ROCE),%,13.1987
SFBT,2012-09-30,2012,9M,TND,Performance,Rentabilité économique,REND_IMMO,Rendement brut des immobilisations,%,19.8705
SFBT,2012-09-30,2012,9M,TND,Performance,Rentabilité économique,REND_RES_STABLE,Rendement brut des ressources stables,%,16.3403
SFBT,2012-09-30,2012,9M,TND,Performance,Rentabilité d'exploitation,MARGE_BRUTE_EXPL,Marge brute d'exploitation,%,23.8558
SFBT,2012-09-30,2012,9M,TND,Performance,Rentabilité d'exploitation,MARGE_BENEF_EXPL,Marge bénéficiaire d'exploitation,%,19.2692
SFBT,2012-09-30,2012,9M,TND,Performance,Rentabilité opérationnelle,REND_GLOBAL_NET,Rendement global net,%,15.8254
SFBT,2012-09-30,2012,9M,TND,Performance,Rentabilité opérationnelle,CREATION_VALEUR,Création de valeur annuelle,montant,16082655.818
SFBT,2012-09-30,2012,9M,TND,Performance,Rentabilité opérationnelle,REND_PRODUCTION,Rendement de la production,%,
SFBT,2012-09-30,2012,9M,TND,Performance,Rentabilité opérationnelle,ROT_STOCKS,Ratio de rotation des stocks,x,2.6253
SFBT,2012-09-30,2012,9M,TND,Performance,Rentabilité opérationnelle,PROFIT_OP,Profit opérationnel,montant,40831616.497
SFBT,2012-09-30,2012,9M,TND,Performance,Rentabilité financière,ROE,Rentabilité des capitaux propres (ROE),%,23.6105
SFBT,2012-09-30,2012,9M,TND,Performance,Rentabilité financière,ROI,Retour sur investissement (ROI),%,15.8254
SFBT,2012-09-30,2012,9M,TND,Performance,Rentabilité financière,PERF_PLACEMENT,Performance placement,%,378.9001
SFBT,2012-12-31,2012,FY,TND,Solidité,Liquidités,LIQ_GEN,Ratio de liquidité générale,x,2.212
SFBT,2012-12-31,2012,FY,TND,Solidité,Liquidités,LIQ_RED,Ratio de liquidité réduite,x,1.4111
SFBT,2012-12-31,2012,FY,TND,Solidité,Liquidités,LIQ_IMM,Ratio de liquidité immédiate,x,0.2017
SFBT,2012-12-31,2012,FY,TND,Solidité,Liquidités,INT_DEF_RED,Intervalle défensif réduit,j,20.9313
SFBT,2012-12-31,2012,FY,TND,Solidité,Liquidités,INT_DEF,Intervalle défensif,j,97.1075
SFBT,2012-12-31,2012,FY,TND,Solidité,Liquidités,RFR,Ratio de fonds de roulement,%,17.1027
SFBT,2012-12-31,2012,FY,TND,Solidité,Liquidités,RBFR,Ratio de besoin en fonds de roulement,%,25.2229
SFBT,2012-12-31,2012,FY,TND,Solidité,Gestion des actifs,LEV_ECO,Ratio du levier économique,x,1.3563
SFBT,2012-12-31,2012,FY,TND,Solidité,Gestion des actifs,POIDS_IMMO,Poids des immobilisations,%,69.449
SFBT,2012-12-31,2012,FY,TND,Solidité,Gestion des actifs,FIN_IMMO,Financement des immobilisations,x,1.2463
SFBT,2012-12-31,2012,FY,TND,Solidité,Gestion des actifs,VETUSTE,Vétusté de l'actif,%,51.5862
SFBT,2012-12-31,2012,FY,TND,Solidité,Gestion des passifs,ENDET_GLOB,Ratio d'endettement global,%,26.271
SFBT,2012-12-31,2012,FY,TND,Solidité,Gestion des passifs,ENDET_TERME,Ratio d'endettement à terme,%,17.3917
SFBT,2012-12-31,2012,FY,TND,Solidité,Gestion des passifs,INDEP_FIN,Ratio d'indépendance financière,%,73.729
SFBT,2012-12-31,2012,FY,TND,Solidité,Gestion des passifs,COUV_CF,Couverture des charges financières,x,
SFBT,2012-12-31,2012,FY,TND,Solidité,Gestion des passifs,POIDS_CF,Poids des charges financières,%,0.0
SFBT,2012-12-31,2012,FY,TND,Solidité,Gestion des passifs,AUTO_FIN,Ratio d'autonomie financière,x,2.8065
SFBT,2012-12-31,2012,FY,TND,Solidité,Gestion des passifs,SOLVA,Ratio de solvabilité,x,3.8065
SFBT,2012-12-31,2012,FY,TND,Solidité,Ressources humaines,EFF_BRUT_RH,Efficacité brute des RH,x,3.9298
SFBT,2012-12-31,2012,FY,TND,Solidité,Ressources humaines,EFF_NET_RH,Efficacité nette des RH,x,2.8643
SFBT,2012-12-31,2012,FY,TND,Solidité,Gestion des risques,CONAN_HOLDER,Score de Conan & Holder,score,0.366
SFBT,2012-12-31,2012,FY,TND,Solidité,Gestion des risques,RISQ_PLACEMENT,Risque de placement,%,1.1223
SFBT,2012-12-31,2012,FY,TND,Solidité,Gestion des risques,RISQ_COMMERCIAL,Risque commercial,%,17.7164
SFBT,2012-12-31,2012,FY,TND,Solidité,Gestion des risques,CREDIT_FOURN,Crédits moyens fournisseurs,j,36.7745
SFBT,2012-12-31,2012,FY,TND,Solidité,Gestion des risques,CREDIT_CLIENT,Crédits moyens clients,j,54.3404
SFBT,2012-12-31,2012,FY,TND,Performance,Rentabilité commerciale,RENT_COM,Rentabilité commerciale,%,19.0924
SFBT,2012-12-31,2012,FY,TND,Performance,Rentabilité commerciale,MARGE_NETTE,Ratio de la marge nette,%,25.4043
SFBT,2012-12-31,2012,FY,TND,Performance,Rentabilité commerciale,TAUX_MARQUE,Taux de marque,%,41.0386
SFBT,2012-12-31,2012,FY,TND,Performance,Rentabilité commerciale,ROT_CAP,Rotation des capitaux échangés,x,1.0686
SFBT,2012-12-31,2012,FY,TND,Performance,Rentabilité économique,ROA,Rendement de l'actif (ROA),%,20.0149
SFBT,2012-12-31,2012,FY,TND,Performance,Rentabilité économique,ROCE,Rentabilité du capital investi (ROCE),%,17.3792
SFBT,2012-12-31,2012,FY,TND,Performance,Rentabilité économique,REND_IMMO,Rendement brut des immobilisations,%,26.8991
SFBT,2012-12-31,2012,FY,TND,Performance,Rentabilité économique,REND_RES_STABLE,Rendement brut des ressources stables,%,21.5838
SFBT,2012-12-31,2012,FY,TND,Performance,Rentabilité d'exploitation,MARGE_BRUTE_EXPL,Marge brute d'exploitation,%,23.7115
SFBT,2012-12-31,2012,FY,TND,Performance,Rentabilité d'exploitation,MARGE_BENEF_EXPL,Marge bénéficiaire d'exploitation,%,19.0924
SFBT,2012-12-31,2012,FY,TND,Performance,Rentabilité opérationnelle,REND_GLOBAL_NET,Rendement global net,%,20.0149
SFBT,2012-12-31,2012,FY,TND,Performance,Rentabilité opérationnelle,CREATION_VALEUR,Création de valeur annuelle,montant,30106732.7159
SFBT,2012-12-31,2012,FY,TND,Performance,Rentabilité opérationnelle,REND_PRODUCTION,Rendement de la production,%,21.8925
SFBT,2012-12-31,2012,FY,TND,Performance,Rentabilité opérationnelle,ROT_STOCKS,Ratio de rotation des stocks,x,3.7611
SFBT,2012-12-31,2012,FY,TND,Performance,Rentabilité opérationnelle,PROFIT_OP,Profit opérationnel,montant,55786359.994
SFBT,2012-12-31,2012,FY,TND,Performance,Rentabilité financière,ROE,Rentabilité des capitaux propres (ROE),%,27.1466
SFBT,2012-12-31,2012,FY,TND,Performance,Rentabilité financière,ROI,Retour sur investissement (ROI),%,20.0149
SFBT,2012-12-31,2012,FY,TND,Performance,Rentabilité financière,PERF_PLACEMENT,Performance placement,%,722.676
SFBT,2013-03-31,2013,T1,TND,Solidité,Liquidités,LIQ_GEN,Ratio de liquidité générale,x,1.8964
SFBT,2013-03-31,2013,T1,TND,Solidité,Liquidités,LIQ_RED,Ratio de liquidité réduite,x,1.2042
SFBT,2013-03-31,2013,T1,TND,Solidité,Liquidités,LIQ_IMM,Ratio de liquidité immédiate,x,0.1197
SFBT,2013-03-31,2013,T1,TND,Solidité,Liquidités,INT_DEF_RED,Intervalle défensif réduit,j,66.1749
SFBT,2013-03-31,2013,T1,TND,Solidité,Liquidités,INT_DEF,Intervalle défensif,j,384.9263
SFBT,2013-03-31,2013,T1,TND,Solidité,Liquidités,RFR,Ratio de fonds de roulement,%,14.9419
SFBT,2013-03-31,2013,T1,TND,Solidité,Liquidités,RBFR,Ratio de besoin en fonds de roulement,%,105.1774
SFBT,2013-03-31,2013,T1,TND,Solidité,Gestion des actifs,LEV_ECO,Ratio du levier économique,x,1.3921
SFBT,2013-03-31,2013,T1,TND,Solidité,Gestion des actifs,POIDS_IMMO,Poids des immobilisations,%,69.0944
SFBT,2013-03-31,2013,T1,TND,Solidité,Gestion des actifs,FIN_IMMO,Financement des immobilisations,x,1.2163
SFBT,2013-03-31,2013,T1,TND,Solidité,Gestion des actifs,VETUSTE,Vétusté de l'actif,%,51.8778
SFBT,2013-03-31,2013,T1,TND,Solidité,Gestion des passifs,ENDET_GLOB,Ratio d'endettement global,%,28.164
SFBT,2013-03-31,2013,T1,TND,Solidité,Gestion des passifs,ENDET_TERME,Ratio d'endettement à terme,%,16.9837
SFBT,2013-03-31,2013,T1,TND,Solidité,Gestion des passifs,INDEP_FIN,Ratio d'indépendance financière,%,71.836
SFBT,2013-03-31,2013,T1,TND,Solidité,Gestion des passifs,COUV_CF,Couverture des charges financières,x,10.9478
SFBT,2013-03-31,2013,T1,TND,Solidité,Gestion des passifs,POIDS_CF,Poids des charges financières,%,2.0302
SFBT,2013-03-31,2013,T1,TND,Solidité,Gestion des passifs,AUTO_FIN,Ratio d'autonomie financière,x,2.5506
SFBT,2013-03-31,2013,T1,TND,Solidité,Gestion des passifs,SOLVA,Ratio de solvabilité,x,3.5506
SFBT,2013-03-31,2013,T1,TND,Solidité,Ressources humaines,EFF_BRUT_RH,Efficacité brute des RH,x,
SFBT,2013-03-31,2013,T1,TND,Solidité,Ressources humaines,EFF_NET_RH,Efficacité nette des RH,x,3.0541
SFBT,2013-03-31,2013,T1,TND,Solidité,Gestion des risques,CONAN_HOLDER,Score de Conan & Holder,score,
SFBT,2013-03-31,2013,T1,TND,Solidité,Gestion des risques,RISQ_PLACEMENT,Risque de placement,%,1.0197
SFBT,2013-03-31,2013,T1,TND,Solidité,Gestion des risques,RISQ_COMMERCIAL,Risque commercial,%,71.9153
SFBT,2013-03-31,2013,T1,TND,Solidité,Gestion des risques,CREDIT_FOURN,Crédits moyens fournisseurs,j,143.7678
SFBT,2013-03-31,2013,T1,TND,Solidité,Gestion des risques,CREDIT_CLIENT,Crédits moyens clients,j,220.5806
SFBT,2013-03-31,2013,T1,TND,Performance,Rentabilité commerciale,RENT_COM,Rentabilité commerciale,%,22.2264
SFBT,2013-03-31,2013,T1,TND,Performance,Rentabilité commerciale,MARGE_NETTE,Ratio de la marge nette,%,45.9705
SFBT,2013-03-31,2013,T1,TND,Performance,Rentabilité commerciale,TAUX_MARQUE,Taux de marque,%,
SFBT,2013-03-31,2013,T1,TND,Performance,Rentabilité commerciale,ROT_CAP,Rotation des capitaux échangés,x,0.2732
SFBT,2013-03-31,2013,T1,TND,Performance,Rentabilité économique,ROA,Rendement de l'actif (ROA),%,9.0232
SFBT,2013-03-31,2013,T1,TND,Performance,Rentabilité économique,ROCE,Rentabilité du capital investi (ROCE),%,5.1914
SFBT,2013-03-31,2013,T1,TND,Performance,Rentabilité économique,REND_IMMO,Rendement brut des immobilisations,%,7.5883
SFBT,2013-03-31,2013,T1,TND,Performance,Rentabilité économique,REND_RES_STABLE,Rendement brut des ressources stables,%,6.2391
SFBT,2013-03-31,2013,T1,TND,Performance,Rentabilité d'exploitation,MARGE_BRUTE_EXPL,Marge brute d'exploitation,%,26.7121
SFBT,2013-03-31,2013,T1,TND,Performance,Rentabilité d'exploitation,MARGE_BENEF_EXPL,Marge bénéficiaire d'exploitation,%,22.2264
SFBT,2013-03-31,2013,T1,TND,Performance,Rentabilité opérationnelle,REND_GLOBAL_NET,Rendement global net,%,9.0232
SFBT,2013-03-31,2013,T1,TND,Performance,Rentabilité opérationnelle,CREATION_VALEUR,Création de valeur annuelle,montant,-9308325.637
SFBT,2013-03-31,2013,T1,TND,Performance,Rentabilité opérationnelle,REND_PRODUCTION,Rendement de la production,%,
SFBT,2013-03-31,2013,T1,TND,Performance,Rentabilité opérationnelle,ROT_STOCKS,Ratio de rotation des stocks,x,0.8729
SFBT,2013-03-31,2013,T1,TND,Performance,Rentabilité opérationnelle,PROFIT_OP,Profit opérationnel,montant,17205062.0
SFBT,2013-03-31,2013,T1,TND,Performance,Rentabilité financière,ROE,Rentabilité des capitaux propres (ROE),%,12.5608
SFBT,2013-03-31,2013,T1,TND,Performance,Rentabilité financière,ROI,Retour sur investissement (ROI),%,9.0232
SFBT,2013-03-31,2013,T1,TND,Performance,Rentabilité financière,PERF_PLACEMENT,Performance placement,%,580.2625
SFBT,2013-06-30,2013,S1,TND,Solidité,Liquidités,LIQ_GEN,Ratio de liquidité générale,x,1.6875
SFBT,2013-06-30,2013,S1,TND,Solidité,Liquidités,LIQ_RED,Ratio de liquidité réduite,x,1.0673
SFBT,2013-06-30,2013,S1,TND,Solidité,Liquidités,LIQ_IMM,Ratio de liquidité immédiate,x,0.0654
SFBT,2013-06-30,2013,S1,TND,Solidité,Liquidités,INT_DEF_RED,Intervalle défensif réduit,j,25.3673
SFBT,2013-06-30,2013,S1,TND,Solidité,Liquidités,INT_DEF,Intervalle défensif,j,196.0393
SFBT,2013-06-30,2013,S1,TND,Solidité,Liquidités,RFR,Ratio de fonds de roulement,%,13.0041
SFBT,2013-06-30,2013,S1,TND,Solidité,Liquidités,RBFR,Ratio de besoin en fonds de roulement,%,57.6286
SFBT,2013-06-30,2013,S1,TND,Solidité,Gestion des actifs,LEV_ECO,Ratio du levier économique,x,1.4258
SFBT,2013-06-30,2013,S1,TND,Solidité,Gestion des actifs,POIDS_IMMO,Poids des immobilisations,%,68.7765
SFBT,2013-06-30,2013,S1,TND,Solidité,Gestion des actifs,FIN_IMMO,Financement des immobilisations,x,1.1891
SFBT,2013-06-30,2013,S1,TND,Solidité,Gestion des actifs,VETUSTE,Vétusté de l'actif,%,52.165
SFBT,2013-06-30,2013,S1,TND,Solidité,Gestion des passifs,ENDET_GLOB,Ratio d'endettement global,%,29.8617
SFBT,2013-06-30,2013,S1,TND,Solidité,Gestion des passifs,ENDET_TERME,Ratio d'endettement à terme,%,16.599
SFBT,2013-06-30,2013,S1,TND,Solidité,Gestion des passifs,INDEP_FIN,Ratio d'indépendance financière,%,70.1383
SFBT,2013-06-30,2013,S1,TND,Solidité,Gestion des passifs,COUV_CF,Couverture des charges financières,x,10.9478
SFBT,2013-06-30,2013,S1,TND,Solidité,Gestion des passifs,POIDS_CF,Poids des charges financières,%,2.0302
SFBT,2013-06-30,2013,S1,TND,Solidité,Gestion des passifs,AUTO_FIN,Ratio d'autonomie financière,x,2.3488
SFBT,2013-06-30,2013,S1,TND,Solidité,Gestion des passifs,SOLVA,Ratio de solvabilité,x,3.3488
SFBT,2013-06-30,2013,S1,TND,Solidité,Ressources humaines,EFF_BRUT_RH,Efficacité brute des RH,x,
SFBT,2013-06-30,2013,S1,TND,Solidité,Ressources humaines,EFF_NET_RH,Efficacité nette des RH,x,3.0541
SFBT,2013-06-30,2013,S1,TND,Solidité,Gestion des risques,CONAN_HOLDER,Score de Conan & Holder,score,
SFBT,2013-06-30,2013,S1,TND,Solidité,Gestion des risques,RISQ_PLACEMENT,Risque de placement,%,0.9277
SFBT,2013-06-30,2013,S1,TND,Solidité,Gestion des risques,RISQ_COMMERCIAL,Risque commercial,%,38.5063
SFBT,2013-06-30,2013,S1,TND,Solidité,Gestion des risques,CREDIT_FOURN,Crédits moyens fournisseurs,j,71.127
SFBT,2013-06-30,2013,S1,TND,Solidité,Gestion des risques,CREDIT_CLIENT,Crédits moyens clients,j,118.1075
SFBT,2013-06-30,2013,S1,TND,Performance,Rentabilité commerciale,RENT_COM,Rentabilité commerciale,%,22.2264
SFBT,2013-06-30,2013,S1,TND,Performance,Rentabilité commerciale,MARGE_NETTE,Ratio de la marge nette,%,45.9705
SFBT,2013-06-30,2013,S1,TND,Performance,Rentabilité commerciale,TAUX_MARQUE,Taux de marque,%,
SFBT,2013-06-30,2013,S1,TND,Performance,Rentabilité commerciale,ROT_CAP,Rotation des capitaux échangés,x,0.5279
SFBT,2013-06-30,2013,S1,TND,Performance,Rentabilité économique,ROA,Rendement de l'actif (ROA),%,17.0207
SFBT,2013-06-30,2013,S1,TND,Performance,Rentabilité économique,ROCE,Rentabilité du capital investi (ROCE),%,10.0628
SFBT,2013-06-30,2013,S1,TND,Performance,Rentabilité économique,REND_IMMO,Rendement brut des immobilisations,%,14.3802
SFBT,2013-06-30,2013,S1,TND,Performance,Rentabilité économique,REND_RES_STABLE,Rendement brut des ressources stables,%,12.0936
SFBT,2013-06-30,2013,S1,TND,Performance,Rentabilité d'exploitation,MARGE_BRUTE_EXPL,Marge brute d'exploitation,%,26.7121
SFBT,2013-06-30,2013,S1,TND,Performance,Rentabilité d'exploitation,MARGE_BENEF_EXPL,Marge bénéficiaire d'exploitation,%,22.2264
SFBT,2013-06-30,2013,S1,TND,Performance,Rentabilité opérationnelle,REND_GLOBAL_NET,Rendement global net,%,17.0207
SFBT,2013-06-30,2013,S1,TND,Performance,Rentabilité opérationnelle,CREATION_VALEUR,Création de valeur annuelle,montant,7053712.0
SFBT,2013-06-30,2013,S1,TND,Performance,Rentabilité opérationnelle,REND_PRODUCTION,Rendement de la production,%,
SFBT,2013-06-30,2013,S1,TND,Performance,Rentabilité opérationnelle,ROT_STOCKS,Ratio de rotation des stocks,x,1.6101
SFBT,2013-06-30,2013,S1,TND,Performance,Rentabilité opérationnelle,PROFIT_OP,Profit opérationnel,montant,34410124.0
SFBT,2013-06-30,2013,S1,TND,Performance,Rentabilité financière,ROE,Rentabilité des capitaux propres (ROE),%,24.2673
SFBT,2013-06-30,2013,S1,TND,Performance,Rentabilité financière,ROI,Retour sur investissement (ROI),%,17.0207
SFBT,2013-06-30,2013,S1,TND,Performance,Rentabilité financière,PERF_PLACEMENT,Performance placement,%,1203.1221
SFBT,2013-09-30,2013,9M,TND,Solidité,Liquidités,LIQ_GEN,Ratio de liquidité générale,x,1.8383
SFBT,2013-09-30,2013,9M,TND,Solidité,Liquidités,LIQ_RED,Ratio de liquidité réduite,x,1.1947
SFBT,2013-09-30,2013,9M,TND,Solidité,Liquidités,LIQ_IMM,Ratio de liquidité immédiate,x,0.1609
SFBT,2013-09-30,2013,9M,TND,Solidité,Liquidités,INT_DEF_RED,Intervalle défensif réduit,j,28.1208
SFBT,2013-09-30,2013,9M,TND,Solidité,Liquidités,INT_DEF,Intervalle défensif,j,138.7315
SFBT,2013-09-30,2013,9M,TND,Solidité,Liquidités,RFR,Ratio de fonds de roulement,%,14.6812
SFBT,2013-09-30,2013,9M,TND,Solidité,Liquidités,RBFR,Ratio de besoin en fonds de roulement,%,37.3437
SFBT,2013-09-30,2013,9M,TND,Solidité,Gestion des actifs,LEV_ECO,Ratio du levier économique,x,1.3874
SFBT,2013-09-30,2013,9M,TND,Solidité,Gestion des actifs,POIDS_IMMO,Poids des immobilisations,%,68.5078
SFBT,2013-09-30,2013,9M,TND,Solidité,Gestion des actifs,FIN_IMMO,Financement des immobilisations,x,1.2143
SFBT,2013-09-30,2013,9M,TND,Solidité,Gestion des actifs,VETUSTE,Vétusté de l'actif,%,52.5789
SFBT,2013-09-30,2013,9M,TND,Solidité,Gestion des passifs,ENDET_GLOB,Ratio d'endettement global,%,27.9223
SFBT,2013-09-30,2013,9M,TND,Solidité,Gestion des passifs,ENDET_TERME,Ratio d'endettement à terme,%,15.4157
SFBT,2013-09-30,2013,9M,TND,Solidité,Gestion des passifs,INDEP_FIN,Ratio d'indépendance financière,%,72.0777
SFBT,2013-09-30,2013,9M,TND,Solidité,Gestion des passifs,COUV_CF,Couverture des charges financières,x,10.0854
SFBT,2013-09-30,2013,9M,TND,Solidité,Gestion des passifs,POIDS_CF,Poids des charges financières,%,2.0721
SFBT,2013-09-30,2013,9M,TND,Solidité,Gestion des passifs,AUTO_FIN,Ratio d'autonomie financière,x,2.5814
SFBT,2013-09-30,2013,9M,TND,Solidité,Gestion des passifs,SOLVA,Ratio de solvabilité,x,3.5814
SFBT,2013-09-30,2013,9M,TND,Solidité,Ressources humaines,EFF_BRUT_RH,Efficacité brute des RH,x,
SFBT,2013-09-30,2013,9M,TND,Solidité,Ressources humaines,EFF_NET_RH,Efficacité nette des RH,x,3.1264
SFBT,2013-09-30,2013,9M,TND,Solidité,Gestion des risques,CONAN_HOLDER,Score de Conan & Holder,score,
SFBT,2013-09-30,2013,9M,TND,Solidité,Gestion des risques,RISQ_PLACEMENT,Risque de placement,%,0.8743
SFBT,2013-09-30,2013,9M,TND,Solidité,Gestion des risques,RISQ_COMMERCIAL,Risque commercial,%,25.1846
SFBT,2013-09-30,2013,9M,TND,Solidité,Gestion des risques,CREDIT_FOURN,Crédits moyens fournisseurs,j,43.9715
SFBT,2013-09-30,2013,9M,TND,Solidité,Gestion des risques,CREDIT_CLIENT,Crédits moyens clients,j,77.247
SFBT,2013-09-30,2013,9M,TND,Performance,Rentabilité commerciale,RENT_COM,Rentabilité commerciale,%,20.8974
SFBT,2013-09-30,2013,9M,TND,Performance,Rentabilité commerciale,MARGE_NETTE,Ratio de la marge nette,%,35.3305
SFBT,2013-09-30,2013,9M,TND,Performance,Rentabilité commerciale,TAUX_MARQUE,Taux de marque,%,
SFBT,2013-09-30,2013,9M,TND,Performance,Rentabilité commerciale,ROT_CAP,Rotation des capitaux échangés,x,0.7757
SFBT,2013-09-30,2013,9M,TND,Performance,Rentabilité économique,ROA,Rendement de l'actif (ROA),%,19.7531
SFBT,2013-09-30,2013,9M,TND,Performance,Rentabilité économique,ROCE,Rentabilité du capital investi (ROCE),%,14.0447
SFBT,2013-09-30,2013,9M,TND,Performance,Rentabilité économique,REND_IMMO,Rendement brut des immobilisations,%,21.1696
SFBT,2013-09-30,2013,9M,TND,Performance,Rentabilité économique,REND_RES_STABLE,Rendement brut des ressources stables,%,17.4336
SFBT,2013-09-30,2013,9M,TND,Performance,Rentabilité d'exploitation,MARGE_BRUTE_EXPL,Marge brute d'exploitation,%,25.9399
SFBT,2013-09-30,2013,9M,TND,Performance,Rentabilité d'exploitation,MARGE_BENEF_EXPL,Marge bénéficiaire d'exploitation,%,20.8974
SFBT,2013-09-30,2013,9M,TND,Performance,Rentabilité opérationnelle,REND_GLOBAL_NET,Rendement global net,%,19.7531
SFBT,2013-09-30,2013,9M,TND,Performance,Rentabilité opérationnelle,CREATION_VALEUR,Création de valeur annuelle,montant,21344660.9096
SFBT,2013-09-30,2013,9M,TND,Performance,Rentabilité opérationnelle,REND_PRODUCTION,Rendement de la production,%,
SFBT,2013-09-30,2013,9M,TND,Performance,Rentabilité opérationnelle,ROT_STOCKS,Ratio de rotation des stocks,x,2.5928
SFBT,2013-09-30,2013,9M,TND,Performance,Rentabilité opérationnelle,PROFIT_OP,Profit opérationnel,montant,49593915.979
SFBT,2013-09-30,2013,9M,TND,Performance,Rentabilité financière,ROE,Rentabilité des capitaux propres (ROE),%,27.4052
SFBT,2013-09-30,2013,9M,TND,Performance,Rentabilité financière,ROI,Retour sur investissement (ROI),%,19.7531
SFBT,2013-09-30,2013,9M,TND,Performance,Rentabilité financière,PERF_PLACEMENT,Performance placement,%,1264.1468
SFBT,2013-12-31,2013,FY,TND,Solidité,Liquidités,LIQ_GEN,Ratio de liquidité générale,x,2.011
SFBT,2013-12-31,2013,FY,TND,Solidité,Liquidités,LIQ_RED,Ratio de liquidité réduite,x,1.3405
SFBT,2013-12-31,2013,FY,TND,Solidité,Liquidités,LIQ_IMM,Ratio de liquidité immédiate,x,0.2703
SFBT,2013-12-31,2013,FY,TND,Solidité,Liquidités,INT_DEF_RED,Intervalle défensif réduit,j,29.4358
SFBT,2013-12-31,2013,FY,TND,Solidité,Liquidités,INT_DEF,Intervalle défensif,j,111.3637
SFBT,2013-12-31,2013,FY,TND,Solidité,Liquidités,RFR,Ratio de fonds de roulement,%,16.3089
SFBT,2013-12-31,2013,FY,TND,Solidité,Liquidités,RBFR,Ratio de besoin en fonds de roulement,%,27.5244
SFBT,2013-12-31,2013,FY,TND,Solidité,Gestion des actifs,LEV_ECO,Ratio du levier économique,x,1.3521
SFBT,2013-12-31,2013,FY,TND,Solidité,Gestion des actifs,POIDS_IMMO,Poids des immobilisations,%,68.2471
SFBT,2013-12-31,2013,FY,TND,Solidité,Gestion des actifs,FIN_IMMO,Financement des immobilisations,x,1.239
SFBT,2013-12-31,2013,FY,TND,Solidité,Gestion des actifs,VETUSTE,Vétusté de l'actif,%,52.9845
SFBT,2013-12-31,2013,FY,TND,Solidité,Gestion des passifs,ENDET_GLOB,Ratio d'endettement global,%,26.0399
SFBT,2013-12-31,2013,FY,TND,Solidité,Gestion des passifs,ENDET_TERME,Ratio d'endettement à terme,%,14.3266
SFBT,2013-12-31,2013,FY,TND,Solidité,Gestion des passifs,INDEP_FIN,Ratio d'indépendance financière,%,73.9601
SFBT,2013-12-31,2013,FY,TND,Solidité,Gestion des passifs,COUV_CF,Couverture des charges financières,x,
SFBT,2013-12-31,2013,FY,TND,Solidité,Gestion des passifs,POIDS_CF,Poids des charges financières,%,0.0
SFBT,2013-12-31,2013,FY,TND,Solidité,Gestion des passifs,AUTO_FIN,Ratio d'autonomie financière,x,2.8403
SFBT,2013-12-31,2013,FY,TND,Solidité,Gestion des passifs,SOLVA,Ratio de solvabilité,x,3.8403
SFBT,2013-12-31,2013,FY,TND,Solidité,Ressources humaines,EFF_BRUT_RH,Efficacité brute des RH,x,4.2367
SFBT,2013-12-31,2013,FY,TND,Solidité,Ressources humaines,EFF_NET_RH,Efficacité nette des RH,x,3.1643
SFBT,2013-12-31,2013,FY,TND,Solidité,Gestion des risques,CONAN_HOLDER,Score de Conan & Holder,score,0.3705
SFBT,2013-12-31,2013,FY,TND,Solidité,Gestion des risques,RISQ_PLACEMENT,Risque de placement,%,0.8225
SFBT,2013-12-31,2013,FY,TND,Solidité,Gestion des risques,RISQ_COMMERCIAL,Risque commercial,%,18.7361
SFBT,2013-12-31,2013,FY,TND,Solidité,Gestion des risques,CREDIT_FOURN,Crédits moyens fournisseurs,j,31.2272
SFBT,2013-12-31,2013,FY,TND,Solidité,Gestion des risques,CREDIT_CLIENT,Crédits moyens clients,j,57.4678
SFBT,2013-12-31,2013,FY,TND,Performance,Rentabilité commerciale,RENT_COM,Rentabilité commerciale,%,20.2541
SFBT,2013-12-31,2013,FY,TND,Performance,Rentabilité commerciale,MARGE_NETTE,Ratio de la marge nette,%,30.1801
SFBT,2013-12-31,2013,FY,TND,Performance,Rentabilité commerciale,TAUX_MARQUE,Taux de marque,%,41.5922
SFBT,2013-12-31,2013,FY,TND,Performance,Rentabilité commerciale,ROT_CAP,Rotation des capitaux échangés,x,1.0038
SFBT,2013-12-31,2013,FY,TND,Performance,Rentabilité économique,ROA,Rendement de l'actif (ROA),%,22.405
SFBT,2013-12-31,2013,FY,TND,Performance,Rentabilité économique,ROCE,Rentabilité du capital investi (ROCE),%,17.7826
SFBT,2013-12-31,2013,FY,TND,Performance,Rentabilité économique,REND_IMMO,Rendement brut des immobilisations,%,27.8103
SFBT,2013-12-31,2013,FY,TND,Performance,Rentabilité économique,REND_RES_STABLE,Rendement brut des ressources stables,%,22.4464
SFBT,2013-12-31,2013,FY,TND,Performance,Rentabilité d'exploitation,MARGE_BRUTE_EXPL,Marge brute d'exploitation,%,25.5661
SFBT,2013-12-31,2013,FY,TND,Performance,Rentabilité d'exploitation,MARGE_BENEF_EXPL,Marge bénéficiaire d'exploitation,%,20.2541
SFBT,2013-12-31,2013,FY,TND,Performance,Rentabilité opérationnelle,REND_GLOBAL_NET,Rendement global net,%,22.405
SFBT,2013-12-31,2013,FY,TND,Performance,Rentabilité opérationnelle,CREATION_VALEUR,Création de valeur annuelle,montant,35635609.8202
SFBT,2013-12-31,2013,FY,TND,Performance,Rentabilité opérationnelle,REND_PRODUCTION,Rendement de la production,%,23.342
SFBT,2013-12-31,2013,FY,TND,Performance,Rentabilité opérationnelle,ROT_STOCKS,Ratio de rotation des stocks,x,3.6335
SFBT,2013-12-31,2013,FY,TND,Performance,Rentabilité opérationnelle,PROFIT_OP,Profit opérationnel,montant,64777707.959
SFBT,2013-12-31,2013,FY,TND,Performance,Rentabilité financière,ROE,Rentabilité des capitaux propres (ROE),%,30.2934
SFBT,2013-12-31,2013,FY,TND,Performance,Rentabilité financière,ROI,Retour sur investissement (ROI),%,22.405
SFBT,2013-12-31,2013,FY,TND,Performance,Rentabilité financière,PERF_PLACEMENT,Performance placement,%,1330.9573
SFBT,2014-03-31,2014,T1,TND,Solidité,Liquidités,LIQ_GEN,Ratio de liquidité générale,x,1.9147
SFBT,2014-03-31,2014,T1,TND,Solidité,Liquidités,LIQ_RED,Ratio de liquidité réduite,x,1.2902
SFBT,2014-03-31,2014,T1,TND,Solidité,Liquidités,LIQ_IMM,Ratio de liquidité immédiate,x,0.1891
SFBT,2014-03-31,2014,T1,TND,Solidité,Liquidités,INT_DEF_RED,Intervalle défensif réduit,j,103.191
SFBT,2014-03-31,2014,T1,TND,Solidité,Liquidités,INT_DEF,Intervalle défensif,j,498.1054
SFBT,2014-03-31,2014,T1,TND,Solidité,Liquidités,RFR,Ratio de fonds de roulement,%,16.0471
SFBT,2014-03-31,2014,T1,TND,Solidité,Liquidités,RBFR,Ratio de besoin en fonds de roulement,%,127.8191
SFBT,2014-03-31,2014,T1,TND,Solidité,Gestion des actifs,LEV_ECO,Ratio du levier économique,x,1.3744
SFBT,2014-03-31,2014,T1,TND,Solidité,Gestion des actifs,POIDS_IMMO,Poids des immobilisations,%,67.0251
SFBT,2014-03-31,2014,T1,TND,Solidité,Gestion des actifs,FIN_IMMO,Financement des immobilisations,x,1.2394
SFBT,2014-03-31,2014,T1,TND,Solidité,Gestion des actifs,VETUSTE,Vétusté de l'actif,%,53.3569
SFBT,2014-03-31,2014,T1,TND,Solidité,Gestion des passifs,ENDET_GLOB,Ratio d'endettement global,%,27.2401
SFBT,2014-03-31,2014,T1,TND,Solidité,Gestion des passifs,ENDET_TERME,Ratio d'endettement à terme,%,14.1731
SFBT,2014-03-31,2014,T1,TND,Solidité,Gestion des passifs,INDEP_FIN,Ratio d'indépendance financière,%,72.7599
SFBT,2014-03-31,2014,T1,TND,Solidité,Gestion des passifs,COUV_CF,Couverture des charges financières,x,38.6604
SFBT,2014-03-31,2014,T1,TND,Solidité,Gestion des passifs,POIDS_CF,Poids des charges financières,%,0.596
SFBT,2014-03-31,2014,T1,TND,Solidité,Gestion des passifs,AUTO_FIN,Ratio d'autonomie financière,x,2.6711
SFBT,2014-03-31,2014,T1,TND,Solidité,Gestion des passifs,SOLVA,Ratio de solvabilité,x,3.6711
SFBT,2014-03-31,2014,T1,TND,Solidité,Ressources humaines,EFF_BRUT_RH,Efficacité brute des RH,x,
SFBT,2014-03-31,2014,T1,TND,Solidité,Ressources humaines,EFF_NET_RH,Efficacité nette des RH,x,2.9939
SFBT,2014-03-31,2014,T1,TND,Solidité,Gestion des risques,CONAN_HOLDER,Score de Conan & Holder,score,
SFBT,2014-03-31,2014,T1,TND,Solidité,Gestion des risques,RISQ_PLACEMENT,Risque de placement,%,0.7011
SFBT,2014-03-31,2014,T1,TND,Solidité,Gestion des risques,RISQ_COMMERCIAL,Risque commercial,%,89.9722
SFBT,2014-03-31,2014,T1,TND,Solidité,Gestion des risques,CREDIT_FOURN,Crédits moyens fournisseurs,j,168.1923
SFBT,2014-03-31,2014,T1,TND,Solidité,Gestion des risques,CREDIT_CLIENT,Crédits moyens clients,j,275.9652
SFBT,2014-03-31,2014,T1,TND,Performance,Rentabilité commerciale,RENT_COM,Rentabilité commerciale,%,23.0403
SFBT,2014-03-31,2014,T1,TND,Performance,Rentabilité commerciale,MARGE_NETTE,Ratio de la marge nette,%,51.7929
SFBT,2014-03-31,2014,T1,TND,Performance,Rentabilité commerciale,TAUX_MARQUE,Taux de marque,%,
SFBT,2014-03-31,2014,T1,TND,Performance,Rentabilité commerciale,ROT_CAP,Rotation des capitaux échangés,x,0.2281
SFBT,2014-03-31,2014,T1,TND,Performance,Rentabilité économique,ROA,Rendement de l'actif (ROA),%,8.5977
SFBT,2014-03-31,2014,T1,TND,Performance,Rentabilité économique,ROCE,Rentabilité du capital investi (ROCE),%,4.6041
SFBT,2014-03-31,2014,T1,TND,Performance,Rentabilité économique,REND_IMMO,Rendement brut des immobilisations,%,6.8744
SFBT,2014-03-31,2014,T1,TND,Performance,Rentabilité économique,REND_RES_STABLE,Rendement brut des ressources stables,%,5.5465
SFBT,2014-03-31,2014,T1,TND,Performance,Rentabilité d'exploitation,MARGE_BRUTE_EXPL,Marge brute d'exploitation,%,27.7564
SFBT,2014-03-31,2014,T1,TND,Performance,Rentabilité d'exploitation,MARGE_BENEF_EXPL,Marge bénéficiaire d'exploitation,%,23.0403
SFBT,2014-03-31,2014,T1,TND,Performance,Rentabilité opérationnelle,REND_GLOBAL_NET,Rendement global net,%,8.5977
SFBT,2014-03-31,2014,T1,TND,Performance,Rentabilité opérationnelle,CREATION_VALEUR,Création de valeur annuelle,montant,-12720981.5679
SFBT,2014-03-31,2014,T1,TND,Performance,Rentabilité opérationnelle,REND_PRODUCTION,Rendement de la production,%,
SFBT,2014-03-31,2014,T1,TND,Performance,Rentabilité opérationnelle,ROT_STOCKS,Ratio de rotation des stocks,x,0.7399
SFBT,2014-03-31,2014,T1,TND,Performance,Rentabilité opérationnelle,PROFIT_OP,Profit opérationnel,montant,17246689.88
SFBT,2014-03-31,2014,T1,TND,Performance,Rentabilité financière,ROE,Rentabilité des capitaux propres (ROE),%,11.8165
SFBT,2014-03-31,2014,T1,TND,Performance,Rentabilité financière,ROI,Retour sur investissement (ROI),%,8.5977
SFBT,2014-03-31,2014,T1,TND,Performance,Rentabilité financière,PERF_PLACEMENT,Performance placement,%,755.6307
SFBT,2014-06-30,2014,S1,TND,Solidité,Liquidités,LIQ_GEN,Ratio de liquidité générale,x,1.8396
SFBT,2014-06-30,2014,S1,TND,Solidité,Liquidités,LIQ_RED,Ratio de liquidité réduite,x,1.251
SFBT,2014-06-30,2014,S1,TND,Solidité,Liquidités,LIQ_IMM,Ratio de liquidité immédiate,x,0.1258
SFBT,2014-06-30,2014,S1,TND,Solidité,Liquidités,INT_DEF_RED,Intervalle défensif réduit,j,39.9408
SFBT,2014-06-30,2014,S1,TND,Solidité,Liquidités,INT_DEF,Intervalle défensif,j,259.4112
SFBT,2014-06-30,2014,S1,TND,Solidité,Liquidités,RFR,Ratio de fonds de roulement,%,15.8052
SFBT,2014-06-30,2014,S1,TND,Solidité,Liquidités,RBFR,Ratio de besoin en fonds de roulement,%,69.0753
SFBT,2014-06-30,2014,S1,TND,Solidité,Gestion des actifs,LEV_ECO,Ratio du levier économique,x,1.3957
SFBT,2014-06-30,2014,S1,TND,Solidité,Gestion des actifs,POIDS_IMMO,Poids des immobilisations,%,65.8956
SFBT,2014-06-30,2014,S1,TND,Solidité,Gestion des actifs,FIN_IMMO,Financement des immobilisations,x,1.2399
SFBT,2014-06-30,2014,S1,TND,Solidité,Gestion des actifs,VETUSTE,Vétusté de l'actif,%,53.7247
SFBT,2014-06-30,2014,S1,TND,Solidité,Gestion des passifs,ENDET_GLOB,Ratio d'endettement global,%,28.3495
SFBT,2014-06-30,2014,S1,TND,Solidité,Gestion des passifs,ENDET_TERME,Ratio d'endettement à terme,%,14.0268
SFBT,2014-06-30,2014,S1,TND,Solidité,Gestion des passifs,INDEP_FIN,Ratio d'indépendance financière,%,71.6505
SFBT,2014-06-30,2014,S1,TND,Solidité,Gestion des passifs,COUV_CF,Couverture des charges financières,x,38.6604
SFBT,2014-06-30,2014,S1,TND,Solidité,Gestion des passifs,POIDS_CF,Poids des charges financières,%,0.596
SFBT,2014-06-30,2014,S1,TND,Solidité,Gestion des passifs,AUTO_FIN,Ratio d'autonomie financière,x,2.5274
SFBT,2014-06-30,2014,S1,TND,Solidité,Gestion des passifs,SOLVA,Ratio de solvabilité,x,3.5274
SFBT,2014-06-30,2014,S1,TND,Solidité,Ressources humaines,EFF_BRUT_RH,Efficacité brute des RH,x,
SFBT,2014-06-30,2014,S1,TND,Solidité,Ressources humaines,EFF_NET_RH,Efficacité nette des RH,x,2.9939
SFBT,2014-06-30,2014,S1,TND,Solidité,Gestion des risques,CONAN_HOLDER,Score de Conan & Holder,score,
SFBT,2014-06-30,2014,S1,TND,Solidité,Gestion des risques,RISQ_PLACEMENT,Risque de placement,%,0.589
SFBT,2014-06-30,2014,S1,TND,Solidité,Gestion des risques,RISQ_COMMERCIAL,Risque commercial,%,50.0013
SFBT,2014-06-30,2014,S1,TND,Solidité,Gestion des risques,CREDIT_FOURN,Crédits moyens fournisseurs,j,96.5731
SFBT,2014-06-30,2014,S1,TND,Solidité,Gestion des risques,CREDIT_CLIENT,Crédits moyens clients,j,153.3653
SFBT,2014-06-30,2014,S1,TND,Performance,Rentabilité commerciale,RENT_COM,Rentabilité commerciale,%,23.0403
SFBT,2014-06-30,2014,S1,TND,Performance,Rentabilité commerciale,MARGE_NETTE,Ratio de la marge nette,%,51.7929
SFBT,2014-06-30,2014,S1,TND,Performance,Rentabilité commerciale,TAUX_MARQUE,Taux de marque,%,
SFBT,2014-06-30,2014,S1,TND,Performance,Rentabilité commerciale,ROT_CAP,Rotation des capitaux échangés,x,0.4434
SFBT,2014-06-30,2014,S1,TND,Performance,Rentabilité économique,ROA,Rendement de l'actif (ROA),%,16.4532
SFBT,2014-06-30,2014,S1,TND,Performance,Rentabilité économique,ROCE,Rentabilité du capital investi (ROCE),%,8.9586
SFBT,2014-06-30,2014,S1,TND,Performance,Rentabilité économique,REND_IMMO,Rendement brut des immobilisations,%,13.3809
SFBT,2014-06-30,2014,S1,TND,Performance,Rentabilité économique,REND_RES_STABLE,Rendement brut des ressources stables,%,10.7924
SFBT,2014-06-30,2014,S1,TND,Performance,Rentabilité d'exploitation,MARGE_BRUTE_EXPL,Marge brute d'exploitation,%,27.7564
SFBT,2014-06-30,2014,S1,TND,Performance,Rentabilité d'exploitation,MARGE_BENEF_EXPL,Marge bénéficiaire d'exploitation,%,23.0403
SFBT,2014-06-30,2014,S1,TND,Performance,Rentabilité opérationnelle,REND_GLOBAL_NET,Rendement global net,%,16.4532
SFBT,2014-06-30,2014,S1,TND,Performance,Rentabilité opérationnelle,CREATION_VALEUR,Création de valeur annuelle,montant,3690961.9662
SFBT,2014-06-30,2014,S1,TND,Performance,Rentabilité opérationnelle,REND_PRODUCTION,Rendement de la production,%,
SFBT,2014-06-30,2014,S1,TND,Performance,Rentabilité opérationnelle,ROT_STOCKS,Ratio de rotation des stocks,x,1.3895
SFBT,2014-06-30,2014,S1,TND,Performance,Rentabilité opérationnelle,PROFIT_OP,Profit opérationnel,montant,34493379.76
SFBT,2014-06-30,2014,S1,TND,Performance,Rentabilité financière,ROE,Rentabilité des capitaux propres (ROE),%,22.9631
SFBT,2014-06-30,2014,S1,TND,Performance,Rentabilité financière,ROI,Retour sur investissement (ROI),%,16.4532
SFBT,2014-06-30,2014,S1,TND,Performance,Rentabilité financière,PERF_PLACEMENT,Performance placement,%,1721.4207
SFBT,2014-09-30,2014,9M,TND,Solidité,Liquidités,LIQ_GEN,Ratio de liquidité générale,x,2.024
SFBT,2014-09-30,2014,9M,TND,Solidité,Liquidités,LIQ_RED,Ratio de liquidité réduite,x,1.3638
SFBT,2014-09-30,2014,9M,TND,Solidité,Liquidités,LIQ_IMM,Ratio de liquidité immédiate,x,0.3053
SFBT,2014-09-30,2014,9M,TND,Solidité,Liquidités,INT_DEF_RED,Intervalle défensif réduit,j,48.5598
SFBT,2014-09-30,2014,9M,TND,Solidité,Liquidités,INT_DEF,Intervalle défensif,j,165.8709
SFBT,2014-09-30,2014,9M,TND,Solidité,Liquidités,RFR,Ratio de fonds de roulement,%,17.161
SFBT,2014-09-30,2014,9M,TND,Solidité,Liquidités,RBFR,Ratio de besoin en fonds de roulement,%,38.2275
SFBT,2014-09-30,2014,9M,TND,Solidité,Gestion des actifs,LEV_ECO,Ratio du levier économique,x,1.3564
SFBT,2014-09-30,2014,9M,TND,Solidité,Gestion des actifs,POIDS_IMMO,Poids des immobilisations,%,66.579
SFBT,2014-09-30,2014,9M,TND,Solidité,Gestion des actifs,FIN_IMMO,Financement des immobilisations,x,1.2578
SFBT,2014-09-30,2014,9M,TND,Solidité,Gestion des actifs,VETUSTE,Vétusté de l'actif,%,53.3499
SFBT,2014-09-30,2014,9M,TND,Solidité,Gestion des passifs,ENDET_GLOB,Ratio d'endettement global,%,26.2747
SFBT,2014-09-30,2014,9M,TND,Solidité,Gestion des passifs,ENDET_TERME,Ratio d'endettement à terme,%,13.5839
SFBT,2014-09-30,2014,9M,TND,Solidité,Gestion des passifs,INDEP_FIN,Ratio d'indépendance financière,%,73.7253
SFBT,2014-09-30,2014,9M,TND,Solidité,Gestion des passifs,COUV_CF,Couverture des charges financières,x,31.9177
SFBT,2014-09-30,2014,9M,TND,Solidité,Gestion des passifs,POIDS_CF,Poids des charges financières,%,0.673
SFBT,2014-09-30,2014,9M,TND,Solidité,Gestion des passifs,AUTO_FIN,Ratio d'autonomie financière,x,2.8059
SFBT,2014-09-30,2014,9M,TND,Solidité,Gestion des passifs,SOLVA,Ratio de solvabilité,x,3.8059
SFBT,2014-09-30,2014,9M,TND,Solidité,Ressources humaines,EFF_BRUT_RH,Efficacité brute des RH,x,
SFBT,2014-09-30,2014,9M,TND,Solidité,Ressources humaines,EFF_NET_RH,Efficacité nette des RH,x,3.0688
SFBT,2014-09-30,2014,9M,TND,Solidité,Gestion des risques,CONAN_HOLDER,Score de Conan & Holder,score,
SFBT,2014-09-30,2014,9M,TND,Solidité,Gestion des risques,RISQ_PLACEMENT,Risque de placement,%,0.6842
SFBT,2014-09-30,2014,9M,TND,Solidité,Gestion des risques,RISQ_COMMERCIAL,Risque commercial,%,26.9632
SFBT,2014-09-30,2014,9M,TND,Solidité,Gestion des risques,CREDIT_FOURN,Crédits moyens fournisseurs,j,62.6942
SFBT,2014-09-30,2014,9M,TND,Solidité,Gestion des risques,CREDIT_CLIENT,Crédits moyens clients,j,82.7024
SFBT,2014-09-30,2014,9M,TND,Performance,Rentabilité commerciale,RENT_COM,Rentabilité commerciale,%,21.4801
SFBT,2014-09-30,2014,9M,TND,Performance,Rentabilité commerciale,MARGE_NETTE,Ratio de la marge nette,%,37.8817
SFBT,2014-09-30,2014,9M,TND,Performance,Rentabilité commerciale,TAUX_MARQUE,Taux de marque,%,
SFBT,2014-09-30,2014,9M,TND,Performance,Rentabilité commerciale,ROT_CAP,Rotation des capitaux échangés,x,0.6865
SFBT,2014-09-30,2014,9M,TND,Performance,Rentabilité économique,ROA,Rendement de l'actif (ROA),%,19.1725
SFBT,2014-09-30,2014,9M,TND,Performance,Rentabilité économique,ROCE,Rentabilité du capital investi (ROCE),%,12.9823
SFBT,2014-09-30,2014,9M,TND,Performance,Rentabilité économique,REND_IMMO,Rendement brut des immobilisations,%,20.0622
SFBT,2014-09-30,2014,9M,TND,Performance,Rentabilité économique,REND_RES_STABLE,Rendement brut des ressources stables,%,15.9508
SFBT,2014-09-30,2014,9M,TND,Performance,Rentabilité d'exploitation,MARGE_BRUTE_EXPL,Marge brute d'exploitation,%,26.3916
SFBT,2014-09-30,2014,9M,TND,Performance,Rentabilité d'exploitation,MARGE_BENEF_EXPL,Marge bénéficiaire d'exploitation,%,21.4801
SFBT,2014-09-30,2014,9M,TND,Performance,Rentabilité opérationnelle,REND_GLOBAL_NET,Rendement global net,%,19.1725
SFBT,2014-09-30,2014,9M,TND,Performance,Rentabilité opérationnelle,CREATION_VALEUR,Création de valeur annuelle,montant,19883015.2868
SFBT,2014-09-30,2014,9M,TND,Performance,Rentabilité opérationnelle,REND_PRODUCTION,Rendement de la production,%,
SFBT,2014-09-30,2014,9M,TND,Performance,Rentabilité opérationnelle,ROT_STOCKS,Ratio de rotation des stocks,x,2.2942
SFBT,2014-09-30,2014,9M,TND,Performance,Rentabilité opérationnelle,PROFIT_OP,Profit opérationnel,montant,51808658.32
SFBT,2014-09-30,2014,9M,TND,Performance,Rentabilité financière,ROE,Rentabilité des capitaux propres (ROE),%,26.0054
SFBT,2014-09-30,2014,9M,TND,Performance,Rentabilité financière,ROI,Retour sur investissement (ROI),%,19.1725
SFBT,2014-09-30,2014,9M,TND,Performance,Rentabilité financière,PERF_PLACEMENT,Performance placement,%,1474.7007
SFBT,2014-12-31,2014,FY,TND,Solidité,Liquidités,LIQ_GEN,Ratio de liquidité générale,x,2.2553
SFBT,2014-12-31,2014,FY,TND,Solidité,Liquidités,LIQ_RED,Ratio de liquidité réduite,x,1.5053
SFBT,2014-12-31,2014,FY,TND,Solidité,Liquidités,LIQ_IMM,Ratio de liquidité immédiate,x,0.5306
SFBT,2014-12-31,2014,FY,TND,Solidité,Liquidités,INT_DEF_RED,Intervalle défensif réduit,j,52.3893
SFBT,2014-12-31,2014,FY,TND,Solidité,Liquidités,INT_DEF,Intervalle défensif,j,124.3103
SFBT,2014-12-31,2014,FY,TND,Solidité,Liquidités,RFR,Ratio de fonds de roulement,%,18.4871
SFBT,2014-12-31,2014,FY,TND,Solidité,Liquidités,RBFR,Ratio de besoin en fonds de roulement,%,24.3457
SFBT,2014-12-31,2014,FY,TND,Solidité,Gestion des actifs,LEV_ECO,Ratio du levier économique,x,1.3201
SFBT,2014-12-31,2014,FY,TND,Solidité,Gestion des actifs,POIDS_IMMO,Poids des immobilisations,%,67.2475
SFBT,2014-12-31,2014,FY,TND,Solidité,Gestion des actifs,FIN_IMMO,Financement des immobilisations,x,1.2749
SFBT,2014-12-31,2014,FY,TND,Solidité,Gestion des actifs,VETUSTE,Vétusté de l'actif,%,52.7101
SFBT,2014-12-31,2014,FY,TND,Solidité,Gestion des passifs,ENDET_GLOB,Ratio d'endettement global,%,24.2455
SFBT,2014-12-31,2014,FY,TND,Solidité,Gestion des passifs,ENDET_TERME,Ratio d'endettement à terme,%,13.1743
SFBT,2014-12-31,2014,FY,TND,Solidité,Gestion des passifs,INDEP_FIN,Ratio d'indépendance financière,%,75.7545
SFBT,2014-12-31,2014,FY,TND,Solidité,Gestion des passifs,COUV_CF,Couverture des charges financières,x,
SFBT,2014-12-31,2014,FY,TND,Solidité,Gestion des passifs,POIDS_CF,Poids des charges financières,%,0.0
SFBT,2014-12-31,2014,FY,TND,Solidité,Gestion des passifs,AUTO_FIN,Ratio d'autonomie financière,x,3.1245
SFBT,2014-12-31,2014,FY,TND,Solidité,Gestion des passifs,SOLVA,Ratio de solvabilité,x,4.1245
SFBT,2014-12-31,2014,FY,TND,Solidité,Ressources humaines,EFF_BRUT_RH,Efficacité brute des RH,x,4.2106
SFBT,2014-12-31,2014,FY,TND,Solidité,Ressources humaines,EFF_NET_RH,Efficacité nette des RH,x,3.1064
SFBT,2014-12-31,2014,FY,TND,Solidité,Gestion des risques,CONAN_HOLDER,Score de Conan & Holder,score,0.3754
SFBT,2014-12-31,2014,FY,TND,Solidité,Gestion des risques,RISQ_PLACEMENT,Risque de placement,%,0.7773
SFBT,2014-12-31,2014,FY,TND,Solidité,Gestion des risques,RISQ_COMMERCIAL,Risque commercial,%,16.5959
SFBT,2014-12-31,2014,FY,TND,Solidité,Gestion des risques,CREDIT_FOURN,Crédits moyens fournisseurs,j,48.1532
SFBT,2014-12-31,2014,FY,TND,Solidité,Gestion des risques,CREDIT_CLIENT,Crédits moyens clients,j,50.9033
SFBT,2014-12-31,2014,FY,TND,Performance,Rentabilité commerciale,RENT_COM,Rentabilité commerciale,%,20.778
SFBT,2014-12-31,2014,FY,TND,Performance,Rentabilité commerciale,MARGE_NETTE,Ratio de la marge nette,%,31.6215
SFBT,2014-12-31,2014,FY,TND,Performance,Rentabilité commerciale,TAUX_MARQUE,Taux de marque,%,42.9227
SFBT,2014-12-31,2014,FY,TND,Performance,Rentabilité commerciale,ROT_CAP,Rotation des capitaux échangés,x,0.9114
SFBT,2014-12-31,2014,FY,TND,Performance,Rentabilité économique,ROA,Rendement de l'actif (ROA),%,21.8322
SFBT,2014-12-31,2014,FY,TND,Performance,Rentabilité économique,ROCE,Rentabilité du capital investi (ROCE),%,16.7325
SFBT,2014-12-31,2014,FY,TND,Performance,Rentabilité économique,REND_IMMO,Rendement brut des immobilisations,%,26.4654
SFBT,2014-12-31,2014,FY,TND,Performance,Rentabilité économique,REND_RES_STABLE,Rendement brut des ressources stables,%,20.7586
SFBT,2014-12-31,2014,FY,TND,Performance,Rentabilité d'exploitation,MARGE_BRUTE_EXPL,Marge brute d'exploitation,%,25.7774
SFBT,2014-12-31,2014,FY,TND,Performance,Rentabilité d'exploitation,MARGE_BENEF_EXPL,Marge bénéficiaire d'exploitation,%,20.778
SFBT,2014-12-31,2014,FY,TND,Performance,Rentabilité opérationnelle,REND_GLOBAL_NET,Rendement global net,%,21.8322
SFBT,2014-12-31,2014,FY,TND,Performance,Rentabilité opérationnelle,CREATION_VALEUR,Création de valeur annuelle,montant,36075068.6074
SFBT,2014-12-31,2014,FY,TND,Performance,Rentabilité opérationnelle,REND_PRODUCTION,Rendement de la production,%,24.0335
SFBT,2014-12-31,2014,FY,TND,Performance,Rentabilité opérationnelle,ROT_STOCKS,Ratio de rotation des stocks,x,3.1843
SFBT,2014-12-31,2014,FY,TND,Performance,Rentabilité opérationnelle,PROFIT_OP,Profit opérationnel,montant,69123936.88
SFBT,2014-12-31,2014,FY,TND,Performance,Rentabilité financière,ROE,Rentabilité des capitaux propres (ROE),%,28.8196
SFBT,2014-12-31,2014,FY,TND,Performance,Rentabilité financière,ROI,Retour sur investissement (ROI),%,21.8322
SFBT,2014-12-31,2014,FY,TND,Performance,Rentabilité financière,PERF_PLACEMENT,Performance placement,%,1291.8596
SFBT,2015-03-31,2015,T1,TND,Solidité,Liquidités,LIQ_GEN,Ratio de liquidité générale,x,2.1039
SFBT,2015-03-31,2015,T1,TND,Solidité,Liquidités,LIQ_RED,Ratio de liquidité réduite,x,1.3864
SFBT,2015-03-31,2015,T1,TND,Solidité,Liquidités,LIQ_IMM,Ratio de liquidité immédiate,x,0.2959
SFBT,2015-03-31,2015,T1,TND,Solidité,Liquidités,INT_DEF_RED,Intervalle défensif réduit,j,166.4497
SFBT,2015-03-31,2015,T1,TND,Solidité,Liquidités,INT_DEF,Intervalle défensif,j,575.725
SFBT,2015-03-31,2015,T1,TND,Solidité,Liquidités,RFR,Ratio de fonds de roulement,%,18.2521
SFBT,2015-03-31,2015,T1,TND,Solidité,Liquidités,RBFR,Ratio de besoin en fonds de roulement,%,131.647
SFBT,2015-03-31,2015,T1,TND,Solidité,Gestion des actifs,LEV_ECO,Ratio du levier économique,x,1.3487
SFBT,2015-03-31,2015,T1,TND,Solidité,Gestion des actifs,POIDS_IMMO,Poids des immobilisations,%,65.6446
SFBT,2015-03-31,2015,T1,TND,Solidité,Gestion des actifs,FIN_IMMO,Financement des immobilisations,x,1.278
SFBT,2015-03-31,2015,T1,TND,Solidité,Gestion des actifs,VETUSTE,Vétusté de l'actif,%,53.2114
SFBT,2015-03-31,2015,T1,TND,Solidité,Gestion des passifs,ENDET_GLOB,Ratio d'endettement global,%,25.8534
SFBT,2015-03-31,2015,T1,TND,Solidité,Gestion des passifs,ENDET_TERME,Ratio d'endettement à terme,%,13.1498
SFBT,2015-03-31,2015,T1,TND,Solidité,Gestion des passifs,INDEP_FIN,Ratio d'indépendance financière,%,74.1466
SFBT,2015-03-31,2015,T1,TND,Solidité,Gestion des passifs,COUV_CF,Couverture des charges financières,x,35.976
SFBT,2015-03-31,2015,T1,TND,Solidité,Gestion des passifs,POIDS_CF,Poids des charges financières,%,0.6352
SFBT,2015-03-31,2015,T1,TND,Solidité,Gestion des passifs,AUTO_FIN,Ratio d'autonomie financière,x,2.868
SFBT,2015-03-31,2015,T1,TND,Solidité,Gestion des passifs,SOLVA,Ratio de solvabilité,x,3.868
SFBT,2015-03-31,2015,T1,TND,Solidité,Ressources humaines,EFF_BRUT_RH,Efficacité brute des RH,x,
SFBT,2015-03-31,2015,T1,TND,Solidité,Ressources humaines,EFF_NET_RH,Efficacité nette des RH,x,2.8091
SFBT,2015-03-31,2015,T1,TND,Solidité,Gestion des risques,CONAN_HOLDER,Score de Conan & Holder,score,
SFBT,2015-03-31,2015,T1,TND,Solidité,Gestion des risques,RISQ_PLACEMENT,Risque de placement,%,0.7471
SFBT,2015-03-31,2015,T1,TND,Solidité,Gestion des risques,RISQ_COMMERCIAL,Risque commercial,%,91.3189
SFBT,2015-03-31,2015,T1,TND,Solidité,Gestion des risques,CREDIT_FOURN,Crédits moyens fournisseurs,j,245.094
SFBT,2015-03-31,2015,T1,TND,Solidité,Gestion des risques,CREDIT_CLIENT,Crédits moyens clients,j,280.0958
SFBT,2015-03-31,2015,T1,TND,Performance,Rentabilité commerciale,RENT_COM,Rentabilité commerciale,%,22.852
SFBT,2015-03-31,2015,T1,TND,Performance,Rentabilité commerciale,MARGE_NETTE,Ratio de la marge nette,%,54.7289
SFBT,2015-03-31,2015,T1,TND,Performance,Rentabilité commerciale,TAUX_MARQUE,Taux de marque,%,
SFBT,2015-03-31,2015,T1,TND,Performance,Rentabilité commerciale,ROT_CAP,Rotation des capitaux échangés,x,0.2002
SFBT,2015-03-31,2015,T1,TND,Performance,Rentabilité économique,ROA,Rendement de l'actif (ROA),%,8.1234
SFBT,2015-03-31,2015,T1,TND,Performance,Rentabilité économique,ROCE,Rentabilité du capital investi (ROCE),%,4.043
SFBT,2015-03-31,2015,T1,TND,Performance,Rentabilité économique,REND_IMMO,Rendement brut des immobilisations,%,6.416
SFBT,2015-03-31,2015,T1,TND,Performance,Rentabilité économique,REND_RES_STABLE,Rendement brut des ressources stables,%,5.0202
SFBT,2015-03-31,2015,T1,TND,Performance,Rentabilité d'exploitation,MARGE_BRUTE_EXPL,Marge brute d'exploitation,%,28.3755
SFBT,2015-03-31,2015,T1,TND,Performance,Rentabilité d'exploitation,MARGE_BENEF_EXPL,Marge bénéficiaire d'exploitation,%,22.852
SFBT,2015-03-31,2015,T1,TND,Performance,Rentabilité opérationnelle,REND_GLOBAL_NET,Rendement global net,%,8.1234
SFBT,2015-03-31,2015,T1,TND,Performance,Rentabilité opérationnelle,CREATION_VALEUR,Création de valeur annuelle,montant,-16635729.7918
SFBT,2015-03-31,2015,T1,TND,Performance,Rentabilité opérationnelle,REND_PRODUCTION,Rendement de la production,%,
SFBT,2015-03-31,2015,T1,TND,Performance,Rentabilité opérationnelle,ROT_STOCKS,Ratio de rotation des stocks,x,0.6031
SFBT,2015-03-31,2015,T1,TND,Performance,Rentabilité opérationnelle,PROFIT_OP,Profit opérationnel,montant,16996918.794
SFBT,2015-03-31,2015,T1,TND,Performance,Rentabilité financière,ROE,Rentabilité des capitaux propres (ROE),%,10.9558
SFBT,2015-03-31,2015,T1,TND,Performance,Rentabilité financière,ROI,Retour sur investissement (ROI),%,8.1234
SFBT,2015-03-31,2015,T1,TND,Performance,Rentabilité financière,PERF_PLACEMENT,Performance placement,%,720.4315
SFBT,2015-06-30,2015,S1,TND,Solidité,Liquidités,LIQ_GEN,Ratio de liquidité générale,x,1.9905
SFBT,2015-06-30,2015,S1,TND,Solidité,Liquidités,LIQ_RED,Ratio de liquidité réduite,x,1.2973
SFBT,2015-06-30,2015,S1,TND,Solidité,Liquidités,LIQ_IMM,Ratio de liquidité immédiate,x,0.1201
SFBT,2015-06-30,2015,S1,TND,Solidité,Liquidités,INT_DEF_RED,Intervalle défensif réduit,j,44.8589
SFBT,2015-06-30,2015,S1,TND,Solidité,Liquidités,INT_DEF,Intervalle défensif,j,288.2168
SFBT,2015-06-30,2015,S1,TND,Solidité,Liquidités,RFR,Ratio de fonds de roulement,%,18.0322
SFBT,2015-06-30,2015,S1,TND,Solidité,Liquidités,RBFR,Ratio de besoin en fonds de roulement,%,77.3267
SFBT,2015-06-30,2015,S1,TND,Solidité,Gestion des actifs,LEV_ECO,Ratio du levier économique,x,1.3766
SFBT,2015-06-30,2015,S1,TND,Solidité,Gestion des actifs,POIDS_IMMO,Poids des immobilisations,%,64.1444
SFBT,2015-06-30,2015,S1,TND,Solidité,Gestion des actifs,FIN_IMMO,Financement des immobilisations,x,1.2811
SFBT,2015-06-30,2015,S1,TND,Solidité,Gestion des actifs,VETUSTE,Vétusté de l'actif,%,53.2652
SFBT,2015-06-30,2015,S1,TND,Solidité,Gestion des passifs,ENDET_GLOB,Ratio d'endettement global,%,27.3583
SFBT,2015-06-30,2015,S1,TND,Solidité,Gestion des passifs,ENDET_TERME,Ratio d'endettement à terme,%,13.1259
SFBT,2015-06-30,2015,S1,TND,Solidité,Gestion des passifs,INDEP_FIN,Ratio d'indépendance financière,%,72.6417
SFBT,2015-06-30,2015,S1,TND,Solidité,Gestion des passifs,COUV_CF,Couverture des charges financières,x,35.976
SFBT,2015-06-30,2015,S1,TND,Solidité,Gestion des passifs,POIDS_CF,Poids des charges financières,%,0.6352
SFBT,2015-06-30,2015,S1,TND,Solidité,Gestion des passifs,AUTO_FIN,Ratio d'autonomie financière,x,2.6552
SFBT,2015-06-30,2015,S1,TND,Solidité,Gestion des passifs,SOLVA,Ratio de solvabilité,x,3.6552
SFBT,2015-06-30,2015,S1,TND,Solidité,Ressources humaines,EFF_BRUT_RH,Efficacité brute des RH,x,
SFBT,2015-06-30,2015,S1,TND,Solidité,Ressources humaines,EFF_NET_RH,Efficacité nette des RH,x,2.8091
SFBT,2015-06-30,2015,S1,TND,Solidité,Gestion des risques,CONAN_HOLDER,Score de Conan & Holder,score,
SFBT,2015-06-30,2015,S1,TND,Solidité,Gestion des risques,RISQ_PLACEMENT,Risque de placement,%,0.7188
SFBT,2015-06-30,2015,S1,TND,Solidité,Gestion des risques,RISQ_COMMERCIAL,Risque commercial,%,54.2988
SFBT,2015-06-30,2015,S1,TND,Solidité,Gestion des risques,CREDIT_FOURN,Crédits moyens fournisseurs,j,132.0161
SFBT,2015-06-30,2015,S1,TND,Solidité,Gestion des risques,CREDIT_CLIENT,Crédits moyens clients,j,166.5468
SFBT,2015-06-30,2015,S1,TND,Performance,Rentabilité commerciale,RENT_COM,Rentabilité commerciale,%,22.852
SFBT,2015-06-30,2015,S1,TND,Performance,Rentabilité commerciale,MARGE_NETTE,Ratio de la marge nette,%,54.7289
SFBT,2015-06-30,2015,S1,TND,Performance,Rentabilité commerciale,TAUX_MARQUE,Taux de marque,%,
SFBT,2015-06-30,2015,S1,TND,Performance,Rentabilité commerciale,ROT_CAP,Rotation des capitaux échangés,x,0.3934
SFBT,2015-06-30,2015,S1,TND,Performance,Rentabilité économique,ROA,Rendement de l'actif (ROA),%,15.6392
SFBT,2015-06-30,2015,S1,TND,Performance,Rentabilité économique,ROCE,Rentabilité du capital investi (ROCE),%,7.9465
SFBT,2015-06-30,2015,S1,TND,Performance,Rentabilité économique,REND_IMMO,Rendement brut des immobilisations,%,12.641
SFBT,2015-06-30,2015,S1,TND,Performance,Rentabilité économique,REND_RES_STABLE,Rendement brut des ressources stables,%,9.8672
SFBT,2015-06-30,2015,S1,TND,Performance,Rentabilité d'exploitation,MARGE_BRUTE_EXPL,Marge brute d'exploitation,%,28.3755
SFBT,2015-06-30,2015,S1,TND,Performance,Rentabilité d'exploitation,MARGE_BENEF_EXPL,Marge bénéficiaire d'exploitation,%,22.852
SFBT,2015-06-30,2015,S1,TND,Performance,Rentabilité opérationnelle,REND_GLOBAL_NET,Rendement global net,%,15.6392
SFBT,2015-06-30,2015,S1,TND,Performance,Rentabilité opérationnelle,CREATION_VALEUR,Création de valeur annuelle,montant,-229077.759
SFBT,2015-06-30,2015,S1,TND,Performance,Rentabilité opérationnelle,REND_PRODUCTION,Rendement de la production,%,
SFBT,2015-06-30,2015,S1,TND,Performance,Rentabilité opérationnelle,ROT_STOCKS,Ratio de rotation des stocks,x,1.0859
SFBT,2015-06-30,2015,S1,TND,Performance,Rentabilité opérationnelle,PROFIT_OP,Profit opérationnel,montant,33993837.588
SFBT,2015-06-30,2015,S1,TND,Performance,Rentabilité financière,ROE,Rentabilité des capitaux propres (ROE),%,21.5292
SFBT,2015-06-30,2015,S1,TND,Performance,Rentabilité financière,ROI,Retour sur investissement (ROI),%,15.6392
SFBT,2015-06-30,2015,S1,TND,Performance,Rentabilité financière,PERF_PLACEMENT,Performance placement,%,1441.5272
SFBT,2015-09-30,2015,9M,TND,Solidité,Liquidités,LIQ_GEN,Ratio de liquidité générale,x,2.0923
SFBT,2015-09-30,2015,9M,TND,Solidité,Liquidités,LIQ_RED,Ratio de liquidité réduite,x,1.367
SFBT,2015-09-30,2015,9M,TND,Solidité,Liquidités,LIQ_IMM,Ratio de liquidité immédiate,x,0.4055
SFBT,2015-09-30,2015,9M,TND,Solidité,Liquidités,INT_DEF_RED,Intervalle défensif réduit,j,76.745
SFBT,2015-09-30,2015,9M,TND,Solidité,Liquidités,INT_DEF,Intervalle défensif,j,202.0751
SFBT,2015-09-30,2015,9M,TND,Solidité,Liquidités,RFR,Ratio de fonds de roulement,%,18.9835
SFBT,2015-09-30,2015,9M,TND,Solidité,Liquidités,RBFR,Ratio de besoin en fonds de roulement,%,38.7689
SFBT,2015-09-30,2015,9M,TND,Solidité,Gestion des actifs,LEV_ECO,Ratio du levier économique,x,1.357
SFBT,2015-09-30,2015,9M,TND,Solidité,Gestion des actifs,POIDS_IMMO,Poids des immobilisations,%,64.0471
SFBT,2015-09-30,2015,9M,TND,Solidité,Gestion des actifs,FIN_IMMO,Financement des immobilisations,x,1.2964
SFBT,2015-09-30,2015,9M,TND,Solidité,Gestion des actifs,VETUSTE,Vétusté de l'actif,%,52.4852
SFBT,2015-09-30,2015,9M,TND,Solidité,Gestion des passifs,ENDET_GLOB,Ratio d'endettement global,%,26.3074
SFBT,2015-09-30,2015,9M,TND,Solidité,Gestion des passifs,ENDET_TERME,Ratio d'endettement à terme,%,12.6715
SFBT,2015-09-30,2015,9M,TND,Solidité,Gestion des passifs,INDEP_FIN,Ratio d'indépendance financière,%,73.6926
SFBT,2015-09-30,2015,9M,TND,Solidité,Gestion des passifs,COUV_CF,Couverture des charges financières,x,35.0023
SFBT,2015-09-30,2015,9M,TND,Solidité,Gestion des passifs,POIDS_CF,Poids des charges financières,%,0.6378
SFBT,2015-09-30,2015,9M,TND,Solidité,Gestion des passifs,AUTO_FIN,Ratio d'autonomie financière,x,2.8012
SFBT,2015-09-30,2015,9M,TND,Solidité,Gestion des passifs,SOLVA,Ratio de solvabilité,x,3.8012
SFBT,2015-09-30,2015,9M,TND,Solidité,Ressources humaines,EFF_BRUT_RH,Efficacité brute des RH,x,
SFBT,2015-09-30,2015,9M,TND,Solidité,Ressources humaines,EFF_NET_RH,Efficacité nette des RH,x,2.984
SFBT,2015-09-30,2015,9M,TND,Solidité,Gestion des risques,CONAN_HOLDER,Score de Conan & Holder,score,
SFBT,2015-09-30,2015,9M,TND,Solidité,Gestion des risques,RISQ_PLACEMENT,Risque de placement,%,0.6984
SFBT,2015-09-30,2015,9M,TND,Solidité,Gestion des risques,RISQ_COMMERCIAL,Risque commercial,%,28.0305
SFBT,2015-09-30,2015,9M,TND,Solidité,Gestion des risques,CREDIT_FOURN,Crédits moyens fournisseurs,j,100.5615
SFBT,2015-09-30,2015,9M,TND,Solidité,Gestion des risques,CREDIT_CLIENT,Crédits moyens clients,j,85.976
SFBT,2015-09-30,2015,9M,TND,Performance,Rentabilité commerciale,RENT_COM,Rentabilité commerciale,%,22.3233
SFBT,2015-09-30,2015,9M,TND,Performance,Rentabilité commerciale,MARGE_NETTE,Ratio de la marge nette,%,41.0961
SFBT,2015-09-30,2015,9M,TND,Performance,Rentabilité commerciale,TAUX_MARQUE,Taux de marque,%,
SFBT,2015-09-30,2015,9M,TND,Performance,Rentabilité commerciale,ROT_CAP,Rotation des capitaux échangés,x,0.5992
SFBT,2015-09-30,2015,9M,TND,Performance,Rentabilité économique,ROA,Rendement de l'actif (ROA),%,18.1459
SFBT,2015-09-30,2015,9M,TND,Performance,Rentabilité économique,ROCE,Rentabilité du capital investi (ROCE),%,11.8713
SFBT,2015-09-30,2015,9M,TND,Performance,Rentabilité économique,REND_IMMO,Rendement brut des immobilisations,%,19.289
SFBT,2015-09-30,2015,9M,TND,Performance,Rentabilité économique,REND_RES_STABLE,Rendement brut des ressources stables,%,14.8789
SFBT,2015-09-30,2015,9M,TND,Performance,Rentabilité d'exploitation,MARGE_BRUTE_EXPL,Marge brute d'exploitation,%,27.979
SFBT,2015-09-30,2015,9M,TND,Performance,Rentabilité d'exploitation,MARGE_BENEF_EXPL,Marge bénéficiaire d'exploitation,%,22.3233
SFBT,2015-09-30,2015,9M,TND,Performance,Rentabilité opérationnelle,REND_GLOBAL_NET,Rendement global net,%,18.1459
SFBT,2015-09-30,2015,9M,TND,Performance,Rentabilité opérationnelle,CREATION_VALEUR,Création de valeur annuelle,montant,17171725.1772
SFBT,2015-09-30,2015,9M,TND,Performance,Rentabilité opérationnelle,REND_PRODUCTION,Rendement de la production,%,
SFBT,2015-09-30,2015,9M,TND,Performance,Rentabilité opérationnelle,ROT_STOCKS,Ratio de rotation des stocks,x,1.8751
SFBT,2015-09-30,2015,9M,TND,Performance,Rentabilité opérationnelle,PROFIT_OP,Profit opérationnel,montant,52657052.671
SFBT,2015-09-30,2015,9M,TND,Performance,Rentabilité financière,ROE,Rentabilité des capitaux propres (ROE),%,24.6237
SFBT,2015-09-30,2015,9M,TND,Performance,Rentabilité financière,ROI,Retour sur investissement (ROI),%,18.1459
SFBT,2015-09-30,2015,9M,TND,Performance,Rentabilité financière,PERF_PLACEMENT,Performance placement,%,1454.9644
SFBT,2015-12-31,2015,FY,TND,Solidité,Liquidités,LIQ_GEN,Ratio de liquidité générale,x,2.1989
SFBT,2015-12-31,2015,FY,TND,Solidité,Liquidités,LIQ_RED,Ratio de liquidité réduite,x,1.4399
SFBT,2015-12-31,2015,FY,TND,Solidité,Liquidités,LIQ_IMM,Ratio de liquidité immédiate,x,0.7045
SFBT,2015-12-31,2015,FY,TND,Solidité,Liquidités,INT_DEF_RED,Intervalle défensif réduit,j,91.3787
SFBT,2015-12-31,2015,FY,TND,Solidité,Liquidités,INT_DEF,Intervalle défensif,j,162.5414
SFBT,2015-12-31,2015,FY,TND,Solidité,Liquidités,RFR,Ratio de fonds de roulement,%,19.8873
SFBT,2015-12-31,2015,FY,TND,Solidité,Liquidités,RBFR,Ratio de besoin en fonds de roulement,%,21.0118
SFBT,2015-12-31,2015,FY,TND,Solidité,Gestion des actifs,LEV_ECO,Ratio du levier économique,x,1.3388
SFBT,2015-12-31,2015,FY,TND,Solidité,Gestion des actifs,POIDS_IMMO,Poids des immobilisations,%,63.9547
SFBT,2015-12-31,2015,FY,TND,Solidité,Gestion des actifs,FIN_IMMO,Financement des immobilisations,x,1.311
SFBT,2015-12-31,2015,FY,TND,Solidité,Gestion des actifs,VETUSTE,Vétusté de l'actif,%,51.7557
SFBT,2015-12-31,2015,FY,TND,Solidité,Gestion des passifs,ENDET_GLOB,Ratio d'endettement global,%,25.3088
SFBT,2015-12-31,2015,FY,TND,Solidité,Gestion des passifs,ENDET_TERME,Ratio d'endettement à terme,%,12.2515
SFBT,2015-12-31,2015,FY,TND,Solidité,Gestion des passifs,INDEP_FIN,Ratio d'indépendance financière,%,74.6912
SFBT,2015-12-31,2015,FY,TND,Solidité,Gestion des passifs,COUV_CF,Couverture des charges financières,x,
SFBT,2015-12-31,2015,FY,TND,Solidité,Gestion des passifs,POIDS_CF,Poids des charges financières,%,0.0
SFBT,2015-12-31,2015,FY,TND,Solidité,Gestion des passifs,AUTO_FIN,Ratio d'autonomie financière,x,2.9512
SFBT,2015-12-31,2015,FY,TND,Solidité,Gestion des passifs,SOLVA,Ratio de solvabilité,x,3.9512
SFBT,2015-12-31,2015,FY,TND,Solidité,Ressources humaines,EFF_BRUT_RH,Efficacité brute des RH,x,4.1431
SFBT,2015-12-31,2015,FY,TND,Solidité,Ressources humaines,EFF_NET_RH,Efficacité nette des RH,x,3.074
SFBT,2015-12-31,2015,FY,TND,Solidité,Gestion des risques,CONAN_HOLDER,Score de Conan & Holder,score,0.3529
SFBT,2015-12-31,2015,FY,TND,Solidité,Gestion des risques,RISQ_PLACEMENT,Risque de placement,%,0.679
SFBT,2015-12-31,2015,FY,TND,Solidité,Gestion des risques,RISQ_COMMERCIAL,Risque commercial,%,15.9332
SFBT,2015-12-31,2015,FY,TND,Solidité,Gestion des risques,CREDIT_FOURN,Crédits moyens fournisseurs,j,88.132
SFBT,2015-12-31,2015,FY,TND,Solidité,Gestion des risques,CREDIT_CLIENT,Crédits moyens clients,j,48.8707
SFBT,2015-12-31,2015,FY,TND,Performance,Rentabilité commerciale,RENT_COM,Rentabilité commerciale,%,22.0798
SFBT,2015-12-31,2015,FY,TND,Performance,Rentabilité commerciale,MARGE_NETTE,Ratio de la marge nette,%,34.8177
SFBT,2015-12-31,2015,FY,TND,Performance,Rentabilité commerciale,TAUX_MARQUE,Taux de marque,%,38.199
SFBT,2015-12-31,2015,FY,TND,Performance,Rentabilité commerciale,ROT_CAP,Rotation des capitaux échangés,x,0.7893
SFBT,2015-12-31,2015,FY,TND,Performance,Rentabilité économique,ROA,Rendement de l'actif (ROA),%,20.5276
SFBT,2015-12-31,2015,FY,TND,Performance,Rentabilité économique,ROCE,Rentabilité du capital investi (ROCE),%,15.5265
SFBT,2015-12-31,2015,FY,TND,Performance,Rentabilité économique,REND_IMMO,Rendement brut des immobilisations,%,25.6244
SFBT,2015-12-31,2015,FY,TND,Performance,Rentabilité économique,REND_RES_STABLE,Rendement brut des ressources stables,%,19.5463
SFBT,2015-12-31,2015,FY,TND,Performance,Rentabilité d'exploitation,MARGE_BRUTE_EXPL,Marge brute d'exploitation,%,27.7964
SFBT,2015-12-31,2015,FY,TND,Performance,Rentabilité d'exploitation,MARGE_BENEF_EXPL,Marge bénéficiaire d'exploitation,%,22.0798
SFBT,2015-12-31,2015,FY,TND,Performance,Rentabilité opérationnelle,REND_GLOBAL_NET,Rendement global net,%,20.5276
SFBT,2015-12-31,2015,FY,TND,Performance,Rentabilité opérationnelle,CREATION_VALEUR,Création de valeur annuelle,montant,34572528.1124
SFBT,2015-12-31,2015,FY,TND,Performance,Rentabilité opérationnelle,REND_PRODUCTION,Rendement de la production,%,24.9376
SFBT,2015-12-31,2015,FY,TND,Performance,Rentabilité opérationnelle,ROT_STOCKS,Ratio de rotation des stocks,x,2.6306
SFBT,2015-12-31,2015,FY,TND,Performance,Rentabilité opérationnelle,PROFIT_OP,Profit opérationnel,montant,71320267.753
SFBT,2015-12-31,2015,FY,TND,Performance,Rentabilité financière,ROE,Rentabilité des capitaux propres (ROE),%,27.4834
SFBT,2015-12-31,2015,FY,TND,Performance,Rentabilité financière,ROI,Retour sur investissement (ROI),%,20.5276
SFBT,2015-12-31,2015,FY,TND,Performance,Rentabilité financière,PERF_PLACEMENT,Performance placement,%,1468.4798
SFBT,2016-03-31,2016,T1,TND,Solidité,Liquidités,LIQ_GEN,Ratio de liquidité générale,x,2.1988
SFBT,2016-03-31,2016,T1,TND,Solidité,Liquidités,LIQ_RED,Ratio de liquidité réduite,x,1.3967
SFBT,2016-03-31,2016,T1,TND,Solidité,Liquidités,LIQ_IMM,Ratio de liquidité immédiate,x,0.492
SFBT,2016-03-31,2016,T1,TND,Solidité,Liquidités,INT_DEF_RED,Intervalle défensif réduit,j,194.668
SFBT,2016-03-31,2016,T1,TND,Solidité,Liquidités,INT_DEF,Intervalle défensif,j,461.3306
SFBT,2016-03-31,2016,T1,TND,Solidité,Liquidités,RFR,Ratio de fonds de roulement,%,19.6769
SFBT,2016-03-31,2016,T1,TND,Solidité,Liquidités,RBFR,Ratio de besoin en fonds de roulement,%,86.2274
SFBT,2016-03-31,2016,T1,TND,Solidité,Gestion des actifs,LEV_ECO,Ratio du levier économique,x,1.3375
SFBT,2016-03-31,2016,T1,TND,Solidité,Gestion des actifs,POIDS_IMMO,Poids des immobilisations,%,64.2575
SFBT,2016-03-31,2016,T1,TND,Solidité,Gestion des actifs,FIN_IMMO,Financement des immobilisations,x,1.3062
SFBT,2016-03-31,2016,T1,TND,Solidité,Gestion des actifs,VETUSTE,Vétusté de l'actif,%,52.1092
SFBT,2016-03-31,2016,T1,TND,Solidité,Gestion des passifs,ENDET_GLOB,Ratio d'endettement global,%,25.2327
SFBT,2016-03-31,2016,T1,TND,Solidité,Gestion des passifs,ENDET_TERME,Ratio d'endettement à terme,%,12.2608
SFBT,2016-03-31,2016,T1,TND,Solidité,Gestion des passifs,INDEP_FIN,Ratio d'indépendance financière,%,74.7673
SFBT,2016-03-31,2016,T1,TND,Solidité,Gestion des passifs,COUV_CF,Couverture des charges financières,x,18.4244
SFBT,2016-03-31,2016,T1,TND,Solidité,Gestion des passifs,POIDS_CF,Poids des charges financières,%,0.9435
SFBT,2016-03-31,2016,T1,TND,Solidité,Gestion des passifs,AUTO_FIN,Ratio d'autonomie financière,x,2.9631
SFBT,2016-03-31,2016,T1,TND,Solidité,Gestion des passifs,SOLVA,Ratio de solvabilité,x,3.9631
SFBT,2016-03-31,2016,T1,TND,Solidité,Ressources humaines,EFF_BRUT_RH,Efficacité brute des RH,x,
SFBT,2016-03-31,2016,T1,TND,Solidité,Ressources humaines,EFF_NET_RH,Efficacité nette des RH,x,2.8167
SFBT,2016-03-31,2016,T1,TND,Solidité,Gestion des risques,CONAN_HOLDER,Score de Conan & Holder,score,
SFBT,2016-03-31,2016,T1,TND,Solidité,Gestion des risques,RISQ_PLACEMENT,Risque de placement,%,0.6739
SFBT,2016-03-31,2016,T1,TND,Solidité,Gestion des risques,RISQ_COMMERCIAL,Risque commercial,%,58.2504
SFBT,2016-03-31,2016,T1,TND,Solidité,Gestion des risques,CREDIT_FOURN,Crédits moyens fournisseurs,j,191.3657
SFBT,2016-03-31,2016,T1,TND,Solidité,Gestion des risques,CREDIT_CLIENT,Crédits moyens clients,j,178.6671
SFBT,2016-03-31,2016,T1,TND,Performance,Rentabilité commerciale,RENT_COM,Rentabilité commerciale,%,17.3829
SFBT,2016-03-31,2016,T1,TND,Performance,Rentabilité commerciale,MARGE_NETTE,Ratio de la marge nette,%,39.5624
SFBT,2016-03-31,2016,T1,TND,Performance,Rentabilité commerciale,TAUX_MARQUE,Taux de marque,%,
SFBT,2016-03-31,2016,T1,TND,Performance,Rentabilité commerciale,ROT_CAP,Rotation des capitaux échangés,x,0.2698
SFBT,2016-03-31,2016,T1,TND,Performance,Rentabilité économique,ROA,Rendement de l'actif (ROA),%,7.9803
SFBT,2016-03-31,2016,T1,TND,Performance,Rentabilité économique,ROCE,Rentabilité du capital investi (ROCE),%,4.1776
SFBT,2016-03-31,2016,T1,TND,Performance,Rentabilité économique,REND_IMMO,Rendement brut des immobilisations,%,6.665
SFBT,2016-03-31,2016,T1,TND,Performance,Rentabilité économique,REND_RES_STABLE,Rendement brut des ressources stables,%,5.1025
SFBT,2016-03-31,2016,T1,TND,Performance,Rentabilité d'exploitation,MARGE_BRUTE_EXPL,Marge brute d'exploitation,%,21.2318
SFBT,2016-03-31,2016,T1,TND,Performance,Rentabilité d'exploitation,MARGE_BENEF_EXPL,Marge bénéficiaire d'exploitation,%,17.3829
SFBT,2016-03-31,2016,T1,TND,Performance,Rentabilité opérationnelle,REND_GLOBAL_NET,Rendement global net,%,7.9803
SFBT,2016-03-31,2016,T1,TND,Performance,Rentabilité opérationnelle,CREATION_VALEUR,Création de valeur annuelle,montant,-17784407.0231
SFBT,2016-03-31,2016,T1,TND,Performance,Rentabilité opérationnelle,REND_PRODUCTION,Rendement de la production,%,
SFBT,2016-03-31,2016,T1,TND,Performance,Rentabilité opérationnelle,ROT_STOCKS,Ratio de rotation des stocks,x,0.9008
SFBT,2016-03-31,2016,T1,TND,Performance,Rentabilité opérationnelle,PROFIT_OP,Profit opérationnel,montant,19436662.894
SFBT,2016-03-31,2016,T1,TND,Performance,Rentabilité financière,ROE,Rentabilité des capitaux propres (ROE),%,10.6736
SFBT,2016-03-31,2016,T1,TND,Performance,Rentabilité financière,ROI,Retour sur investissement (ROI),%,7.9803
SFBT,2016-03-31,2016,T1,TND,Performance,Rentabilité financière,PERF_PLACEMENT,Performance placement,%,798.8325
SFBT,2016-06-30,2016,S1,TND,Solidité,Liquidités,LIQ_GEN,Ratio de liquidité générale,x,2.1986
SFBT,2016-06-30,2016,S1,TND,Solidité,Liquidités,LIQ_RED,Ratio de liquidité réduite,x,1.354
SFBT,2016-06-30,2016,S1,TND,Solidité,Liquidités,LIQ_IMM,Ratio de liquidité immédiate,x,0.282
SFBT,2016-06-30,2016,S1,TND,Solidité,Liquidités,INT_DEF_RED,Intervalle défensif réduit,j,59.3838
SFBT,2016-06-30,2016,S1,TND,Solidité,Liquidités,INT_DEF,Intervalle défensif,j,220.6914
SFBT,2016-06-30,2016,S1,TND,Solidité,Liquidités,RFR,Ratio de fonds de roulement,%,19.4714
SFBT,2016-06-30,2016,S1,TND,Solidité,Liquidités,RBFR,Ratio de besoin en fonds de roulement,%,55.8778
SFBT,2016-06-30,2016,S1,TND,Solidité,Gestion des actifs,LEV_ECO,Ratio du levier économique,x,1.3362
SFBT,2016-06-30,2016,S1,TND,Solidité,Gestion des actifs,POIDS_IMMO,Poids des immobilisations,%,64.5533
SFBT,2016-06-30,2016,S1,TND,Solidité,Gestion des actifs,FIN_IMMO,Financement des immobilisations,x,1.3016
SFBT,2016-06-30,2016,S1,TND,Solidité,Gestion des actifs,VETUSTE,Vétusté de l'actif,%,52.4537
SFBT,2016-06-30,2016,S1,TND,Solidité,Gestion des passifs,ENDET_GLOB,Ratio d'endettement global,%,25.1583
SFBT,2016-06-30,2016,S1,TND,Solidité,Gestion des passifs,ENDET_TERME,Ratio d'endettement à terme,%,12.2699
SFBT,2016-06-30,2016,S1,TND,Solidité,Gestion des passifs,INDEP_FIN,Ratio d'indépendance financière,%,74.8417
SFBT,2016-06-30,2016,S1,TND,Solidité,Gestion des passifs,COUV_CF,Couverture des charges financières,x,18.4244
SFBT,2016-06-30,2016,S1,TND,Solidité,Gestion des passifs,POIDS_CF,Poids des charges financières,%,0.9435
SFBT,2016-06-30,2016,S1,TND,Solidité,Gestion des passifs,AUTO_FIN,Ratio d'autonomie financière,x,2.9748
SFBT,2016-06-30,2016,S1,TND,Solidité,Gestion des passifs,SOLVA,Ratio de solvabilité,x,3.9748
SFBT,2016-06-30,2016,S1,TND,Solidité,Ressources humaines,EFF_BRUT_RH,Efficacité brute des RH,x,
SFBT,2016-06-30,2016,S1,TND,Solidité,Ressources humaines,EFF_NET_RH,Efficacité nette des RH,x,2.8167
SFBT,2016-06-30,2016,S1,TND,Solidité,Gestion des risques,CONAN_HOLDER,Score de Conan & Holder,score,
SFBT,2016-06-30,2016,S1,TND,Solidité,Gestion des risques,RISQ_PLACEMENT,Risque de placement,%,0.6688
SFBT,2016-06-30,2016,S1,TND,Solidité,Gestion des risques,RISQ_COMMERCIAL,Risque commercial,%,35.2364
SFBT,2016-06-30,2016,S1,TND,Solidité,Gestion des risques,CREDIT_FOURN,Crédits moyens fournisseurs,j,70.3123
SFBT,2016-06-30,2016,S1,TND,Solidité,Gestion des risques,CREDIT_CLIENT,Crédits moyens clients,j,108.078
SFBT,2016-06-30,2016,S1,TND,Performance,Rentabilité commerciale,RENT_COM,Rentabilité commerciale,%,17.3829
SFBT,2016-06-30,2016,S1,TND,Performance,Rentabilité commerciale,MARGE_NETTE,Ratio de la marge nette,%,39.5624
SFBT,2016-06-30,2016,S1,TND,Performance,Rentabilité commerciale,TAUX_MARQUE,Taux de marque,%,
SFBT,2016-06-30,2016,S1,TND,Performance,Rentabilité commerciale,ROT_CAP,Rotation des capitaux échangés,x,0.5329
SFBT,2016-06-30,2016,S1,TND,Performance,Rentabilité économique,ROA,Rendement de l'actif (ROA),%,15.7772
SFBT,2016-06-30,2016,S1,TND,Performance,Rentabilité économique,ROCE,Rentabilité du capital investi (ROCE),%,8.2502
SFBT,2016-06-30,2016,S1,TND,Performance,Rentabilité économique,REND_IMMO,Rendement brut des immobilisations,%,13.1164
SFBT,2016-06-30,2016,S1,TND,Performance,Rentabilité économique,REND_RES_STABLE,Rendement brut des ressources stables,%,10.0769
SFBT,2016-06-30,2016,S1,TND,Performance,Rentabilité d'exploitation,MARGE_BRUTE_EXPL,Marge brute d'exploitation,%,21.2318
SFBT,2016-06-30,2016,S1,TND,Performance,Rentabilité d'exploitation,MARGE_BENEF_EXPL,Marge bénéficiaire d'exploitation,%,17.3829
SFBT,2016-06-30,2016,S1,TND,Performance,Rentabilité opérationnelle,REND_GLOBAL_NET,Rendement global net,%,15.7772
SFBT,2016-06-30,2016,S1,TND,Performance,Rentabilité opérationnelle,CREATION_VALEUR,Création de valeur annuelle,montant,1178925.5954
SFBT,2016-06-30,2016,S1,TND,Performance,Rentabilité opérationnelle,REND_PRODUCTION,Rendement de la production,%,
SFBT,2016-06-30,2016,S1,TND,Performance,Rentabilité opérationnelle,ROT_STOCKS,Ratio de rotation des stocks,x,1.7008
SFBT,2016-06-30,2016,S1,TND,Performance,Rentabilité opérationnelle,PROFIT_OP,Profit opérationnel,montant,38873325.789
SFBT,2016-06-30,2016,S1,TND,Performance,Rentabilité financière,ROE,Rentabilité des capitaux propres (ROE),%,21.0808
SFBT,2016-06-30,2016,S1,TND,Performance,Rentabilité financière,ROI,Retour sur investissement (ROI),%,15.7772
SFBT,2016-06-30,2016,S1,TND,Performance,Rentabilité financière,PERF_PLACEMENT,Performance placement,%,1591.1713
SFBT,2016-09-30,2016,9M,TND,Solidité,Liquidités,LIQ_GEN,Ratio de liquidité générale,x,2.2364
SFBT,2016-09-30,2016,9M,TND,Solidité,Liquidités,LIQ_RED,Ratio de liquidité réduite,x,1.5027
SFBT,2016-09-30,2016,9M,TND,Solidité,Liquidités,LIQ_IMM,Ratio de liquidité immédiate,x,0.5944
SFBT,2016-09-30,2016,9M,TND,Solidité,Liquidités,INT_DEF_RED,Intervalle défensif réduit,j,74.7084
SFBT,2016-09-30,2016,9M,TND,Solidité,Liquidités,INT_DEF,Intervalle défensif,j,164.5808
SFBT,2016-09-30,2016,9M,TND,Solidité,Liquidités,RFR,Ratio de fonds de roulement,%,20.5167
SFBT,2016-09-30,2016,9M,TND,Solidité,Liquidités,RBFR,Ratio de besoin en fonds de roulement,%,28.0847
SFBT,2016-09-30,2016,9M,TND,Solidité,Gestion des actifs,LEV_ECO,Ratio du levier économique,x,1.3379
SFBT,2016-09-30,2016,9M,TND,Solidité,Gestion des actifs,POIDS_IMMO,Poids des immobilisations,%,63.2311
SFBT,2016-09-30,2016,9M,TND,Solidité,Gestion des actifs,FIN_IMMO,Financement des immobilisations,x,1.3245
SFBT,2016-09-30,2016,9M,TND,Solidité,Gestion des actifs,VETUSTE,Vétusté de l'actif,%,53.215
SFBT,2016-09-30,2016,9M,TND,Solidité,Gestion des passifs,ENDET_GLOB,Ratio d'endettement global,%,25.2583
SFBT,2016-09-30,2016,9M,TND,Solidité,Gestion des passifs,ENDET_TERME,Ratio d'endettement à terme,%,12.0497
SFBT,2016-09-30,2016,9M,TND,Solidité,Gestion des passifs,INDEP_FIN,Ratio d'indépendance financière,%,74.7417
SFBT,2016-09-30,2016,9M,TND,Solidité,Gestion des passifs,COUV_CF,Couverture des charges financières,x,32.2272
SFBT,2016-09-30,2016,9M,TND,Solidité,Gestion des passifs,POIDS_CF,Poids des charges financières,%,0.5662
SFBT,2016-09-30,2016,9M,TND,Solidité,Gestion des passifs,AUTO_FIN,Ratio d'autonomie financière,x,2.9591
SFBT,2016-09-30,2016,9M,TND,Solidité,Gestion des passifs,SOLVA,Ratio de solvabilité,x,3.9591
SFBT,2016-09-30,2016,9M,TND,Solidité,Ressources humaines,EFF_BRUT_RH,Efficacité brute des RH,x,
SFBT,2016-09-30,2016,9M,TND,Solidité,Ressources humaines,EFF_NET_RH,Efficacité nette des RH,x,3.4253
SFBT,2016-09-30,2016,9M,TND,Solidité,Gestion des risques,CONAN_HOLDER,Score de Conan & Holder,score,
SFBT,2016-09-30,2016,9M,TND,Solidité,Gestion des risques,RISQ_PLACEMENT,Risque de placement,%,0.6281
SFBT,2016-09-30,2016,9M,TND,Solidité,Gestion des risques,RISQ_COMMERCIAL,Risque commercial,%,19.4143
SFBT,2016-09-30,2016,9M,TND,Solidité,Gestion des risques,CREDIT_FOURN,Crédits moyens fournisseurs,j,54.0743
SFBT,2016-09-30,2016,9M,TND,Solidité,Gestion des risques,CREDIT_CLIENT,Crédits moyens clients,j,59.5481
SFBT,2016-09-30,2016,9M,TND,Performance,Rentabilité commerciale,RENT_COM,Rentabilité commerciale,%,18.2482
SFBT,2016-09-30,2016,9M,TND,Performance,Rentabilité commerciale,MARGE_NETTE,Ratio de la marge nette,%,29.8229
SFBT,2016-09-30,2016,9M,TND,Performance,Rentabilité commerciale,TAUX_MARQUE,Taux de marque,%,
SFBT,2016-09-30,2016,9M,TND,Performance,Rentabilité commerciale,ROT_CAP,Rotation des capitaux échangés,x,0.853
SFBT,2016-09-30,2016,9M,TND,Performance,Rentabilité économique,ROA,Rendement de l'actif (ROA),%,19.0126
SFBT,2016-09-30,2016,9M,TND,Performance,Rentabilité économique,ROCE,Rentabilité du capital investi (ROCE),%,13.8911
SFBT,2016-09-30,2016,9M,TND,Performance,Rentabilité économique,REND_IMMO,Rendement brut des immobilisations,%,22.2001
SFBT,2016-09-30,2016,9M,TND,Performance,Rentabilité économique,REND_RES_STABLE,Rendement brut des ressources stables,%,16.7614
SFBT,2016-09-30,2016,9M,TND,Performance,Rentabilité d'exploitation,MARGE_BRUTE_EXPL,Marge brute d'exploitation,%,22.0188
SFBT,2016-09-30,2016,9M,TND,Performance,Rentabilité d'exploitation,MARGE_BENEF_EXPL,Marge bénéficiaire d'exploitation,%,18.2482
SFBT,2016-09-30,2016,9M,TND,Performance,Rentabilité opérationnelle,REND_GLOBAL_NET,Rendement global net,%,19.0126
SFBT,2016-09-30,2016,9M,TND,Performance,Rentabilité opérationnelle,CREATION_VALEUR,Création de valeur annuelle,montant,29318939.7449
SFBT,2016-09-30,2016,9M,TND,Performance,Rentabilité opérationnelle,REND_PRODUCTION,Rendement de la production,%,
SFBT,2016-09-30,2016,9M,TND,Performance,Rentabilité opérationnelle,ROT_STOCKS,Ratio de rotation des stocks,x,3.0427
SFBT,2016-09-30,2016,9M,TND,Performance,Rentabilité opérationnelle,PROFIT_OP,Profit opérationnel,montant,69133580.909
SFBT,2016-09-30,2016,9M,TND,Performance,Rentabilité financière,ROE,Rentabilité des capitaux propres (ROE),%,25.4377
SFBT,2016-09-30,2016,9M,TND,Performance,Rentabilité financière,ROI,Retour sur investissement (ROI),%,19.0126
SFBT,2016-09-30,2016,9M,TND,Performance,Rentabilité financière,PERF_PLACEMENT,Performance placement,%,1610.6903
SFBT,2016-12-31,2016,FY,TND,Solidité,Liquidités,LIQ_GEN,Ratio de liquidité générale,x,2.269
SFBT,2016-12-31,2016,FY,TND,Solidité,Liquidités,LIQ_RED,Ratio de liquidité réduite,x,1.6313
SFBT,2016-12-31,2016,FY,TND,Solidité,Liquidités,LIQ_IMM,Ratio de liquidité immédiate,x,0.8647
SFBT,2016-12-31,2016,FY,TND,Solidité,Liquidités,INT_DEF_RED,Intervalle défensif réduit,j,81.2277
SFBT,2016-12-31,2016,FY,TND,Solidité,Liquidités,INT_DEF,Intervalle défensif,j,140.7107
SFBT,2016-12-31,2016,FY,TND,Solidité,Liquidités,RFR,Ratio de fonds de roulement,%,21.4504
SFBT,2016-12-31,2016,FY,TND,Solidité,Liquidités,RBFR,Ratio de besoin en fonds de roulement,%,16.447
SFBT,2016-12-31,2016,FY,TND,Solidité,Gestion des actifs,LEV_ECO,Ratio du levier économique,x,1.3395
SFBT,2016-12-31,2016,FY,TND,Solidité,Gestion des actifs,POIDS_IMMO,Poids des immobilisations,%,62.05
SFBT,2016-12-31,2016,FY,TND,Solidité,Gestion des actifs,FIN_IMMO,Financement des immobilisations,x,1.3457
SFBT,2016-12-31,2016,FY,TND,Solidité,Gestion des actifs,VETUSTE,Vétusté de l'actif,%,53.5039
SFBT,2016-12-31,2016,FY,TND,Solidité,Gestion des passifs,ENDET_GLOB,Ratio d'endettement global,%,25.3477
SFBT,2016-12-31,2016,FY,TND,Solidité,Gestion des passifs,ENDET_TERME,Ratio d'endettement à terme,%,11.8525
SFBT,2016-12-31,2016,FY,TND,Solidité,Gestion des passifs,INDEP_FIN,Ratio d'indépendance financière,%,74.6523
SFBT,2016-12-31,2016,FY,TND,Solidité,Gestion des passifs,COUV_CF,Couverture des charges financières,x,
SFBT,2016-12-31,2016,FY,TND,Solidité,Gestion des passifs,POIDS_CF,Poids des charges financières,%,0.0
SFBT,2016-12-31,2016,FY,TND,Solidité,Gestion des passifs,AUTO_FIN,Ratio d'autonomie financière,x,2.9451
SFBT,2016-12-31,2016,FY,TND,Solidité,Gestion des passifs,SOLVA,Ratio de solvabilité,x,3.9451
SFBT,2016-12-31,2016,FY,TND,Solidité,Ressources humaines,EFF_BRUT_RH,Efficacité brute des RH,x,4.8378
SFBT,2016-12-31,2016,FY,TND,Solidité,Ressources humaines,EFF_NET_RH,Efficacité nette des RH,x,3.7473
SFBT,2016-12-31,2016,FY,TND,Solidité,Gestion des risques,CONAN_HOLDER,Score de Conan & Holder,score,0.3861
SFBT,2016-12-31,2016,FY,TND,Solidité,Gestion des risques,RISQ_PLACEMENT,Risque de placement,%,0.5917
SFBT,2016-12-31,2016,FY,TND,Solidité,Gestion des risques,RISQ_COMMERCIAL,Risque commercial,%,12.7893
SFBT,2016-12-31,2016,FY,TND,Solidité,Gestion des risques,CREDIT_FOURN,Crédits moyens fournisseurs,j,47.1672
SFBT,2016-12-31,2016,FY,TND,Solidité,Gestion des risques,CREDIT_CLIENT,Crédits moyens clients,j,39.2276
SFBT,2016-12-31,2016,FY,TND,Performance,Rentabilité commerciale,RENT_COM,Rentabilité commerciale,%,18.6104
SFBT,2016-12-31,2016,FY,TND,Performance,Rentabilité commerciale,MARGE_NETTE,Ratio de la marge nette,%,25.7448
SFBT,2016-12-31,2016,FY,TND,Performance,Rentabilité commerciale,TAUX_MARQUE,Taux de marque,%,36.555
SFBT,2016-12-31,2016,FY,TND,Performance,Rentabilité commerciale,ROT_CAP,Rotation des capitaux échangés,x,1.1396
SFBT,2016-12-31,2016,FY,TND,Performance,Rentabilité économique,ROA,Rendement de l'actif (ROA),%,21.9026
SFBT,2016-12-31,2016,FY,TND,Performance,Rentabilité économique,ROCE,Rentabilité du capital investi (ROCE),%,18.9616
SFBT,2016-12-31,2016,FY,TND,Performance,Rentabilité économique,REND_IMMO,Rendement brut des immobilisations,%,30.6415
SFBT,2016-12-31,2016,FY,TND,Performance,Rentabilité économique,REND_RES_STABLE,Rendement brut des ressources stables,%,22.77
SFBT,2016-12-31,2016,FY,TND,Performance,Rentabilité d'exploitation,MARGE_BRUTE_EXPL,Marge brute d'exploitation,%,22.3484
SFBT,2016-12-31,2016,FY,TND,Performance,Rentabilité d'exploitation,MARGE_BENEF_EXPL,Marge bénéficiaire d'exploitation,%,18.6104
SFBT,2016-12-31,2016,FY,TND,Performance,Rentabilité opérationnelle,REND_GLOBAL_NET,Rendement global net,%,21.9026
SFBT,2016-12-31,2016,FY,TND,Performance,Rentabilité opérationnelle,CREATION_VALEUR,Création de valeur annuelle,montant,57458953.8944
SFBT,2016-12-31,2016,FY,TND,Performance,Rentabilité opérationnelle,REND_PRODUCTION,Rendement de la production,%,20.8453
SFBT,2016-12-31,2016,FY,TND,Performance,Rentabilité opérationnelle,ROT_STOCKS,Ratio de rotation des stocks,x,4.5797
SFBT,2016-12-31,2016,FY,TND,Performance,Rentabilité opérationnelle,PROFIT_OP,Profit opérationnel,montant,99393836.029
SFBT,2016-12-31,2016,FY,TND,Performance,Rentabilité financière,ROE,Rentabilité des capitaux propres (ROE),%,29.3394
SFBT,2016-12-31,2016,FY,TND,Performance,Rentabilité financière,ROI,Retour sur investissement (ROI),%,21.9026
SFBT,2016-12-31,2016,FY,TND,Performance,Rentabilité financière,PERF_PLACEMENT,Performance placement,%,1630.3979
SFBT,2017-03-31,2017,T1,TND,Solidité,Liquidités,LIQ_GEN,Ratio de liquidité générale,x,2.5103
SFBT,2017-03-31,2017,T1,TND,Solidité,Liquidités,LIQ_RED,Ratio de liquidité réduite,x,1.7412
SFBT,2017-03-31,2017,T1,TND,Solidité,Liquidités,LIQ_IMM,Ratio de liquidité immédiate,x,0.7151
SFBT,2017-03-31,2017,T1,TND,Solidité,Liquidités,INT_DEF_RED,Intervalle défensif réduit,j,264.74
SFBT,2017-03-31,2017,T1,TND,Solidité,Liquidités,INT_DEF,Intervalle défensif,j,561.8647
SFBT,2017-03-31,2017,T1,TND,Solidité,Liquidités,RFR,Ratio de fonds de roulement,%,22.5651
SFBT,2017-03-31,2017,T1,TND,Solidité,Liquidités,RBFR,Ratio de besoin en fonds de roulement,%,87.7778
SFBT,2017-03-31,2017,T1,TND,Solidité,Gestion des actifs,LEV_ECO,Ratio du levier économique,x,1.312
SFBT,2017-03-31,2017,T1,TND,Solidité,Gestion des actifs,POIDS_IMMO,Poids des immobilisations,%,62.8346
SFBT,2017-03-31,2017,T1,TND,Solidité,Gestion des actifs,FIN_IMMO,Financement des immobilisations,x,1.3591
SFBT,2017-03-31,2017,T1,TND,Solidité,Gestion des actifs,VETUSTE,Vétusté de l'actif,%,53.9394
SFBT,2017-03-31,2017,T1,TND,Solidité,Gestion des passifs,ENDET_GLOB,Ratio d'endettement global,%,23.7794
SFBT,2017-03-31,2017,T1,TND,Solidité,Gestion des passifs,ENDET_TERME,Ratio d'endettement à terme,%,12.0427
SFBT,2017-03-31,2017,T1,TND,Solidité,Gestion des passifs,INDEP_FIN,Ratio d'indépendance financière,%,76.2206
SFBT,2017-03-31,2017,T1,TND,Solidité,Gestion des passifs,COUV_CF,Couverture des charges financières,x,15.1234
SFBT,2017-03-31,2017,T1,TND,Solidité,Gestion des passifs,POIDS_CF,Poids des charges financières,%,1.2471
SFBT,2017-03-31,2017,T1,TND,Solidité,Gestion des passifs,AUTO_FIN,Ratio d'autonomie financière,x,3.2053
SFBT,2017-03-31,2017,T1,TND,Solidité,Gestion des passifs,SOLVA,Ratio de solvabilité,x,4.2053
SFBT,2017-03-31,2017,T1,TND,Solidité,Ressources humaines,EFF_BRUT_RH,Efficacité brute des RH,x,
SFBT,2017-03-31,2017,T1,TND,Solidité,Ressources humaines,EFF_NET_RH,Efficacité nette des RH,x,2.9886
SFBT,2017-03-31,2017,T1,TND,Solidité,Gestion des risques,CONAN_HOLDER,Score de Conan & Holder,score,
SFBT,2017-03-31,2017,T1,TND,Solidité,Gestion des risques,RISQ_PLACEMENT,Risque de placement,%,0.5958
SFBT,2017-03-31,2017,T1,TND,Solidité,Gestion des risques,RISQ_COMMERCIAL,Risque commercial,%,63.5931
SFBT,2017-03-31,2017,T1,TND,Solidité,Gestion des risques,CREDIT_FOURN,Crédits moyens fournisseurs,j,174.3205
SFBT,2017-03-31,2017,T1,TND,Solidité,Gestion des risques,CREDIT_CLIENT,Crédits moyens clients,j,195.0546
SFBT,2017-03-31,2017,T1,TND,Performance,Rentabilité commerciale,RENT_COM,Rentabilité commerciale,%,18.8597
SFBT,2017-03-31,2017,T1,TND,Performance,Rentabilité commerciale,MARGE_NETTE,Ratio de la marge nette,%,39.5023
SFBT,2017-03-31,2017,T1,TND,Performance,Rentabilité commerciale,TAUX_MARQUE,Taux de marque,%,
SFBT,2017-03-31,2017,T1,TND,Performance,Rentabilité commerciale,ROT_CAP,Rotation des capitaux échangés,x,0.2555
SFBT,2017-03-31,2017,T1,TND,Performance,Rentabilité économique,ROA,Rendement de l'actif (ROA),%,7.6939
SFBT,2017-03-31,2017,T1,TND,Performance,Rentabilité économique,ROCE,Rentabilité du capital investi (ROCE),%,4.3013
SFBT,2017-03-31,2017,T1,TND,Performance,Rentabilité économique,REND_IMMO,Rendement brut des immobilisations,%,7.0372
SFBT,2017-03-31,2017,T1,TND,Performance,Rentabilité économique,REND_RES_STABLE,Rendement brut des ressources stables,%,5.1778
SFBT,2017-03-31,2017,T1,TND,Performance,Rentabilité d'exploitation,MARGE_BRUTE_EXPL,Marge brute d'exploitation,%,22.7024
SFBT,2017-03-31,2017,T1,TND,Performance,Rentabilité d'exploitation,MARGE_BENEF_EXPL,Marge bénéficiaire d'exploitation,%,18.8597
SFBT,2017-03-31,2017,T1,TND,Performance,Rentabilité opérationnelle,REND_GLOBAL_NET,Rendement global net,%,7.6939
SFBT,2017-03-31,2017,T1,TND,Performance,Rentabilité opérationnelle,CREATION_VALEUR,Création de valeur annuelle,montant,-19622642.7932
SFBT,2017-03-31,2017,T1,TND,Performance,Rentabilité opérationnelle,REND_PRODUCTION,Rendement de la production,%,
SFBT,2017-03-31,2017,T1,TND,Performance,Rentabilité opérationnelle,ROT_STOCKS,Ratio de rotation des stocks,x,1.0215
SFBT,2017-03-31,2017,T1,TND,Performance,Rentabilité opérationnelle,PROFIT_OP,Profit opérationnel,montant,22820135.997
SFBT,2017-03-31,2017,T1,TND,Performance,Rentabilité financière,ROE,Rentabilité des capitaux propres (ROE),%,10.0943
SFBT,2017-03-31,2017,T1,TND,Performance,Rentabilité financière,ROI,Retour sur investissement (ROI),%,7.6939
SFBT,2017-03-31,2017,T1,TND,Performance,Rentabilité financière,PERF_PLACEMENT,Performance placement,%,836.172
SFBT,2017-06-30,2017,S1,TND,Solidité,Liquidités,LIQ_GEN,Ratio de liquidité générale,x,2.8357
SFBT,2017-06-30,2017,S1,TND,Solidité,Liquidités,LIQ_RED,Ratio de liquidité réduite,x,1.8893
SFBT,2017-06-30,2017,S1,TND,Solidité,Liquidités,LIQ_IMM,Ratio de liquidité immédiate,x,0.5134
SFBT,2017-06-30,2017,S1,TND,Solidité,Liquidités,INT_DEF_RED,Intervalle défensif réduit,j,84.1264
SFBT,2017-06-30,2017,S1,TND,Solidité,Liquidités,INT_DEF,Intervalle défensif,j,249.5612
SFBT,2017-06-30,2017,S1,TND,Solidité,Liquidités,RFR,Ratio de fonds de roulement,%,23.7162
SFBT,2017-06-30,2017,S1,TND,Solidité,Liquidités,RBFR,Ratio de besoin en fonds de roulement,%,51.5647
SFBT,2017-06-30,2017,S1,TND,Solidité,Gestion des actifs,LEV_ECO,Ratio du levier économique,x,1.2847
SFBT,2017-06-30,2017,S1,TND,Solidité,Gestion des actifs,POIDS_IMMO,Poids des immobilisations,%,63.6448
SFBT,2017-06-30,2017,S1,TND,Solidité,Gestion des actifs,FIN_IMMO,Financement des immobilisations,x,1.3726
SFBT,2017-06-30,2017,S1,TND,Solidité,Gestion des actifs,VETUSTE,Vétusté de l'actif,%,53.847
SFBT,2017-06-30,2017,S1,TND,Solidité,Gestion des passifs,ENDET_GLOB,Ratio d'endettement global,%,22.1598
SFBT,2017-06-30,2017,S1,TND,Solidité,Gestion des passifs,ENDET_TERME,Ratio d'endettement à terme,%,12.2312
SFBT,2017-06-30,2017,S1,TND,Solidité,Gestion des passifs,INDEP_FIN,Ratio d'indépendance financière,%,77.8402
SFBT,2017-06-30,2017,S1,TND,Solidité,Gestion des passifs,COUV_CF,Couverture des charges financières,x,15.1234
SFBT,2017-06-30,2017,S1,TND,Solidité,Gestion des passifs,POIDS_CF,Poids des charges financières,%,1.2471
SFBT,2017-06-30,2017,S1,TND,Solidité,Gestion des passifs,AUTO_FIN,Ratio d'autonomie financière,x,3.5127
SFBT,2017-06-30,2017,S1,TND,Solidité,Gestion des passifs,SOLVA,Ratio de solvabilité,x,4.5127
SFBT,2017-06-30,2017,S1,TND,Solidité,Ressources humaines,EFF_BRUT_RH,Efficacité brute des RH,x,
SFBT,2017-06-30,2017,S1,TND,Solidité,Ressources humaines,EFF_NET_RH,Efficacité nette des RH,x,2.9886
SFBT,2017-06-30,2017,S1,TND,Solidité,Gestion des risques,CONAN_HOLDER,Score de Conan & Holder,score,
SFBT,2017-06-30,2017,S1,TND,Solidité,Gestion des risques,RISQ_PLACEMENT,Risque de placement,%,0.6
SFBT,2017-06-30,2017,S1,TND,Solidité,Gestion des risques,RISQ_COMMERCIAL,Risque commercial,%,35.4078
SFBT,2017-06-30,2017,S1,TND,Solidité,Gestion des risques,CREDIT_FOURN,Crédits moyens fournisseurs,j,74.0714
SFBT,2017-06-30,2017,S1,TND,Solidité,Gestion des risques,CREDIT_CLIENT,Crédits moyens clients,j,108.6037
SFBT,2017-06-30,2017,S1,TND,Performance,Rentabilité commerciale,RENT_COM,Rentabilité commerciale,%,18.8597
SFBT,2017-06-30,2017,S1,TND,Performance,Rentabilité commerciale,MARGE_NETTE,Ratio de la marge nette,%,39.5023
SFBT,2017-06-30,2017,S1,TND,Performance,Rentabilité commerciale,TAUX_MARQUE,Taux de marque,%,
SFBT,2017-06-30,2017,S1,TND,Performance,Rentabilité commerciale,ROT_CAP,Rotation des capitaux échangés,x,0.5058
SFBT,2017-06-30,2017,S1,TND,Performance,Rentabilité économique,ROA,Rendement de l'actif (ROA),%,15.5531
SFBT,2017-06-30,2017,S1,TND,Performance,Rentabilité économique,ROCE,Rentabilité du capital investi (ROCE),%,8.4998
SFBT,2017-06-30,2017,S1,TND,Performance,Rentabilité économique,REND_IMMO,Rendement brut des immobilisations,%,14.0444
SFBT,2017-06-30,2017,S1,TND,Performance,Rentabilité économique,REND_RES_STABLE,Rendement brut des ressources stables,%,10.2317
SFBT,2017-06-30,2017,S1,TND,Performance,Rentabilité d'exploitation,MARGE_BRUTE_EXPL,Marge brute d'exploitation,%,22.7024
SFBT,2017-06-30,2017,S1,TND,Performance,Rentabilité d'exploitation,MARGE_BENEF_EXPL,Marge bénéficiaire d'exploitation,%,18.8597
SFBT,2017-06-30,2017,S1,TND,Performance,Rentabilité opérationnelle,REND_GLOBAL_NET,Rendement global net,%,15.5531
SFBT,2017-06-30,2017,S1,TND,Performance,Rentabilité opérationnelle,CREATION_VALEUR,Création de valeur annuelle,montant,2683953.251
SFBT,2017-06-30,2017,S1,TND,Performance,Rentabilité opérationnelle,REND_PRODUCTION,Rendement de la production,%,
SFBT,2017-06-30,2017,S1,TND,Performance,Rentabilité opérationnelle,ROT_STOCKS,Ratio de rotation des stocks,x,1.9387
SFBT,2017-06-30,2017,S1,TND,Performance,Rentabilité opérationnelle,PROFIT_OP,Profit opérationnel,montant,45640271.993
SFBT,2017-06-30,2017,S1,TND,Performance,Rentabilité financière,ROE,Rentabilité des capitaux propres (ROE),%,19.9808
SFBT,2017-06-30,2017,S1,TND,Performance,Rentabilité financière,ROI,Retour sur investissement (ROI),%,15.5531
SFBT,2017-06-30,2017,S1,TND,Performance,Rentabilité financière,PERF_PLACEMENT,Performance placement,%,1678.533
SFBT,2017-09-30,2017,9M,TND,Solidité,Liquidités,LIQ_GEN,Ratio de liquidité générale,x,3.0012
SFBT,2017-09-30,2017,9M,TND,Solidité,Liquidités,LIQ_RED,Ratio de liquidité réduite,x,2.1103
SFBT,2017-09-30,2017,9M,TND,Solidité,Liquidités,LIQ_IMM,Ratio de liquidité immédiate,x,0.9456
SFBT,2017-09-30,2017,9M,TND,Solidité,Liquidités,INT_DEF_RED,Intervalle défensif réduit,j,99.7869
SFBT,2017-09-30,2017,9M,TND,Solidité,Liquidités,INT_DEF,Intervalle défensif,j,193.9431
SFBT,2017-09-30,2017,9M,TND,Solidité,Liquidités,RFR,Ratio de fonds de roulement,%,18.4277
SFBT,2017-09-30,2017,9M,TND,Solidité,Liquidités,RBFR,Ratio de besoin en fonds de roulement,%,29.4894
SFBT,2017-09-30,2017,9M,TND,Solidité,Gestion des actifs,LEV_ECO,Ratio du levier économique,x,1.3876
SFBT,2017-09-30,2017,9M,TND,Solidité,Gestion des actifs,POIDS_IMMO,Poids des immobilisations,%,62.2557
SFBT,2017-09-30,2017,9M,TND,Solidité,Gestion des actifs,FIN_IMMO,Financement des immobilisations,x,1.296
SFBT,2017-09-30,2017,9M,TND,Solidité,Gestion des actifs,VETUSTE,Vétusté de l'actif,%,52.1627
SFBT,2017-09-30,2017,9M,TND,Solidité,Gestion des passifs,ENDET_GLOB,Ratio d'endettement global,%,22.5843
SFBT,2017-09-30,2017,9M,TND,Solidité,Gestion des passifs,ENDET_TERME,Ratio d'endettement à terme,%,11.9557
SFBT,2017-09-30,2017,9M,TND,Solidité,Gestion des passifs,INDEP_FIN,Ratio d'indépendance financière,%,77.4157
SFBT,2017-09-30,2017,9M,TND,Solidité,Gestion des passifs,COUV_CF,Couverture des charges financières,x,19.393
SFBT,2017-09-30,2017,9M,TND,Solidité,Gestion des passifs,POIDS_CF,Poids des charges financières,%,0.9984
SFBT,2017-09-30,2017,9M,TND,Solidité,Gestion des passifs,AUTO_FIN,Ratio d'autonomie financière,x,3.4279
SFBT,2017-09-30,2017,9M,TND,Solidité,Gestion des passifs,SOLVA,Ratio de solvabilité,x,4.7565
SFBT,2017-09-30,2017,9M,TND,Solidité,Ressources humaines,EFF_BRUT_RH,Efficacité brute des RH,x,
SFBT,2017-09-30,2017,9M,TND,Solidité,Ressources humaines,EFF_NET_RH,Efficacité nette des RH,x,3.5859
SFBT,2017-09-30,2017,9M,TND,Solidité,Gestion des risques,CONAN_HOLDER,Score de Conan & Holder,score,
SFBT,2017-09-30,2017,9M,TND,Solidité,Gestion des risques,RISQ_PLACEMENT,Risque de placement,%,0.5192
SFBT,2017-09-30,2017,9M,TND,Solidité,Gestion des risques,RISQ_COMMERCIAL,Risque commercial,%,20.0304
SFBT,2017-09-30,2017,9M,TND,Solidité,Gestion des risques,CREDIT_FOURN,Crédits moyens fournisseurs,j,51.9812
SFBT,2017-09-30,2017,9M,TND,Solidité,Gestion des risques,CREDIT_CLIENT,Crédits moyens clients,j,61.4379
SFBT,2017-09-30,2017,9M,TND,Performance,Rentabilité commerciale,RENT_COM,Rentabilité commerciale,%,19.3617
SFBT,2017-09-30,2017,9M,TND,Performance,Rentabilité commerciale,MARGE_NETTE,Ratio de la marge nette,%,30.8033
SFBT,2017-09-30,2017,9M,TND,Performance,Rentabilité commerciale,TAUX_MARQUE,Taux de marque,%,
SFBT,2017-09-30,2017,9M,TND,Performance,Rentabilité commerciale,ROT_CAP,Rotation des capitaux échangés,x,0.8009
SFBT,2017-09-30,2017,9M,TND,Performance,Rentabilité économique,ROA,Rendement de l'actif (ROA),%,17.7783
SFBT,2017-09-30,2017,9M,TND,Performance,Rentabilité économique,ROCE,Rentabilité du capital investi (ROCE),%,13.8501
SFBT,2017-09-30,2017,9M,TND,Performance,Rentabilité économique,REND_IMMO,Rendement brut des immobilisations,%,21.6922
SFBT,2017-09-30,2017,9M,TND,Performance,Rentabilité économique,REND_RES_STABLE,Rendement brut des ressources stables,%,16.7378
SFBT,2017-09-30,2017,9M,TND,Performance,Rentabilité d'exploitation,MARGE_BRUTE_EXPL,Marge brute d'exploitation,%,23.3985
SFBT,2017-09-30,2017,9M,TND,Performance,Rentabilité d'exploitation,MARGE_BENEF_EXPL,Marge bénéficiaire d'exploitation,%,19.3617
SFBT,2017-09-30,2017,9M,TND,Performance,Rentabilité opérationnelle,REND_GLOBAL_NET,Rendement global net,%,19.0977
SFBT,2017-09-30,2017,9M,TND,Performance,Rentabilité opérationnelle,CREATION_VALEUR,Création de valeur annuelle,montant,33281598.3622
SFBT,2017-09-30,2017,9M,TND,Performance,Rentabilité opérationnelle,REND_PRODUCTION,Rendement de la production,%,
SFBT,2017-09-30,2017,9M,TND,Performance,Rentabilité opérationnelle,ROT_STOCKS,Ratio de rotation des stocks,x,2.9864
SFBT,2017-09-30,2017,9M,TND,Performance,Rentabilité opérationnelle,PROFIT_OP,Profit opérationnel,montant,78794200.088
SFBT,2017-09-30,2017,9M,TND,Performance,Rentabilité financière,ROE,Rentabilité des capitaux propres (ROE),%,24.669
SFBT,2017-09-30,2017,9M,TND,Performance,Rentabilité financière,ROI,Retour sur investissement (ROI),%,17.7783
SFBT,2017-09-30,2017,9M,TND,Performance,Rentabilité financière,PERF_PLACEMENT,Performance placement,%,1726.4922
SFBT,2017-12-31,2017,FY,TND,Solidité,Liquidités,LIQ_GEN,Ratio de liquidité générale,x,3.1333
SFBT,2017-12-31,2017,FY,TND,Solidité,Liquidités,LIQ_RED,Ratio de liquidité réduite,x,2.2868
SFBT,2017-12-31,2017,FY,TND,Solidité,Liquidités,LIQ_IMM,Ratio de liquidité immédiate,x,1.2907
SFBT,2017-12-31,2017,FY,TND,Solidité,Liquidités,INT_DEF_RED,Intervalle défensif réduit,j,106.4709
SFBT,2017-12-31,2017,FY,TND,Solidité,Liquidités,INT_DEF,Intervalle défensif,j,170.2051
SFBT,2017-12-31,2017,FY,TND,Solidité,Liquidités,RFR,Ratio de fonds de roulement,%,14.342
SFBT,2017-12-31,2017,FY,TND,Solidité,Liquidités,RBFR,Ratio de besoin en fonds de roulement,%,20.1485
SFBT,2017-12-31,2017,FY,TND,Solidité,Gestion des actifs,LEV_ECO,Ratio du levier économique,x,1.4791
SFBT,2017-12-31,2017,FY,TND,Solidité,Gestion des actifs,POIDS_IMMO,Poids des immobilisations,%,61.1825
SFBT,2017-12-31,2017,FY,TND,Solidité,Gestion des actifs,FIN_IMMO,Financement des immobilisations,x,1.2344
SFBT,2017-12-31,2017,FY,TND,Solidité,Gestion des actifs,VETUSTE,Vétusté de l'actif,%,50.7673
SFBT,2017-12-31,2017,FY,TND,Solidité,Gestion des passifs,ENDET_GLOB,Ratio d'endettement global,%,22.958
SFBT,2017-12-31,2017,FY,TND,Solidité,Gestion des passifs,ENDET_TERME,Ratio d'endettement à terme,%,11.7108
SFBT,2017-12-31,2017,FY,TND,Solidité,Gestion des passifs,INDEP_FIN,Ratio d'indépendance financière,%,77.042
SFBT,2017-12-31,2017,FY,TND,Solidité,Gestion des passifs,COUV_CF,Couverture des charges financières,x,21.9154
SFBT,2017-12-31,2017,FY,TND,Solidité,Gestion des passifs,POIDS_CF,Poids des charges financières,%,0.8932
SFBT,2017-12-31,2017,FY,TND,Solidité,Gestion des passifs,AUTO_FIN,Ratio d'autonomie financière,x,3.3558
SFBT,2017-12-31,2017,FY,TND,Solidité,Gestion des passifs,SOLVA,Ratio de solvabilité,x,4.9636
SFBT,2017-12-31,2017,FY,TND,Solidité,Ressources humaines,EFF_BRUT_RH,Efficacité brute des RH,x,0.005
SFBT,2017-12-31,2017,FY,TND,Solidité,Ressources humaines,EFF_NET_RH,Efficacité nette des RH,x,0.0039
SFBT,2017-12-31,2017,FY,TND,Solidité,Gestion des risques,CONAN_HOLDER,Score de Conan & Holder,score,-19.7853
SFBT,2017-12-31,2017,FY,TND,Solidité,Gestion des risques,RISQ_PLACEMENT,Risque de placement,%,0.4569
SFBT,2017-12-31,2017,FY,TND,Solidité,Gestion des risques,RISQ_COMMERCIAL,Risque commercial,%,13.5237
SFBT,2017-12-31,2017,FY,TND,Solidité,Gestion des risques,CREDIT_FOURN,Crédits moyens fournisseurs,j,42233.0177
SFBT,2017-12-31,2017,FY,TND,Solidité,Gestion des risques,CREDIT_CLIENT,Crédits moyens clients,j,41.4804
SFBT,2017-12-31,2017,FY,TND,Performance,Rentabilité commerciale,RENT_COM,Rentabilité commerciale,%,19.5741
SFBT,2017-12-31,2017,FY,TND,Performance,Rentabilité commerciale,MARGE_NETTE,Ratio de la marge nette,%,27.1224
SFBT,2017-12-31,2017,FY,TND,Performance,Rentabilité commerciale,TAUX_MARQUE,Taux de marque,%,38.0462
SFBT,2017-12-31,2017,FY,TND,Performance,Rentabilité commerciale,ROT_CAP,Rotation des capitaux échangés,x,1.0633
SFBT,2017-12-31,2017,FY,TND,Performance,Rentabilité économique,ROA,Rendement de l'actif (ROA),%,19.4974
SFBT,2017-12-31,2017,FY,TND,Performance,Rentabilité économique,ROCE,Rentabilité du capital investi (ROCE),%,18.6313
SFBT,2017-12-31,2017,FY,TND,Performance,Rentabilité économique,REND_IMMO,Rendement brut des immobilisations,%,0.0278
SFBT,2017-12-31,2017,FY,TND,Performance,Rentabilité économique,REND_RES_STABLE,Rendement brut des ressources stables,%,0.0226
SFBT,2017-12-31,2017,FY,TND,Performance,Rentabilité d'exploitation,MARGE_BRUTE_EXPL,Marge brute d'exploitation,%,0.0237
SFBT,2017-12-31,2017,FY,TND,Performance,Rentabilité d'exploitation,MARGE_BENEF_EXPL,Marge bénéficiaire d'exploitation,%,19.5741
SFBT,2017-12-31,2017,FY,TND,Performance,Rentabilité opérationnelle,REND_GLOBAL_NET,Rendement global net,%,22.2183
SFBT,2017-12-31,2017,FY,TND,Performance,Rentabilité opérationnelle,CREATION_VALEUR,Création de valeur annuelle,montant,63879243.4723
SFBT,2017-12-31,2017,FY,TND,Performance,Rentabilité opérationnelle,REND_PRODUCTION,Rendement de la production,%,21472.4102
SFBT,2017-12-31,2017,FY,TND,Performance,Rentabilité opérationnelle,ROT_STOCKS,Ratio de rotation des stocks,x,0.0039
SFBT,2017-12-31,2017,FY,TND,Performance,Rentabilité opérationnelle,PROFIT_OP,Profit opérationnel,montant,111948128.182
SFBT,2017-12-31,2017,FY,TND,Performance,Rentabilité financière,ROE,Rentabilité des capitaux propres (ROE),%,28.8392
SFBT,2017-12-31,2017,FY,TND,Performance,Rentabilité financière,ROI,Retour sur investissement (ROI),%,19.4974
SFBT,2017-12-31,2017,FY,TND,Performance,Rentabilité financière,PERF_PLACEMENT,Performance placement,%,1775.1502
SFBT,2018-03-31,2018,T1,TND,Solidité,Liquidités,LIQ_GEN,Ratio de liquidité générale,x,2.468
SFBT,2018-03-31,2018,T1,TND,Solidité,Liquidités,LIQ_RED,Ratio de liquidité réduite,x,1.749
SFBT,2018-03-31,2018,T1,TND,Solidité,Liquidités,LIQ_IMM,Ratio de liquidité immédiate,x,0.8081
SFBT,2018-03-31,2018,T1,TND,Solidité,Liquidités,INT_DEF_RED,Intervalle défensif réduit,j,334.7122
SFBT,2018-03-31,2018,T1,TND,Solidité,Liquidités,INT_DEF,Intervalle défensif,j,627.7033
SFBT,2018-03-31,2018,T1,TND,Solidité,Liquidités,RFR,Ratio de fonds de roulement,%,16.4504
SFBT,2018-03-31,2018,T1,TND,Solidité,Liquidités,RBFR,Ratio de besoin en fonds de roulement,%,88.7021
SFBT,2018-03-31,2018,T1,TND,Solidité,Gestion des actifs,LEV_ECO,Ratio du levier économique,x,1.4271
SFBT,2018-03-31,2018,T1,TND,Solidité,Gestion des actifs,POIDS_IMMO,Poids des immobilisations,%,62.0085
SFBT,2018-03-31,2018,T1,TND,Solidité,Gestion des actifs,FIN_IMMO,Financement des immobilisations,x,1.2653
SFBT,2018-03-31,2018,T1,TND,Solidité,Gestion des actifs,VETUSTE,Vétusté de l'actif,%,50.1151
SFBT,2018-03-31,2018,T1,TND,Solidité,Gestion des passifs,ENDET_GLOB,Ratio d'endettement global,%,25.1768
SFBT,2018-03-31,2018,T1,TND,Solidité,Gestion des passifs,ENDET_TERME,Ratio d'endettement à terme,%,11.9685
SFBT,2018-03-31,2018,T1,TND,Solidité,Gestion des passifs,INDEP_FIN,Ratio d'indépendance financière,%,74.8232
SFBT,2018-03-31,2018,T1,TND,Solidité,Gestion des passifs,COUV_CF,Couverture des charges financières,x,27.6005
SFBT,2018-03-31,2018,T1,TND,Solidité,Gestion des passifs,POIDS_CF,Poids des charges financières,%,0.738
SFBT,2018-03-31,2018,T1,TND,Solidité,Gestion des passifs,AUTO_FIN,Ratio d'autonomie financière,x,2.9719
SFBT,2018-03-31,2018,T1,TND,Solidité,Gestion des passifs,SOLVA,Ratio de solvabilité,x,4.2412
SFBT,2018-03-31,2018,T1,TND,Solidité,Ressources humaines,EFF_BRUT_RH,Efficacité brute des RH,x,
SFBT,2018-03-31,2018,T1,TND,Solidité,Ressources humaines,EFF_NET_RH,Efficacité nette des RH,x,3.4876
SFBT,2018-03-31,2018,T1,TND,Solidité,Gestion des risques,CONAN_HOLDER,Score de Conan & Holder,score,
SFBT,2018-03-31,2018,T1,TND,Solidité,Gestion des risques,RISQ_PLACEMENT,Risque de placement,%,0.4711
SFBT,2018-03-31,2018,T1,TND,Solidité,Gestion des risques,RISQ_COMMERCIAL,Risque commercial,%,61.9325
SFBT,2018-03-31,2018,T1,TND,Solidité,Gestion des risques,CREDIT_FOURN,Crédits moyens fournisseurs,j,176.7601
SFBT,2018-03-31,2018,T1,TND,Solidité,Gestion des risques,CREDIT_CLIENT,Crédits moyens clients,j,189.961
SFBT,2018-03-31,2018,T1,TND,Performance,Rentabilité commerciale,RENT_COM,Rentabilité commerciale,%,20.3694
SFBT,2018-03-31,2018,T1,TND,Performance,Rentabilité commerciale,MARGE_NETTE,Ratio de la marge nette,%,39.8944
SFBT,2018-03-31,2018,T1,TND,Performance,Rentabilité commerciale,TAUX_MARQUE,Taux de marque,%,
SFBT,2018-03-31,2018,T1,TND,Performance,Rentabilité commerciale,ROT_CAP,Rotation des capitaux échangés,x,0.2571
SFBT,2018-03-31,2018,T1,TND,Performance,Rentabilité économique,ROA,Rendement de l'actif (ROA),%,7.1876
SFBT,2018-03-31,2018,T1,TND,Performance,Rentabilité économique,ROCE,Rentabilité du capital investi (ROCE),%,4.6775
SFBT,2018-03-31,2018,T1,TND,Performance,Rentabilité économique,REND_IMMO,Rendement brut des immobilisations,%,6.9119
SFBT,2018-03-31,2018,T1,TND,Performance,Rentabilité économique,REND_RES_STABLE,Rendement brut des ressources stables,%,5.4627
SFBT,2018-03-31,2018,T1,TND,Performance,Rentabilité d'exploitation,MARGE_BRUTE_EXPL,Marge brute d'exploitation,%,23.789
SFBT,2018-03-31,2018,T1,TND,Performance,Rentabilité d'exploitation,MARGE_BENEF_EXPL,Marge bénéficiaire d'exploitation,%,20.3694
SFBT,2018-03-31,2018,T1,TND,Performance,Rentabilité opérationnelle,REND_GLOBAL_NET,Rendement global net,%,7.675
SFBT,2018-03-31,2018,T1,TND,Performance,Rentabilité opérationnelle,CREATION_VALEUR,Création de valeur annuelle,montant,-20110211.5018
SFBT,2018-03-31,2018,T1,TND,Performance,Rentabilité opérationnelle,REND_PRODUCTION,Rendement de la production,%,
SFBT,2018-03-31,2018,T1,TND,Performance,Rentabilité opérationnelle,ROT_STOCKS,Ratio de rotation des stocks,x,0.9691
SFBT,2018-03-31,2018,T1,TND,Performance,Rentabilité opérationnelle,PROFIT_OP,Profit opérationnel,montant,28311250.374
SFBT,2018-03-31,2018,T1,TND,Performance,Rentabilité financière,ROE,Rentabilité des capitaux propres (ROE),%,10.2575
SFBT,2018-03-31,2018,T1,TND,Performance,Rentabilité financière,ROI,Retour sur investissement (ROI),%,7.1876
SFBT,2018-03-31,2018,T1,TND,Performance,Rentabilité financière,PERF_PLACEMENT,Performance placement,%,926.4156
SFBT,2018-06-30,2018,S1,TND,Solidité,Liquidités,LIQ_GEN,Ratio de liquidité générale,x,1.9914
SFBT,2018-06-30,2018,S1,TND,Solidité,Liquidités,LIQ_RED,Ratio de liquidité réduite,x,1.3637
SFBT,2018-06-30,2018,S1,TND,Solidité,Liquidités,LIQ_IMM,Ratio de liquidité immédiate,x,0.4623
SFBT,2018-06-30,2018,S1,TND,Solidité,Liquidités,INT_DEF_RED,Intervalle défensif réduit,j,114.2342
SFBT,2018-06-30,2018,S1,TND,Solidité,Liquidités,INT_DEF,Intervalle défensif,j,275.7601
SFBT,2018-06-30,2018,S1,TND,Solidité,Liquidités,RFR,Ratio de fonds de roulement,%,18.7207
SFBT,2018-06-30,2018,S1,TND,Solidité,Liquidités,RBFR,Ratio de besoin en fonds de roulement,%,47.2803
SFBT,2018-06-30,2018,S1,TND,Solidité,Gestion des actifs,LEV_ECO,Ratio du levier économique,x,1.375
SFBT,2018-06-30,2018,S1,TND,Solidité,Gestion des actifs,POIDS_IMMO,Poids des immobilisations,%,62.8978
SFBT,2018-06-30,2018,S1,TND,Solidité,Gestion des actifs,FIN_IMMO,Financement des immobilisations,x,1.2976
SFBT,2018-06-30,2018,S1,TND,Solidité,Gestion des actifs,VETUSTE,Vétusté de l'actif,%,49.4406
SFBT,2018-06-30,2018,S1,TND,Solidité,Gestion des passifs,ENDET_GLOB,Ratio d'endettement global,%,27.2735
SFBT,2018-06-30,2018,S1,TND,Solidité,Gestion des passifs,ENDET_TERME,Ratio d'endettement à terme,%,12.2266
SFBT,2018-06-30,2018,S1,TND,Solidité,Gestion des passifs,INDEP_FIN,Ratio d'indépendance financière,%,72.7265
SFBT,2018-06-30,2018,S1,TND,Solidité,Gestion des passifs,COUV_CF,Couverture des charges financières,x,27.6005
SFBT,2018-06-30,2018,S1,TND,Solidité,Gestion des passifs,POIDS_CF,Poids des charges financières,%,0.738
SFBT,2018-06-30,2018,S1,TND,Solidité,Gestion des passifs,AUTO_FIN,Ratio d'autonomie financière,x,2.6666
SFBT,2018-06-30,2018,S1,TND,Solidité,Gestion des passifs,SOLVA,Ratio de solvabilité,x,3.6666
SFBT,2018-06-30,2018,S1,TND,Solidité,Ressources humaines,EFF_BRUT_RH,Efficacité brute des RH,x,
SFBT,2018-06-30,2018,S1,TND,Solidité,Ressources humaines,EFF_NET_RH,Efficacité nette des RH,x,3.4876
SFBT,2018-06-30,2018,S1,TND,Solidité,Gestion des risques,CONAN_HOLDER,Score de Conan & Holder,score,
SFBT,2018-06-30,2018,S1,TND,Solidité,Gestion des risques,RISQ_PLACEMENT,Risque de placement,%,0.4865
SFBT,2018-06-30,2018,S1,TND,Solidité,Gestion des risques,RISQ_COMMERCIAL,Risque commercial,%,34.1434
SFBT,2018-06-30,2018,S1,TND,Solidité,Gestion des risques,CREDIT_FOURN,Crédits moyens fournisseurs,j,93.289
SFBT,2018-06-30,2018,S1,TND,Solidité,Gestion des risques,CREDIT_CLIENT,Crédits moyens clients,j,104.7254
SFBT,2018-06-30,2018,S1,TND,Performance,Rentabilité commerciale,RENT_COM,Rentabilité commerciale,%,20.3694
SFBT,2018-06-30,2018,S1,TND,Performance,Rentabilité commerciale,MARGE_NETTE,Ratio de la marge nette,%,39.8944
SFBT,2018-06-30,2018,S1,TND,Performance,Rentabilité commerciale,TAUX_MARQUE,Taux de marque,%,
SFBT,2018-06-30,2018,S1,TND,Performance,Rentabilité commerciale,ROT_CAP,Rotation des capitaux échangés,x,0.5116
SFBT,2018-06-30,2018,S1,TND,Performance,Rentabilité économique,ROA,Rendement de l'actif (ROA),%,14.8449
SFBT,2018-06-30,2018,S1,TND,Performance,Rentabilité économique,ROCE,Rentabilité du capital investi (ROCE),%,9.2866
SFBT,2018-06-30,2018,S1,TND,Performance,Rentabilité économique,REND_IMMO,Rendement brut des immobilisations,%,14.0736
SFBT,2018-06-30,2018,S1,TND,Performance,Rentabilité économique,REND_RES_STABLE,Rendement brut des ressources stables,%,10.8456
SFBT,2018-06-30,2018,S1,TND,Performance,Rentabilité d'exploitation,MARGE_BRUTE_EXPL,Marge brute d'exploitation,%,23.789
SFBT,2018-06-30,2018,S1,TND,Performance,Rentabilité d'exploitation,MARGE_BENEF_EXPL,Marge bénéficiaire d'exploitation,%,20.3694
SFBT,2018-06-30,2018,S1,TND,Performance,Rentabilité opérationnelle,REND_GLOBAL_NET,Rendement global net,%,14.8449
SFBT,2018-06-30,2018,S1,TND,Performance,Rentabilité opérationnelle,CREATION_VALEUR,Création de valeur annuelle,montant,7844544.1821
SFBT,2018-06-30,2018,S1,TND,Performance,Rentabilité opérationnelle,REND_PRODUCTION,Rendement de la production,%,
SFBT,2018-06-30,2018,S1,TND,Performance,Rentabilité opérationnelle,ROT_STOCKS,Ratio de rotation des stocks,x,1.8949
SFBT,2018-06-30,2018,S1,TND,Performance,Rentabilité opérationnelle,PROFIT_OP,Profit opérationnel,montant,56622500.748
SFBT,2018-06-30,2018,S1,TND,Performance,Rentabilité financière,ROE,Rentabilité des capitaux propres (ROE),%,20.412
SFBT,2018-06-30,2018,S1,TND,Performance,Rentabilité financière,ROI,Retour sur investissement (ROI),%,14.8449
SFBT,2018-06-30,2018,S1,TND,Performance,Rentabilité financière,PERF_PLACEMENT,Performance placement,%,1852.8312
SFBT,2018-09-30,2018,9M,TND,Solidité,Liquidités,LIQ_GEN,Ratio de liquidité générale,x,2.617
SFBT,2018-09-30,2018,9M,TND,Solidité,Liquidités,LIQ_RED,Ratio de liquidité réduite,x,1.9569
SFBT,2018-09-30,2018,9M,TND,Solidité,Liquidités,LIQ_IMM,Ratio de liquidité immédiate,x,0.9706
SFBT,2018-09-30,2018,9M,TND,Solidité,Liquidités,INT_DEF_RED,Intervalle défensif réduit,j,128.9347
SFBT,2018-09-30,2018,9M,TND,Solidité,Liquidités,INT_DEF,Intervalle défensif,j,222.0867
SFBT,2018-09-30,2018,9M,TND,Solidité,Liquidités,RFR,Ratio de fonds de roulement,%,17.8532
SFBT,2018-09-30,2018,9M,TND,Solidité,Liquidités,RBFR,Ratio de besoin en fonds de roulement,%,26.2833
SFBT,2018-09-30,2018,9M,TND,Solidité,Gestion des actifs,LEV_ECO,Ratio du levier économique,x,1.4407
SFBT,2018-09-30,2018,9M,TND,Solidité,Gestion des actifs,POIDS_IMMO,Poids des immobilisations,%,59.8376
SFBT,2018-09-30,2018,9M,TND,Solidité,Gestion des actifs,FIN_IMMO,Financement des immobilisations,x,1.2984
SFBT,2018-09-30,2018,9M,TND,Solidité,Gestion des actifs,VETUSTE,Vétusté de l'actif,%,50.2554
SFBT,2018-09-30,2018,9M,TND,Solidité,Gestion des passifs,ENDET_GLOB,Ratio d'endettement global,%,25.2495
SFBT,2018-09-30,2018,9M,TND,Solidité,Gestion des passifs,ENDET_TERME,Ratio d'endettement à terme,%,11.9305
SFBT,2018-09-30,2018,9M,TND,Solidité,Gestion des passifs,INDEP_FIN,Ratio d'indépendance financière,%,74.7505
SFBT,2018-09-30,2018,9M,TND,Solidité,Gestion des passifs,COUV_CF,Couverture des charges financières,x,32.2978
SFBT,2018-09-30,2018,9M,TND,Solidité,Gestion des passifs,POIDS_CF,Poids des charges financières,%,0.6314
SFBT,2018-09-30,2018,9M,TND,Solidité,Gestion des passifs,AUTO_FIN,Ratio d'autonomie financière,x,2.9605
SFBT,2018-09-30,2018,9M,TND,Solidité,Gestion des passifs,SOLVA,Ratio de solvabilité,x,4.2652
SFBT,2018-09-30,2018,9M,TND,Solidité,Ressources humaines,EFF_BRUT_RH,Efficacité brute des RH,x,
SFBT,2018-09-30,2018,9M,TND,Solidité,Ressources humaines,EFF_NET_RH,Efficacité nette des RH,x,3.9863
SFBT,2018-09-30,2018,9M,TND,Solidité,Gestion des risques,CONAN_HOLDER,Score de Conan & Holder,score,
SFBT,2018-09-30,2018,9M,TND,Solidité,Gestion des risques,RISQ_PLACEMENT,Risque de placement,%,0.4376
SFBT,2018-09-30,2018,9M,TND,Solidité,Gestion des risques,RISQ_COMMERCIAL,Risque commercial,%,19.6031
SFBT,2018-09-30,2018,9M,TND,Solidité,Gestion des risques,CREDIT_FOURN,Crédits moyens fournisseurs,j,59.7666
SFBT,2018-09-30,2018,9M,TND,Solidité,Gestion des risques,CREDIT_CLIENT,Crédits moyens clients,j,60.1271
SFBT,2018-09-30,2018,9M,TND,Performance,Rentabilité commerciale,RENT_COM,Rentabilité commerciale,%,20.3931
SFBT,2018-09-30,2018,9M,TND,Performance,Rentabilité commerciale,MARGE_NETTE,Ratio de la marge nette,%,25.0841
SFBT,2018-09-30,2018,9M,TND,Performance,Rentabilité commerciale,TAUX_MARQUE,Taux de marque,%,
SFBT,2018-09-30,2018,9M,TND,Performance,Rentabilité commerciale,ROT_CAP,Rotation des capitaux échangés,x,0.8048
SFBT,2018-09-30,2018,9M,TND,Performance,Rentabilité économique,ROA,Rendement de l'actif (ROA),%,14.0118
SFBT,2018-09-30,2018,9M,TND,Performance,Rentabilité économique,ROCE,Rentabilité du capital investi (ROCE),%,14.6626
SFBT,2018-09-30,2018,9M,TND,Performance,Rentabilité économique,REND_IMMO,Rendement brut des immobilisations,%,22.5461
SFBT,2018-09-30,2018,9M,TND,Performance,Rentabilité économique,REND_RES_STABLE,Rendement brut des ressources stables,%,17.3651
SFBT,2018-09-30,2018,9M,TND,Performance,Rentabilité d'exploitation,MARGE_BRUTE_EXPL,Marge brute d'exploitation,%,24.1518
SFBT,2018-09-30,2018,9M,TND,Performance,Rentabilité d'exploitation,MARGE_BENEF_EXPL,Marge bénéficiaire d'exploitation,%,20.3931
SFBT,2018-09-30,2018,9M,TND,Performance,Rentabilité opérationnelle,REND_GLOBAL_NET,Rendement global net,%,15.0899
SFBT,2018-09-30,2018,9M,TND,Performance,Rentabilité opérationnelle,CREATION_VALEUR,Création de valeur annuelle,montant,42996719.5922
SFBT,2018-09-30,2018,9M,TND,Performance,Rentabilité opérationnelle,REND_PRODUCTION,Rendement de la production,%,
SFBT,2018-09-30,2018,9M,TND,Performance,Rentabilité opérationnelle,ROT_STOCKS,Ratio de rotation des stocks,x,3.219
SFBT,2018-09-30,2018,9M,TND,Performance,Rentabilité opérationnelle,PROFIT_OP,Profit opérationnel,montant,94624426.103
SFBT,2018-09-30,2018,9M,TND,Performance,Rentabilité financière,ROE,Rentabilité des capitaux propres (ROE),%,20.1871
SFBT,2018-09-30,2018,9M,TND,Performance,Rentabilité financière,ROI,Retour sur investissement (ROI),%,14.0118
SFBT,2018-09-30,2018,9M,TND,Performance,Rentabilité financière,PERF_PLACEMENT,Performance placement,%,1881.5577
SFBT,2018-12-31,2018,FY,TND,Solidité,Liquidités,LIQ_GEN,Ratio de liquidité générale,x,3.3666
SFBT,2018-12-31,2018,FY,TND,Solidité,Liquidités,LIQ_RED,Ratio de liquidité réduite,x,2.6675
SFBT,2018-12-31,2018,FY,TND,Solidité,Liquidités,LIQ_IMM,Ratio de liquidité immédiate,x,1.5795
SFBT,2018-12-31,2018,FY,TND,Solidité,Liquidités,INT_DEF_RED,Intervalle défensif réduit,j,135.2613
SFBT,2018-12-31,2018,FY,TND,Solidité,Liquidités,INT_DEF,Intervalle défensif,j,198.9873
SFBT,2018-12-31,2018,FY,TND,Solidité,Liquidités,RFR,Ratio de fonds de roulement,%,17.1443
SFBT,2018-12-31,2018,FY,TND,Solidité,Liquidités,RBFR,Ratio de besoin en fonds de roulement,%,17.3042
SFBT,2018-12-31,2018,FY,TND,Solidité,Gestion des actifs,LEV_ECO,Ratio du levier économique,x,1.4993
SFBT,2018-12-31,2018,FY,TND,Solidité,Gestion des actifs,POIDS_IMMO,Poids des immobilisations,%,57.3372
SFBT,2018-12-31,2018,FY,TND,Solidité,Gestion des actifs,FIN_IMMO,Financement des immobilisations,x,1.299
SFBT,2018-12-31,2018,FY,TND,Solidité,Gestion des actifs,VETUSTE,Vétusté de l'actif,%,50.9754
SFBT,2018-12-31,2018,FY,TND,Solidité,Gestion des passifs,ENDET_GLOB,Ratio d'endettement global,%,23.3491
SFBT,2018-12-31,2018,FY,TND,Solidité,Gestion des passifs,ENDET_TERME,Ratio d'endettement à terme,%,11.6666
SFBT,2018-12-31,2018,FY,TND,Solidité,Gestion des passifs,INDEP_FIN,Ratio d'indépendance financière,%,76.6509
SFBT,2018-12-31,2018,FY,TND,Solidité,Gestion des passifs,COUV_CF,Couverture des charges financières,x,
SFBT,2018-12-31,2018,FY,TND,Solidité,Gestion des passifs,POIDS_CF,Poids des charges financières,%,0.0
SFBT,2018-12-31,2018,FY,TND,Solidité,Gestion des passifs,AUTO_FIN,Ratio d'autonomie financière,x,3.2828
SFBT,2018-12-31,2018,FY,TND,Solidité,Gestion des passifs,SOLVA,Ratio de solvabilité,x,4.9218
SFBT,2018-12-31,2018,FY,TND,Solidité,Ressources humaines,EFF_BRUT_RH,Efficacité brute des RH,x,5.3281
SFBT,2018-12-31,2018,FY,TND,Solidité,Ressources humaines,EFF_NET_RH,Efficacité nette des RH,x,4.24
SFBT,2018-12-31,2018,FY,TND,Solidité,Gestion des risques,CONAN_HOLDER,Score de Conan & Holder,score,0.4027
SFBT,2018-12-31,2018,FY,TND,Solidité,Gestion des risques,RISQ_PLACEMENT,Risque de placement,%,0.3975
SFBT,2018-12-31,2018,FY,TND,Solidité,Gestion des risques,RISQ_COMMERCIAL,Risque commercial,%,13.3851
SFBT,2018-12-31,2018,FY,TND,Solidité,Gestion des risques,CREDIT_FOURN,Crédits moyens fournisseurs,j,45.0509
SFBT,2018-12-31,2018,FY,TND,Solidité,Gestion des risques,CREDIT_CLIENT,Crédits moyens clients,j,41.055
SFBT,2018-12-31,2018,FY,TND,Performance,Rentabilité commerciale,RENT_COM,Rentabilité commerciale,%,20.4032
SFBT,2018-12-31,2018,FY,TND,Performance,Rentabilité commerciale,MARGE_NETTE,Ratio de la marge nette,%,18.7506
SFBT,2018-12-31,2018,FY,TND,Performance,Rentabilité commerciale,TAUX_MARQUE,Taux de marque,%,37.7571
SFBT,2018-12-31,2018,FY,TND,Performance,Rentabilité commerciale,ROT_CAP,Rotation des capitaux échangés,x,1.0659
SFBT,2018-12-31,2018,FY,TND,Performance,Rentabilité économique,ROA,Rendement de l'actif (ROA),%,13.3311
SFBT,2018-12-31,2018,FY,TND,Performance,Rentabilité économique,ROCE,Rentabilité du capital investi (ROCE),%,19.4761
SFBT,2018-12-31,2018,FY,TND,Performance,Rentabilité économique,REND_IMMO,Rendement brut des immobilisations,%,30.1402
SFBT,2018-12-31,2018,FY,TND,Performance,Rentabilité économique,REND_RES_STABLE,Rendement brut des ressources stables,%,23.2025
SFBT,2018-12-31,2018,FY,TND,Performance,Rentabilité d'exploitation,MARGE_BRUTE_EXPL,Marge brute d'exploitation,%,24.3069
SFBT,2018-12-31,2018,FY,TND,Performance,Rentabilité d'exploitation,MARGE_BENEF_EXPL,Marge bénéficiaire d'exploitation,%,20.4032
SFBT,2018-12-31,2018,FY,TND,Performance,Rentabilité opérationnelle,REND_GLOBAL_NET,Rendement global net,%,15.32
SFBT,2018-12-31,2018,FY,TND,Performance,Rentabilité opérationnelle,CREATION_VALEUR,Création de valeur annuelle,montant,78148895.0023
SFBT,2018-12-31,2018,FY,TND,Performance,Rentabilité opérationnelle,REND_PRODUCTION,Rendement de la production,%,22.1887
SFBT,2018-12-31,2018,FY,TND,Performance,Rentabilité opérationnelle,ROT_STOCKS,Ratio de rotation des stocks,x,4.6435
SFBT,2018-12-31,2018,FY,TND,Performance,Rentabilité opérationnelle,PROFIT_OP,Profit opérationnel,montant,132626351.458
SFBT,2018-12-31,2018,FY,TND,Performance,Rentabilité financière,ROE,Rentabilité des capitaux propres (ROE),%,19.9867
SFBT,2018-12-31,2018,FY,TND,Performance,Rentabilité financière,ROI,Retour sur investissement (ROI),%,13.3311
SFBT,2018-12-31,2018,FY,TND,Performance,Rentabilité financière,PERF_PLACEMENT,Performance placement,%,1910.2841
SFBT,2019-03-31,2019,T1,TND,Solidité,Liquidités,LIQ_GEN,Ratio de liquidité générale,x,2.6476
SFBT,2019-03-31,2019,T1,TND,Solidité,Liquidités,LIQ_RED,Ratio de liquidité réduite,x,1.9518
SFBT,2019-03-31,2019,T1,TND,Solidité,Liquidités,LIQ_IMM,Ratio de liquidité immédiate,x,0.9652
SFBT,2019-03-31,2019,T1,TND,Solidité,Liquidités,INT_DEF_RED,Intervalle défensif réduit,j,443.7228
SFBT,2019-03-31,2019,T1,TND,Solidité,Liquidités,INT_DEF,Intervalle défensif,j,771.4393
SFBT,2019-03-31,2019,T1,TND,Solidité,Liquidités,RFR,Ratio de fonds de roulement,%,19.1308
SFBT,2019-03-31,2019,T1,TND,Solidité,Liquidités,RBFR,Ratio de besoin en fonds de roulement,%,96.872
SFBT,2019-03-31,2019,T1,TND,Solidité,Gestion des actifs,LEV_ECO,Ratio du levier économique,x,1.4419
SFBT,2019-03-31,2019,T1,TND,Solidité,Gestion des actifs,POIDS_IMMO,Poids des immobilisations,%,58.54
SFBT,2019-03-31,2019,T1,TND,Solidité,Gestion des actifs,FIN_IMMO,Financement des immobilisations,x,1.3268
SFBT,2019-03-31,2019,T1,TND,Solidité,Gestion des actifs,VETUSTE,Vétusté de l'actif,%,51.3667
SFBT,2019-03-31,2019,T1,TND,Solidité,Gestion des passifs,ENDET_GLOB,Ratio d'endettement global,%,25.5421
SFBT,2019-03-31,2019,T1,TND,Solidité,Gestion des passifs,ENDET_TERME,Ratio d'endettement à terme,%,11.9928
SFBT,2019-03-31,2019,T1,TND,Solidité,Gestion des passifs,INDEP_FIN,Ratio d'indépendance financière,%,74.4579
SFBT,2019-03-31,2019,T1,TND,Solidité,Gestion des passifs,COUV_CF,Couverture des charges financières,x,59.5115
SFBT,2019-03-31,2019,T1,TND,Solidité,Gestion des passifs,POIDS_CF,Poids des charges financières,%,0.346
SFBT,2019-03-31,2019,T1,TND,Solidité,Gestion des passifs,AUTO_FIN,Ratio d'autonomie financière,x,2.9151
SFBT,2019-03-31,2019,T1,TND,Solidité,Gestion des passifs,SOLVA,Ratio de solvabilité,x,4.2033
SFBT,2019-03-31,2019,T1,TND,Solidité,Ressources humaines,EFF_BRUT_RH,Efficacité brute des RH,x,
SFBT,2019-03-31,2019,T1,TND,Solidité,Ressources humaines,EFF_NET_RH,Efficacité nette des RH,x,3.7493
SFBT,2019-03-31,2019,T1,TND,Solidité,Gestion des risques,CONAN_HOLDER,Score de Conan & Holder,score,
SFBT,2019-03-31,2019,T1,TND,Solidité,Gestion des risques,RISQ_PLACEMENT,Risque de placement,%,0.4176
SFBT,2019-03-31,2019,T1,TND,Solidité,Gestion des risques,RISQ_COMMERCIAL,Risque commercial,%,67.9313
SFBT,2019-03-31,2019,T1,TND,Solidité,Gestion des risques,CREDIT_FOURN,Crédits moyens fournisseurs,j,182.255
SFBT,2019-03-31,2019,T1,TND,Solidité,Gestion des risques,CREDIT_CLIENT,Crédits moyens clients,j,208.3608
SFBT,2019-03-31,2019,T1,TND,Performance,Rentabilité commerciale,RENT_COM,Rentabilité commerciale,%,20.5904
SFBT,2019-03-31,2019,T1,TND,Performance,Rentabilité commerciale,MARGE_NETTE,Ratio de la marge nette,%,40.0488
SFBT,2019-03-31,2019,T1,TND,Performance,Rentabilité commerciale,TAUX_MARQUE,Taux de marque,%,
SFBT,2019-03-31,2019,T1,TND,Performance,Rentabilité commerciale,ROT_CAP,Rotation des capitaux échangés,x,0.2407
SFBT,2019-03-31,2019,T1,TND,Performance,Rentabilité économique,ROA,Rendement de l'actif (ROA),%,6.6848
SFBT,2019-03-31,2019,T1,TND,Performance,Rentabilité économique,ROCE,Rentabilité du capital investi (ROCE),%,4.4249
SFBT,2019-03-31,2019,T1,TND,Performance,Rentabilité économique,REND_IMMO,Rendement brut des immobilisations,%,7.1901
SFBT,2019-03-31,2019,T1,TND,Performance,Rentabilité économique,REND_RES_STABLE,Rendement brut des ressources stables,%,5.4191
SFBT,2019-03-31,2019,T1,TND,Performance,Rentabilité d'exploitation,MARGE_BRUTE_EXPL,Marge brute d'exploitation,%,25.2167
SFBT,2019-03-31,2019,T1,TND,Performance,Rentabilité d'exploitation,MARGE_BENEF_EXPL,Marge bénéficiaire d'exploitation,%,20.5904
SFBT,2019-03-31,2019,T1,TND,Performance,Rentabilité opérationnelle,REND_GLOBAL_NET,Rendement global net,%,7.1768
SFBT,2019-03-31,2019,T1,TND,Performance,Rentabilité opérationnelle,CREATION_VALEUR,Création de valeur annuelle,montant,-24171017.6094
SFBT,2019-03-31,2019,T1,TND,Performance,Rentabilité opérationnelle,REND_PRODUCTION,Rendement de la production,%,
SFBT,2019-03-31,2019,T1,TND,Performance,Rentabilité opérationnelle,ROT_STOCKS,Ratio de rotation des stocks,x,0.9278
SFBT,2019-03-31,2019,T1,TND,Performance,Rentabilité opérationnelle,PROFIT_OP,Profit opérationnel,montant,29916597.586
SFBT,2019-03-31,2019,T1,TND,Performance,Rentabilité financière,ROE,Rentabilité des capitaux propres (ROE),%,9.6387
SFBT,2019-03-31,2019,T1,TND,Performance,Rentabilité financière,ROI,Retour sur investissement (ROI),%,6.6848
SFBT,2019-03-31,2019,T1,TND,Performance,Rentabilité financière,PERF_PLACEMENT,Performance placement,%,955.753
SFBT,2019-06-30,2019,S1,TND,Solidité,Liquidités,LIQ_GEN,Ratio de liquidité générale,x,2.11
SFBT,2019-06-30,2019,S1,TND,Solidité,Liquidités,LIQ_RED,Ratio de liquidité réduite,x,1.4166
SFBT,2019-06-30,2019,S1,TND,Solidité,Liquidités,LIQ_IMM,Ratio de liquidité immédiate,x,0.5058
SFBT,2019-06-30,2019,S1,TND,Solidité,Liquidités,INT_DEF_RED,Intervalle défensif réduit,j,136.1915
SFBT,2019-06-30,2019,S1,TND,Solidité,Liquidités,INT_DEF,Intervalle défensif,j,319.6792
SFBT,2019-06-30,2019,S1,TND,Solidité,Liquidités,RFR,Ratio de fonds de roulement,%,21.3536
SFBT,2019-06-30,2019,S1,TND,Solidité,Liquidités,RBFR,Ratio de besoin en fonds de roulement,%,58.2719
SFBT,2019-06-30,2019,S1,TND,Solidité,Gestion des actifs,LEV_ECO,Ratio du levier économique,x,1.3827
SFBT,2019-06-30,2019,S1,TND,Solidité,Gestion des actifs,POIDS_IMMO,Poids des immobilisations,%,59.8858
SFBT,2019-06-30,2019,S1,TND,Solidité,Gestion des actifs,FIN_IMMO,Financement des immobilisations,x,1.3566
SFBT,2019-06-30,2019,S1,TND,Solidité,Gestion des actifs,VETUSTE,Vétusté de l'actif,%,51.7902
SFBT,2019-06-30,2019,S1,TND,Solidité,Gestion des passifs,ENDET_GLOB,Ratio d'endettement global,%,27.6775
SFBT,2019-06-30,2019,S1,TND,Solidité,Gestion des passifs,ENDET_TERME,Ratio d'endettement à terme,%,12.3294
SFBT,2019-06-30,2019,S1,TND,Solidité,Gestion des passifs,INDEP_FIN,Ratio d'indépendance financière,%,72.3225
SFBT,2019-06-30,2019,S1,TND,Solidité,Gestion des passifs,COUV_CF,Couverture des charges financières,x,59.5115
SFBT,2019-06-30,2019,S1,TND,Solidité,Gestion des passifs,POIDS_CF,Poids des charges financières,%,0.346
SFBT,2019-06-30,2019,S1,TND,Solidité,Gestion des passifs,AUTO_FIN,Ratio d'autonomie financière,x,2.613
SFBT,2019-06-30,2019,S1,TND,Solidité,Gestion des passifs,SOLVA,Ratio de solvabilité,x,3.613
SFBT,2019-06-30,2019,S1,TND,Solidité,Ressources humaines,EFF_BRUT_RH,Efficacité brute des RH,x,
SFBT,2019-06-30,2019,S1,TND,Solidité,Ressources humaines,EFF_NET_RH,Efficacité nette des RH,x,3.7493
SFBT,2019-06-30,2019,S1,TND,Solidité,Gestion des risques,CONAN_HOLDER,Score de Conan & Holder,score,
SFBT,2019-06-30,2019,S1,TND,Solidité,Gestion des risques,RISQ_PLACEMENT,Risque de placement,%,0.4399
SFBT,2019-06-30,2019,S1,TND,Solidité,Gestion des risques,RISQ_COMMERCIAL,Risque commercial,%,38.0346
SFBT,2019-06-30,2019,S1,TND,Solidité,Gestion des risques,CREDIT_FOURN,Crédits moyens fournisseurs,j,85.8208
SFBT,2019-06-30,2019,S1,TND,Solidité,Gestion des risques,CREDIT_CLIENT,Crédits moyens clients,j,116.6607
SFBT,2019-06-30,2019,S1,TND,Performance,Rentabilité commerciale,RENT_COM,Rentabilité commerciale,%,20.5904
SFBT,2019-06-30,2019,S1,TND,Performance,Rentabilité commerciale,MARGE_NETTE,Ratio de la marge nette,%,40.0488
SFBT,2019-06-30,2019,S1,TND,Performance,Rentabilité commerciale,TAUX_MARQUE,Taux de marque,%,
SFBT,2019-06-30,2019,S1,TND,Performance,Rentabilité commerciale,ROT_CAP,Rotation des capitaux échangés,x,0.4863
SFBT,2019-06-30,2019,S1,TND,Performance,Rentabilité économique,ROA,Rendement de l'actif (ROA),%,14.0865
SFBT,2019-06-30,2019,S1,TND,Performance,Rentabilité économique,ROCE,Rentabilité du capital investi (ROCE),%,8.9148
SFBT,2019-06-30,2019,S1,TND,Performance,Rentabilité économique,REND_IMMO,Rendement brut des immobilisations,%,14.8108
SFBT,2019-06-30,2019,S1,TND,Performance,Rentabilité économique,REND_RES_STABLE,Rendement brut des ressources stables,%,10.9178
SFBT,2019-06-30,2019,S1,TND,Performance,Rentabilité d'exploitation,MARGE_BRUTE_EXPL,Marge brute d'exploitation,%,25.2167
SFBT,2019-06-30,2019,S1,TND,Performance,Rentabilité d'exploitation,MARGE_BENEF_EXPL,Marge bénéficiaire d'exploitation,%,20.5904
SFBT,2019-06-30,2019,S1,TND,Performance,Rentabilité opérationnelle,REND_GLOBAL_NET,Rendement global net,%,14.0865
SFBT,2019-06-30,2019,S1,TND,Performance,Rentabilité opérationnelle,CREATION_VALEUR,Création de valeur annuelle,montant,6139752.8066
SFBT,2019-06-30,2019,S1,TND,Performance,Rentabilité opérationnelle,REND_PRODUCTION,Rendement de la production,%,
SFBT,2019-06-30,2019,S1,TND,Performance,Rentabilité opérationnelle,ROT_STOCKS,Ratio de rotation des stocks,x,1.6183
SFBT,2019-06-30,2019,S1,TND,Performance,Rentabilité opérationnelle,PROFIT_OP,Profit opérationnel,montant,59833195.172
SFBT,2019-06-30,2019,S1,TND,Performance,Rentabilité financière,ROE,Rentabilité des capitaux propres (ROE),%,19.4774
SFBT,2019-06-30,2019,S1,TND,Performance,Rentabilité financière,ROI,Retour sur investissement (ROI),%,14.0865
SFBT,2019-06-30,2019,S1,TND,Performance,Rentabilité financière,PERF_PLACEMENT,Performance placement,%,1911.5061
SFBT,2019-09-30,2019,9M,TND,Solidité,Liquidités,LIQ_GEN,Ratio de liquidité générale,x,2.0817
SFBT,2019-09-30,2019,9M,TND,Solidité,Liquidités,LIQ_RED,Ratio de liquidité réduite,x,1.4563
SFBT,2019-09-30,2019,9M,TND,Solidité,Liquidités,LIQ_IMM,Ratio de liquidité immédiate,x,0.672
SFBT,2019-09-30,2019,9M,TND,Solidité,Liquidités,INT_DEF_RED,Intervalle défensif réduit,j,103.5291
SFBT,2019-09-30,2019,9M,TND,Solidité,Liquidités,INT_DEF,Intervalle défensif,j,195.6026
SFBT,2019-09-30,2019,9M,TND,Solidité,Liquidités,RFR,Ratio de fonds de roulement,%,28.0804
SFBT,2019-09-30,2019,9M,TND,Solidité,Liquidités,RBFR,Ratio de besoin en fonds de roulement,%,27.0055
SFBT,2019-09-30,2019,9M,TND,Solidité,Gestion des actifs,LEV_ECO,Ratio du levier économique,x,1.2607
SFBT,2019-09-30,2019,9M,TND,Solidité,Gestion des actifs,POIDS_IMMO,Poids des immobilisations,%,60.522
SFBT,2019-09-30,2019,9M,TND,Solidité,Gestion des actifs,FIN_IMMO,Financement des immobilisations,x,1.464
SFBT,2019-09-30,2019,9M,TND,Solidité,Gestion des actifs,VETUSTE,Vétusté de l'actif,%,51.2871
SFBT,2019-09-30,2019,9M,TND,Solidité,Gestion des passifs,ENDET_GLOB,Ratio d'endettement global,%,26.0857
SFBT,2019-09-30,2019,9M,TND,Solidité,Gestion des passifs,ENDET_TERME,Ratio d'endettement à terme,%,11.6967
SFBT,2019-09-30,2019,9M,TND,Solidité,Gestion des passifs,INDEP_FIN,Ratio d'indépendance financière,%,73.9143
SFBT,2019-09-30,2019,9M,TND,Solidité,Gestion des passifs,COUV_CF,Couverture des charges financières,x,49.887
SFBT,2019-09-30,2019,9M,TND,Solidité,Gestion des passifs,POIDS_CF,Poids des charges financières,%,0.4497
SFBT,2019-09-30,2019,9M,TND,Solidité,Gestion des passifs,AUTO_FIN,Ratio d'autonomie financière,x,2.8335
SFBT,2019-09-30,2019,9M,TND,Solidité,Gestion des passifs,SOLVA,Ratio de solvabilité,x,3.5721
SFBT,2019-09-30,2019,9M,TND,Solidité,Ressources humaines,EFF_BRUT_RH,Efficacité brute des RH,x,
SFBT,2019-09-30,2019,9M,TND,Solidité,Ressources humaines,EFF_NET_RH,Efficacité nette des RH,x,4.6742
SFBT,2019-09-30,2019,9M,TND,Solidité,Gestion des risques,CONAN_HOLDER,Score de Conan & Holder,score,
SFBT,2019-09-30,2019,9M,TND,Solidité,Gestion des risques,RISQ_PLACEMENT,Risque de placement,%,0.4482
SFBT,2019-09-30,2019,9M,TND,Solidité,Gestion des risques,RISQ_COMMERCIAL,Risque commercial,%,18.7526
SFBT,2019-09-30,2019,9M,TND,Solidité,Gestion des risques,CREDIT_FOURN,Crédits moyens fournisseurs,j,57.8885
SFBT,2019-09-30,2019,9M,TND,Solidité,Gestion des risques,CREDIT_CLIENT,Crédits moyens clients,j,57.5184
SFBT,2019-09-30,2019,9M,TND,Performance,Rentabilité commerciale,RENT_COM,Rentabilité commerciale,%,22.4364
SFBT,2019-09-30,2019,9M,TND,Performance,Rentabilité commerciale,MARGE_NETTE,Ratio de la marge nette,%,26.8954
SFBT,2019-09-30,2019,9M,TND,Performance,Rentabilité commerciale,TAUX_MARQUE,Taux de marque,%,
SFBT,2019-09-30,2019,9M,TND,Performance,Rentabilité commerciale,ROT_CAP,Rotation des capitaux échangés,x,0.7788
SFBT,2019-09-30,2019,9M,TND,Performance,Rentabilité économique,ROA,Rendement de l'actif (ROA),%,16.6146
SFBT,2019-09-30,2019,9M,TND,Performance,Rentabilité économique,ROCE,Rentabilité du capital investi (ROCE),%,15.643
SFBT,2019-09-30,2019,9M,TND,Performance,Rentabilité économique,REND_IMMO,Rendement brut des immobilisations,%,27.1287
SFBT,2019-09-30,2019,9M,TND,Performance,Rentabilité économique,REND_RES_STABLE,Rendement brut des ressources stables,%,18.5309
SFBT,2019-09-30,2019,9M,TND,Performance,Rentabilité d'exploitation,MARGE_BRUTE_EXPL,Marge brute d'exploitation,%,26.5786
SFBT,2019-09-30,2019,9M,TND,Performance,Rentabilité d'exploitation,MARGE_BENEF_EXPL,Marge bénéficiaire d'exploitation,%,22.4364
SFBT,2019-09-30,2019,9M,TND,Performance,Rentabilité opérationnelle,REND_GLOBAL_NET,Rendement global net,%,15.4815
SFBT,2019-09-30,2019,9M,TND,Performance,Rentabilité opérationnelle,CREATION_VALEUR,Création de valeur annuelle,montant,54911001.1744
SFBT,2019-09-30,2019,9M,TND,Performance,Rentabilité opérationnelle,REND_PRODUCTION,Rendement de la production,%,
SFBT,2019-09-30,2019,9M,TND,Performance,Rentabilité opérationnelle,ROT_STOCKS,Ratio de rotation des stocks,x,2.9907
SFBT,2019-09-30,2019,9M,TND,Performance,Rentabilité opérationnelle,PROFIT_OP,Profit opérationnel,montant,112387172.618
SFBT,2019-09-30,2019,9M,TND,Performance,Rentabilité financière,ROE,Rentabilité des capitaux propres (ROE),%,20.9452
SFBT,2019-09-30,2019,9M,TND,Performance,Rentabilité financière,ROI,Retour sur investissement (ROI),%,16.6146
SFBT,2019-09-30,2019,9M,TND,Performance,Rentabilité financière,PERF_PLACEMENT,Performance placement,%,1984.0283
SFBT,2019-12-31,2019,FY,TND,Solidité,Liquidités,LIQ_GEN,Ratio de liquidité générale,x,2.0523
SFBT,2019-12-31,2019,FY,TND,Solidité,Liquidités,LIQ_RED,Ratio de liquidité réduite,x,1.4978
SFBT,2019-12-31,2019,FY,TND,Solidité,Liquidités,LIQ_IMM,Ratio de liquidité immédiate,x,0.8454
SFBT,2019-12-31,2019,FY,TND,Solidité,Liquidités,INT_DEF_RED,Intervalle défensif réduit,j,89.8481
SFBT,2019-12-31,2019,FY,TND,Solidité,Liquidités,INT_DEF,Intervalle défensif,j,143.6318
SFBT,2019-12-31,2019,FY,TND,Solidité,Liquidités,RFR,Ratio de fonds de roulement,%,35.0658
SFBT,2019-12-31,2019,FY,TND,Solidité,Liquidités,RBFR,Ratio de besoin en fonds de roulement,%,14.2312
SFBT,2019-12-31,2019,FY,TND,Solidité,Gestion des actifs,LEV_ECO,Ratio du levier économique,x,1.1548
SFBT,2019-12-31,2019,FY,TND,Solidité,Gestion des actifs,POIDS_IMMO,Poids des immobilisations,%,61.1825
SFBT,2019-12-31,2019,FY,TND,Solidité,Gestion des actifs,FIN_IMMO,Financement des immobilisations,x,1.5731
SFBT,2019-12-31,2019,FY,TND,Solidité,Gestion des actifs,VETUSTE,Vétusté de l'actif,%,50.7673
SFBT,2019-12-31,2019,FY,TND,Solidité,Gestion des passifs,ENDET_GLOB,Ratio d'endettement global,%,24.6473
SFBT,2019-12-31,2019,FY,TND,Solidité,Gestion des passifs,ENDET_TERME,Ratio d'endettement à terme,%,11.148
SFBT,2019-12-31,2019,FY,TND,Solidité,Gestion des passifs,INDEP_FIN,Ratio d'indépendance financière,%,75.3527
SFBT,2019-12-31,2019,FY,TND,Solidité,Gestion des passifs,COUV_CF,Couverture des charges financières,x,
SFBT,2019-12-31,2019,FY,TND,Solidité,Gestion des passifs,POIDS_CF,Poids des charges financières,%,0.0
SFBT,2019-12-31,2019,FY,TND,Solidité,Gestion des passifs,AUTO_FIN,Ratio d'autonomie financière,x,3.0572
SFBT,2019-12-31,2019,FY,TND,Solidité,Gestion des passifs,SOLVA,Ratio de solvabilité,x,3.5305
SFBT,2019-12-31,2019,FY,TND,Solidité,Ressources humaines,EFF_BRUT_RH,Efficacité brute des RH,x,6.2494
SFBT,2019-12-31,2019,FY,TND,Solidité,Ressources humaines,EFF_NET_RH,Efficacité nette des RH,x,5.1572
SFBT,2019-12-31,2019,FY,TND,Solidité,Gestion des risques,CONAN_HOLDER,Score de Conan & Holder,score,0.446
SFBT,2019-12-31,2019,FY,TND,Solidité,Gestion des risques,RISQ_PLACEMENT,Risque de placement,%,0.4569
SFBT,2019-12-31,2019,FY,TND,Solidité,Gestion des risques,RISQ_COMMERCIAL,Risque commercial,%,10.8746
SFBT,2019-12-31,2019,FY,TND,Solidité,Gestion des risques,CREDIT_FOURN,Crédits moyens fournisseurs,j,45.5538
SFBT,2019-12-31,2019,FY,TND,Solidité,Gestion des risques,CREDIT_CLIENT,Crédits moyens clients,j,33.3549
SFBT,2019-12-31,2019,FY,TND,Performance,Rentabilité commerciale,RENT_COM,Rentabilité commerciale,%,23.1906
SFBT,2019-12-31,2019,FY,TND,Performance,Rentabilité commerciale,MARGE_NETTE,Ratio de la marge nette,%,21.5214
SFBT,2019-12-31,2019,FY,TND,Performance,Rentabilité commerciale,TAUX_MARQUE,Taux de marque,%,39.6624
SFBT,2019-12-31,2019,FY,TND,Performance,Rentabilité commerciale,ROT_CAP,Rotation des capitaux échangés,x,1.0324
SFBT,2019-12-31,2019,FY,TND,Performance,Rentabilité économique,ROA,Rendement de l'actif (ROA),%,19.2398
SFBT,2019-12-31,2019,FY,TND,Performance,Rentabilité économique,ROCE,Rentabilité du capital investi (ROCE),%,21.5402
SFBT,2019-12-31,2019,FY,TND,Performance,Rentabilité économique,REND_IMMO,Rendement brut des immobilisations,%,39.649
SFBT,2019-12-31,2019,FY,TND,Performance,Rentabilité économique,REND_RES_STABLE,Rendement brut des ressources stables,%,25.2038
SFBT,2019-12-31,2019,FY,TND,Performance,Rentabilité d'exploitation,MARGE_BRUTE_EXPL,Marge brute d'exploitation,%,27.135
SFBT,2019-12-31,2019,FY,TND,Performance,Rentabilité d'exploitation,MARGE_BENEF_EXPL,Marge bénéficiaire d'exploitation,%,23.1906
SFBT,2019-12-31,2019,FY,TND,Performance,Rentabilité opérationnelle,REND_GLOBAL_NET,Rendement global net,%,16.7421
SFBT,2019-12-31,2019,FY,TND,Performance,Rentabilité opérationnelle,CREATION_VALEUR,Création de valeur annuelle,montant,103682249.5413
SFBT,2019-12-31,2019,FY,TND,Performance,Rentabilité opérationnelle,REND_PRODUCTION,Rendement de la production,%,25.2707
SFBT,2019-12-31,2019,FY,TND,Performance,Rentabilité opérationnelle,ROT_STOCKS,Ratio de rotation des stocks,x,4.7816
SFBT,2019-12-31,2019,FY,TND,Performance,Rentabilité opérationnelle,PROFIT_OP,Profit opérationnel,montant,164941150.063
SFBT,2019-12-31,2019,FY,TND,Performance,Rentabilité financière,ROE,Rentabilité des capitaux propres (ROE),%,22.2183
SFBT,2019-12-31,2019,FY,TND,Performance,Rentabilité financière,ROI,Retour sur investissement (ROI),%,19.2398
SFBT,2019-12-31,2019,FY,TND,Performance,Rentabilité financière,PERF_PLACEMENT,Performance placement,%,2056.5505
SFBT,2020-03-31,2020,T1,TND,Solidité,Liquidités,LIQ_GEN,Ratio de liquidité générale,x,2.6352
SFBT,2020-03-31,2020,T1,TND,Solidité,Liquidités,LIQ_RED,Ratio de liquidité réduite,x,2.0352
SFBT,2020-03-31,2020,T1,TND,Solidité,Liquidités,LIQ_IMM,Ratio de liquidité immédiate,x,1.0837
SFBT,2020-03-31,2020,T1,TND,Solidité,Liquidités,INT_DEF_RED,Intervalle défensif réduit,j,531.1711
SFBT,2020-03-31,2020,T1,TND,Solidité,Liquidités,INT_DEF,Intervalle défensif,j,862.5297
SFBT,2020-03-31,2020,T1,TND,Solidité,Liquidités,RFR,Ratio de fonds de roulement,%,34.3226
SFBT,2020-03-31,2020,T1,TND,Solidité,Liquidités,RBFR,Ratio de besoin en fonds de roulement,%,92.1888
SFBT,2020-03-31,2020,T1,TND,Solidité,Gestion des actifs,LEV_ECO,Ratio du levier économique,x,1.2312
SFBT,2020-03-31,2020,T1,TND,Solidité,Gestion des actifs,POIDS_IMMO,Poids des immobilisations,%,55.3445
SFBT,2020-03-31,2020,T1,TND,Solidité,Gestion des actifs,FIN_IMMO,Financement des immobilisations,x,1.6202
SFBT,2020-03-31,2020,T1,TND,Solidité,Gestion des actifs,VETUSTE,Vétusté de l'actif,%,51.3429
SFBT,2020-03-31,2020,T1,TND,Solidité,Gestion des passifs,ENDET_GLOB,Ratio d'endettement global,%,23.6972
SFBT,2020-03-31,2020,T1,TND,Solidité,Gestion des passifs,ENDET_TERME,Ratio d'endettement à terme,%,10.394
SFBT,2020-03-31,2020,T1,TND,Solidité,Gestion des passifs,INDEP_FIN,Ratio d'indépendance financière,%,76.3028
SFBT,2020-03-31,2020,T1,TND,Solidité,Gestion des passifs,COUV_CF,Couverture des charges financières,x,138.4957
SFBT,2020-03-31,2020,T1,TND,Solidité,Gestion des passifs,POIDS_CF,Poids des charges financières,%,0.1536
SFBT,2020-03-31,2020,T1,TND,Solidité,Gestion des passifs,AUTO_FIN,Ratio d'autonomie financière,x,3.2199
SFBT,2020-03-31,2020,T1,TND,Solidité,Gestion des passifs,SOLVA,Ratio de solvabilité,x,3.9642
SFBT,2020-03-31,2020,T1,TND,Solidité,Ressources humaines,EFF_BRUT_RH,Efficacité brute des RH,x,
SFBT,2020-03-31,2020,T1,TND,Solidité,Ressources humaines,EFF_NET_RH,Efficacité nette des RH,x,3.9416
SFBT,2020-03-31,2020,T1,TND,Solidité,Gestion des risques,CONAN_HOLDER,Score de Conan & Holder,score,
SFBT,2020-03-31,2020,T1,TND,Solidité,Gestion des risques,RISQ_PLACEMENT,Risque de placement,%,0.1987
SFBT,2020-03-31,2020,T1,TND,Solidité,Gestion des risques,RISQ_COMMERCIAL,Risque commercial,%,68.2264
SFBT,2020-03-31,2020,T1,TND,Solidité,Gestion des risques,CREDIT_FOURN,Crédits moyens fournisseurs,j,191.3857
SFBT,2020-03-31,2020,T1,TND,Solidité,Gestion des risques,CREDIT_CLIENT,Crédits moyens clients,j,209.2659
SFBT,2020-03-31,2020,T1,TND,Performance,Rentabilité commerciale,RENT_COM,Rentabilité commerciale,%,21.2748
SFBT,2020-03-31,2020,T1,TND,Performance,Rentabilité commerciale,MARGE_NETTE,Ratio de la marge nette,%,37.7371
SFBT,2020-03-31,2020,T1,TND,Performance,Rentabilité commerciale,TAUX_MARQUE,Taux de marque,%,
SFBT,2020-03-31,2020,T1,TND,Performance,Rentabilité commerciale,ROT_CAP,Rotation des capitaux échangés,x,0.207
SFBT,2020-03-31,2020,T1,TND,Performance,Rentabilité économique,ROA,Rendement de l'actif (ROA),%,6.3445
SFBT,2020-03-31,2020,T1,TND,Performance,Rentabilité économique,ROCE,Rentabilité du capital investi (ROCE),%,3.989
SFBT,2020-03-31,2020,T1,TND,Performance,Rentabilité économique,REND_IMMO,Rendement brut des immobilisations,%,7.8292
SFBT,2020-03-31,2020,T1,TND,Performance,Rentabilité économique,REND_RES_STABLE,Rendement brut des ressources stables,%,4.8323
SFBT,2020-03-31,2020,T1,TND,Performance,Rentabilité d'exploitation,MARGE_BRUTE_EXPL,Marge brute d'exploitation,%,25.7728
SFBT,2020-03-31,2020,T1,TND,Performance,Rentabilité d'exploitation,MARGE_BENEF_EXPL,Marge bénéficiaire d'exploitation,%,21.2748
SFBT,2020-03-31,2020,T1,TND,Performance,Rentabilité opérationnelle,REND_GLOBAL_NET,Rendement global net,%,5.96
SFBT,2020-03-31,2020,T1,TND,Performance,Rentabilité opérationnelle,CREATION_VALEUR,Création de valeur annuelle,montant,-33090331.2611
SFBT,2020-03-31,2020,T1,TND,Performance,Rentabilité opérationnelle,REND_PRODUCTION,Rendement de la production,%,
SFBT,2020-03-31,2020,T1,TND,Performance,Rentabilité opérationnelle,ROT_STOCKS,Ratio de rotation des stocks,x,0.9615
SFBT,2020-03-31,2020,T1,TND,Performance,Rentabilité opérationnelle,PROFIT_OP,Profit opérationnel,montant,32908117.707
SFBT,2020-03-31,2020,T1,TND,Performance,Rentabilité financière,ROE,Rentabilité des capitaux propres (ROE),%,7.811
SFBT,2020-03-31,2020,T1,TND,Performance,Rentabilité financière,ROI,Retour sur investissement (ROI),%,6.3445
SFBT,2020-03-31,2020,T1,TND,Performance,Rentabilité financière,PERF_PLACEMENT,Performance placement,%,1885.5656
SFBT,2020-06-30,2020,S1,TND,Solidité,Liquidités,LIQ_GEN,Ratio de liquidité générale,x,3.1755
SFBT,2020-06-30,2020,S1,TND,Solidité,Liquidités,LIQ_RED,Ratio de liquidité réduite,x,2.5332
SFBT,2020-06-30,2020,S1,TND,Solidité,Liquidités,LIQ_IMM,Ratio de liquidité immédiate,x,1.3046
SFBT,2020-06-30,2020,S1,TND,Solidité,Liquidités,INT_DEF_RED,Intervalle défensif réduit,j,328.3252
SFBT,2020-06-30,2020,S1,TND,Solidité,Liquidités,INT_DEF,Intervalle défensif,j,538.2586
SFBT,2020-06-30,2020,S1,TND,Solidité,Liquidités,RFR,Ratio de fonds de roulement,%,33.7564
SFBT,2020-06-30,2020,S1,TND,Solidité,Liquidités,RBFR,Ratio de besoin en fonds de roulement,%,59.4706
SFBT,2020-06-30,2020,S1,TND,Solidité,Gestion des actifs,LEV_ECO,Ratio du levier économique,x,1.2964
SFBT,2020-06-30,2020,S1,TND,Solidité,Gestion des actifs,POIDS_IMMO,Poids des immobilisations,%,50.8978
SFBT,2020-06-30,2020,S1,TND,Solidité,Gestion des actifs,FIN_IMMO,Financement des immobilisations,x,1.6632
SFBT,2020-06-30,2020,S1,TND,Solidité,Gestion des actifs,VETUSTE,Vétusté de l'actif,%,51.846
SFBT,2020-06-30,2020,S1,TND,Solidité,Gestion des passifs,ENDET_GLOB,Ratio d'endettement global,%,22.8657
SFBT,2020-06-30,2020,S1,TND,Solidité,Gestion des passifs,ENDET_TERME,Ratio d'endettement à terme,%,9.7492
SFBT,2020-06-30,2020,S1,TND,Solidité,Gestion des passifs,INDEP_FIN,Ratio d'indépendance financière,%,77.1343
SFBT,2020-06-30,2020,S1,TND,Solidité,Gestion des passifs,COUV_CF,Couverture des charges financières,x,138.4957
SFBT,2020-06-30,2020,S1,TND,Solidité,Gestion des passifs,POIDS_CF,Poids des charges financières,%,0.1536
SFBT,2020-06-30,2020,S1,TND,Solidité,Gestion des passifs,AUTO_FIN,Ratio d'autonomie financière,x,3.3734
SFBT,2020-06-30,2020,S1,TND,Solidité,Gestion des passifs,SOLVA,Ratio de solvabilité,x,4.3734
SFBT,2020-06-30,2020,S1,TND,Solidité,Ressources humaines,EFF_BRUT_RH,Efficacité brute des RH,x,
SFBT,2020-06-30,2020,S1,TND,Solidité,Ressources humaines,EFF_NET_RH,Efficacité nette des RH,x,3.9416
SFBT,2020-06-30,2020,S1,TND,Solidité,Gestion des risques,CONAN_HOLDER,Score de Conan & Holder,score,
SFBT,2020-06-30,2020,S1,TND,Solidité,Gestion des risques,RISQ_PLACEMENT,Risque de placement,%,0.0021
SFBT,2020-06-30,2020,S1,TND,Solidité,Gestion des risques,RISQ_COMMERCIAL,Risque commercial,%,43.2251
SFBT,2020-06-30,2020,S1,TND,Solidité,Gestion des risques,CREDIT_FOURN,Crédits moyens fournisseurs,j,90.6926
SFBT,2020-06-30,2020,S1,TND,Solidité,Gestion des risques,CREDIT_CLIENT,Crédits moyens clients,j,132.5812
SFBT,2020-06-30,2020,S1,TND,Performance,Rentabilité commerciale,RENT_COM,Rentabilité commerciale,%,21.2748
SFBT,2020-06-30,2020,S1,TND,Performance,Rentabilité commerciale,MARGE_NETTE,Ratio de la marge nette,%,37.7371
SFBT,2020-06-30,2020,S1,TND,Performance,Rentabilité commerciale,TAUX_MARQUE,Taux de marque,%,
SFBT,2020-06-30,2020,S1,TND,Performance,Rentabilité commerciale,ROT_CAP,Rotation des capitaux échangés,x,0.384
SFBT,2020-06-30,2020,S1,TND,Performance,Rentabilité économique,ROA,Rendement de l'actif (ROA),%,11.1769
SFBT,2020-06-30,2020,S1,TND,Performance,Rentabilité économique,ROCE,Rentabilité du capital investi (ROCE),%,7.4434
SFBT,2020-06-30,2020,S1,TND,Performance,Rentabilité économique,REND_IMMO,Rendement brut des immobilisations,%,14.9974
SFBT,2020-06-30,2020,S1,TND,Performance,Rentabilité économique,REND_RES_STABLE,Rendement brut des ressources stables,%,9.0171
SFBT,2020-06-30,2020,S1,TND,Performance,Rentabilité d'exploitation,MARGE_BRUTE_EXPL,Marge brute d'exploitation,%,25.7728
SFBT,2020-06-30,2020,S1,TND,Performance,Rentabilité d'exploitation,MARGE_BENEF_EXPL,Marge bénéficiaire d'exploitation,%,21.2748
SFBT,2020-06-30,2020,S1,TND,Performance,Rentabilité opérationnelle,REND_GLOBAL_NET,Rendement global net,%,11.1769
SFBT,2020-06-30,2020,S1,TND,Performance,Rentabilité opérationnelle,CREATION_VALEUR,Création de valeur annuelle,montant,-4921761.9995
SFBT,2020-06-30,2020,S1,TND,Performance,Rentabilité opérationnelle,REND_PRODUCTION,Rendement de la production,%,
SFBT,2020-06-30,2020,S1,TND,Performance,Rentabilité opérationnelle,ROT_STOCKS,Ratio de rotation des stocks,x,1.7308
SFBT,2020-06-30,2020,S1,TND,Performance,Rentabilité opérationnelle,PROFIT_OP,Profit opérationnel,montant,65816235.415
SFBT,2020-06-30,2020,S1,TND,Performance,Rentabilité financière,ROE,Rentabilité des capitaux propres (ROE),%,14.4902
SFBT,2020-06-30,2020,S1,TND,Performance,Rentabilité financière,ROI,Retour sur investissement (ROI),%,11.1769
SFBT,2020-06-30,2020,S1,TND,Performance,Rentabilité financière,PERF_PLACEMENT,Performance placement,%,308498.173
SFBT,2020-09-30,2020,9M,TND,Solidité,Liquidités,LIQ_GEN,Ratio de liquidité générale,x,2.9098
SFBT,2020-09-30,2020,9M,TND,Solidité,Liquidités,LIQ_RED,Ratio de liquidité réduite,x,2.3412
SFBT,2020-09-30,2020,9M,TND,Solidité,Liquidités,LIQ_IMM,Ratio de liquidité immédiate,x,1.3781
SFBT,2020-09-30,2020,9M,TND,Solidité,Liquidités,INT_DEF_RED,Intervalle défensif réduit,j,209.5902
SFBT,2020-09-30,2020,9M,TND,Solidité,Liquidités,INT_DEF,Intervalle défensif,j,312.9572
SFBT,2020-09-30,2020,9M,TND,Solidité,Liquidités,RFR,Ratio de fonds de roulement,%,30.9076
SFBT,2020-09-30,2020,9M,TND,Solidité,Liquidités,RBFR,Ratio de besoin en fonds de roulement,%,28.1852
SFBT,2020-09-30,2020,9M,TND,Solidité,Gestion des actifs,LEV_ECO,Ratio du levier économique,x,1.314
SFBT,2020-09-30,2020,9M,TND,Solidité,Gestion des actifs,POIDS_IMMO,Poids des immobilisations,%,53.1097
SFBT,2020-09-30,2020,9M,TND,Solidité,Gestion des actifs,FIN_IMMO,Financement des immobilisations,x,1.582
SFBT,2020-09-30,2020,9M,TND,Solidité,Gestion des actifs,VETUSTE,Vétusté de l'actif,%,51.7683
SFBT,2020-09-30,2020,9M,TND,Solidité,Gestion des passifs,ENDET_GLOB,Ratio d'endettement global,%,23.8974
SFBT,2020-09-30,2020,9M,TND,Solidité,Gestion des passifs,ENDET_TERME,Ratio d'endettement à terme,%,10.4001
SFBT,2020-09-30,2020,9M,TND,Solidité,Gestion des passifs,INDEP_FIN,Ratio d'indépendance financière,%,76.1026
SFBT,2020-09-30,2020,9M,TND,Solidité,Gestion des passifs,COUV_CF,Couverture des charges financières,x,167.5482
SFBT,2020-09-30,2020,9M,TND,Solidité,Gestion des passifs,POIDS_CF,Poids des charges financières,%,0.1359
SFBT,2020-09-30,2020,9M,TND,Solidité,Gestion des passifs,AUTO_FIN,Ratio d'autonomie financière,x,3.1846
SFBT,2020-09-30,2020,9M,TND,Solidité,Gestion des passifs,SOLVA,Ratio de solvabilité,x,4.1846
SFBT,2020-09-30,2020,9M,TND,Solidité,Ressources humaines,EFF_BRUT_RH,Efficacité brute des RH,x,
SFBT,2020-09-30,2020,9M,TND,Solidité,Ressources humaines,EFF_NET_RH,Efficacité nette des RH,x,4.9404
SFBT,2020-09-30,2020,9M,TND,Solidité,Gestion des risques,CONAN_HOLDER,Score de Conan & Holder,score,
SFBT,2020-09-30,2020,9M,TND,Solidité,Gestion des risques,RISQ_PLACEMENT,Risque de placement,%,0.1814
SFBT,2020-09-30,2020,9M,TND,Solidité,Gestion des risques,RISQ_COMMERCIAL,Risque commercial,%,20.8102
SFBT,2020-09-30,2020,9M,TND,Solidité,Gestion des risques,CREDIT_FOURN,Crédits moyens fournisseurs,j,56.3089
SFBT,2020-09-30,2020,9M,TND,Solidité,Gestion des risques,CREDIT_CLIENT,Crédits moyens clients,j,63.8296
SFBT,2020-09-30,2020,9M,TND,Performance,Rentabilité commerciale,RENT_COM,Rentabilité commerciale,%,22.7713
SFBT,2020-09-30,2020,9M,TND,Performance,Rentabilité commerciale,MARGE_NETTE,Ratio de la marge nette,%,29.9508
SFBT,2020-09-30,2020,9M,TND,Performance,Rentabilité commerciale,TAUX_MARQUE,Taux de marque,%,
SFBT,2020-09-30,2020,9M,TND,Performance,Rentabilité commerciale,ROT_CAP,Rotation des capitaux échangés,x,0.6916
SFBT,2020-09-30,2020,9M,TND,Performance,Rentabilité économique,ROA,Rendement de l'actif (ROA),%,15.763
SFBT,2020-09-30,2020,9M,TND,Performance,Rentabilité économique,ROCE,Rentabilité du capital investi (ROCE),%,14.2642
SFBT,2020-09-30,2020,9M,TND,Performance,Rentabilité économique,REND_IMMO,Rendement brut des immobilisations,%,27.1003
SFBT,2020-09-30,2020,9M,TND,Performance,Rentabilité économique,REND_RES_STABLE,Rendement brut des ressources stables,%,17.1308
SFBT,2020-09-30,2020,9M,TND,Performance,Rentabilité d'exploitation,MARGE_BRUTE_EXPL,Marge brute d'exploitation,%,27.3476
SFBT,2020-09-30,2020,9M,TND,Performance,Rentabilité d'exploitation,MARGE_BENEF_EXPL,Marge bénéficiaire d'exploitation,%,22.7713
SFBT,2020-09-30,2020,9M,TND,Performance,Rentabilité opérationnelle,REND_GLOBAL_NET,Rendement global net,%,15.763
SFBT,2020-09-30,2020,9M,TND,Performance,Rentabilité opérationnelle,CREATION_VALEUR,Création de valeur annuelle,montant,53065386.4292
SFBT,2020-09-30,2020,9M,TND,Performance,Rentabilité opérationnelle,REND_PRODUCTION,Rendement de la production,%,
SFBT,2020-09-30,2020,9M,TND,Performance,Rentabilité opérationnelle,ROT_STOCKS,Ratio de rotation des stocks,x,3.1205
SFBT,2020-09-30,2020,9M,TND,Performance,Rentabilité opérationnelle,PROFIT_OP,Profit opérationnel,montant,120835302.078
SFBT,2020-09-30,2020,9M,TND,Performance,Rentabilité financière,ROE,Rentabilité des capitaux propres (ROE),%,20.7128
SFBT,2020-09-30,2020,9M,TND,Performance,Rentabilité financière,ROI,Retour sur investissement (ROI),%,15.763
SFBT,2020-09-30,2020,9M,TND,Performance,Rentabilité financière,PERF_PLACEMENT,Performance placement,%,3894.7282
SFBT,2020-12-31,2020,FY,TND,Solidité,Liquidités,LIQ_GEN,Ratio de liquidité générale,x,2.6469
SFBT,2020-12-31,2020,FY,TND,Solidité,Liquidités,LIQ_RED,Ratio de liquidité réduite,x,2.1512
SFBT,2020-12-31,2020,FY,TND,Solidité,Liquidités,LIQ_IMM,Ratio de liquidité immédiate,x,1.4508
SFBT,2020-12-31,2020,FY,TND,Solidité,Liquidités,INT_DEF_RED,Intervalle défensif réduit,j,159.1581
SFBT,2020-12-31,2020,FY,TND,Solidité,Liquidités,INT_DEF,Intervalle défensif,j,217.2616
SFBT,2020-12-31,2020,FY,TND,Solidité,Liquidités,RFR,Ratio de fonds de roulement,%,27.8464
SFBT,2020-12-31,2020,FY,TND,Solidité,Liquidités,RBFR,Ratio de besoin en fonds de roulement,%,15.3137
SFBT,2020-12-31,2020,FY,TND,Solidité,Gestion des actifs,LEV_ECO,Ratio du levier économique,x,1.3334
SFBT,2020-12-31,2020,FY,TND,Solidité,Gestion des actifs,POIDS_IMMO,Poids des immobilisations,%,55.4865
SFBT,2020-12-31,2020,FY,TND,Solidité,Gestion des actifs,FIN_IMMO,Financement des immobilisations,x,1.5019
SFBT,2020-12-31,2020,FY,TND,Solidité,Gestion des actifs,VETUSTE,Vétusté de l'actif,%,51.6945
SFBT,2020-12-31,2020,FY,TND,Solidité,Gestion des passifs,ENDET_GLOB,Ratio d'endettement global,%,25.0061
SFBT,2020-12-31,2020,FY,TND,Solidité,Gestion des passifs,ENDET_TERME,Ratio d'endettement à terme,%,11.1197
SFBT,2020-12-31,2020,FY,TND,Solidité,Gestion des passifs,INDEP_FIN,Ratio d'indépendance financière,%,74.9939
SFBT,2020-12-31,2020,FY,TND,Solidité,Gestion des passifs,COUV_CF,Couverture des charges financières,x,
SFBT,2020-12-31,2020,FY,TND,Solidité,Gestion des passifs,POIDS_CF,Poids des charges financières,%,0.0
SFBT,2020-12-31,2020,FY,TND,Solidité,Gestion des passifs,AUTO_FIN,Ratio d'autonomie financière,x,2.999
SFBT,2020-12-31,2020,FY,TND,Solidité,Gestion des passifs,SOLVA,Ratio de solvabilité,x,3.999
SFBT,2020-12-31,2020,FY,TND,Solidité,Ressources humaines,EFF_BRUT_RH,Efficacité brute des RH,x,6.5565
SFBT,2020-12-31,2020,FY,TND,Solidité,Ressources humaines,EFF_NET_RH,Efficacité nette des RH,x,5.4649
SFBT,2020-12-31,2020,FY,TND,Solidité,Gestion des risques,CONAN_HOLDER,Score de Conan & Holder,score,0.4333
SFBT,2020-12-31,2020,FY,TND,Solidité,Gestion des risques,RISQ_PLACEMENT,Risque de placement,%,0.3739
SFBT,2020-12-31,2020,FY,TND,Solidité,Gestion des risques,RISQ_COMMERCIAL,Risque commercial,%,11.5882
SFBT,2020-12-31,2020,FY,TND,Solidité,Gestion des risques,CREDIT_FOURN,Crédits moyens fournisseurs,j,40.7472
SFBT,2020-12-31,2020,FY,TND,Solidité,Gestion des risques,CREDIT_CLIENT,Crédits moyens clients,j,35.5437
SFBT,2020-12-31,2020,FY,TND,Performance,Rentabilité commerciale,RENT_COM,Rentabilité commerciale,%,23.3869
SFBT,2020-12-31,2020,FY,TND,Performance,Rentabilité commerciale,MARGE_NETTE,Ratio de la marge nette,%,26.7474
SFBT,2020-12-31,2020,FY,TND,Performance,Rentabilité commerciale,TAUX_MARQUE,Taux de marque,%,42.5259
SFBT,2020-12-31,2020,FY,TND,Performance,Rentabilité commerciale,ROT_CAP,Rotation des capitaux échangés,x,1.0315
SFBT,2020-12-31,2020,FY,TND,Performance,Rentabilité économique,ROA,Rendement de l'actif (ROA),%,20.6909
SFBT,2020-12-31,2020,FY,TND,Performance,Rentabilité économique,ROCE,Rentabilité du capital investi (ROCE),%,21.7098
SFBT,2020-12-31,2020,FY,TND,Performance,Rentabilité économique,REND_IMMO,Rendement brut des immobilisations,%,39.03
SFBT,2020-12-31,2020,FY,TND,Performance,Rentabilité économique,REND_RES_STABLE,Rendement brut des ressources stables,%,25.9878
SFBT,2020-12-31,2020,FY,TND,Performance,Rentabilité d'exploitation,MARGE_BRUTE_EXPL,Marge brute d'exploitation,%,27.9954
SFBT,2020-12-31,2020,FY,TND,Performance,Rentabilité d'exploitation,MARGE_BENEF_EXPL,Marge bénéficiaire d'exploitation,%,23.3869
SFBT,2020-12-31,2020,FY,TND,Performance,Rentabilité opérationnelle,REND_GLOBAL_NET,Rendement global net,%,20.6909
SFBT,2020-12-31,2020,FY,TND,Performance,Rentabilité opérationnelle,CREATION_VALEUR,Création de valeur annuelle,montant,111052534.8567
SFBT,2020-12-31,2020,FY,TND,Performance,Rentabilité opérationnelle,REND_PRODUCTION,Rendement de la production,%,25.6745
SFBT,2020-12-31,2020,FY,TND,Performance,Rentabilité opérationnelle,ROT_STOCKS,Ratio de rotation des stocks,x,4.9018
SFBT,2020-12-31,2020,FY,TND,Performance,Rentabilité opérationnelle,PROFIT_OP,Profit opérationnel,montant,175854368.74
SFBT,2020-12-31,2020,FY,TND,Performance,Rentabilité financière,ROE,Rentabilité des capitaux propres (ROE),%,27.5902
SFBT,2020-12-31,2020,FY,TND,Performance,Rentabilité financière,ROI,Retour sur investissement (ROI),%,20.6909
SFBT,2020-12-31,2020,FY,TND,Performance,Rentabilité financière,PERF_PLACEMENT,Performance placement,%,2021.5183
SFBT,2021-03-31,2021,T1,TND,Solidité,Liquidités,LIQ_GEN,Ratio de liquidité générale,x,2.3666
SFBT,2021-03-31,2021,T1,TND,Solidité,Liquidités,LIQ_RED,Ratio de liquidité réduite,x,1.8644
SFBT,2021-03-31,2021,T1,TND,Solidité,Liquidités,LIQ_IMM,Ratio de liquidité immédiate,x,1.0733
SFBT,2021-03-31,2021,T1,TND,Solidité,Liquidités,INT_DEF_RED,Intervalle défensif réduit,j,644.4984
SFBT,2021-03-31,2021,T1,TND,Solidité,Liquidités,INT_DEF,Intervalle défensif,j,1005.4275
SFBT,2021-03-31,2021,T1,TND,Solidité,Liquidités,RFR,Ratio de fonds de roulement,%,25.731
SFBT,2021-03-31,2021,T1,TND,Solidité,Liquidités,RBFR,Ratio de besoin en fonds de roulement,%,90.3522
SFBT,2021-03-31,2021,T1,TND,Solidité,Gestion des actifs,LEV_ECO,Ratio du levier économique,x,1.3703
SFBT,2021-03-31,2021,T1,TND,Solidité,Gestion des actifs,POIDS_IMMO,Poids des immobilisations,%,55.7098
SFBT,2021-03-31,2021,T1,TND,Solidité,Gestion des actifs,FIN_IMMO,Financement des immobilisations,x,1.4619
SFBT,2021-03-31,2021,T1,TND,Solidité,Gestion des actifs,VETUSTE,Vétusté de l'actif,%,52.5654
SFBT,2021-03-31,2021,T1,TND,Solidité,Gestion des passifs,ENDET_GLOB,Ratio d'endettement global,%,27.0207
SFBT,2021-03-31,2021,T1,TND,Solidité,Gestion des passifs,ENDET_TERME,Ratio d'endettement à terme,%,11.5945
SFBT,2021-03-31,2021,T1,TND,Solidité,Gestion des passifs,INDEP_FIN,Ratio d'indépendance financière,%,72.9793
SFBT,2021-03-31,2021,T1,TND,Solidité,Gestion des passifs,COUV_CF,Couverture des charges financières,x,177.7379
SFBT,2021-03-31,2021,T1,TND,Solidité,Gestion des passifs,POIDS_CF,Poids des charges financières,%,0.1309
SFBT,2021-03-31,2021,T1,TND,Solidité,Gestion des passifs,AUTO_FIN,Ratio d'autonomie financière,x,2.7009
SFBT,2021-03-31,2021,T1,TND,Solidité,Gestion des passifs,SOLVA,Ratio de solvabilité,x,3.7009
SFBT,2021-03-31,2021,T1,TND,Solidité,Ressources humaines,EFF_BRUT_RH,Efficacité brute des RH,x,
SFBT,2021-03-31,2021,T1,TND,Solidité,Ressources humaines,EFF_NET_RH,Efficacité nette des RH,x,4.4491
SFBT,2021-03-31,2021,T1,TND,Solidité,Gestion des risques,CONAN_HOLDER,Score de Conan & Holder,score,
SFBT,2021-03-31,2021,T1,TND,Solidité,Gestion des risques,RISQ_PLACEMENT,Risque de placement,%,0.1902
SFBT,2021-03-31,2021,T1,TND,Solidité,Gestion des risques,RISQ_COMMERCIAL,Risque commercial,%,71.8014
SFBT,2021-03-31,2021,T1,TND,Solidité,Gestion des risques,CREDIT_FOURN,Crédits moyens fournisseurs,j,215.77
SFBT,2021-03-31,2021,T1,TND,Solidité,Gestion des risques,CREDIT_CLIENT,Crédits moyens clients,j,220.2313
SFBT,2021-03-31,2021,T1,TND,Performance,Rentabilité commerciale,RENT_COM,Rentabilité commerciale,%,23.2611
SFBT,2021-03-31,2021,T1,TND,Performance,Rentabilité commerciale,MARGE_NETTE,Ratio de la marge nette,%,42.7899
SFBT,2021-03-31,2021,T1,TND,Performance,Rentabilité commerciale,TAUX_MARQUE,Taux de marque,%,
SFBT,2021-03-31,2021,T1,TND,Performance,Rentabilité commerciale,ROT_CAP,Rotation des capitaux échangés,x,0.2149
SFBT,2021-03-31,2021,T1,TND,Performance,Rentabilité économique,ROA,Rendement de l'actif (ROA),%,6.7112
SFBT,2021-03-31,2021,T1,TND,Performance,Rentabilité économique,ROCE,Rentabilité du capital investi (ROCE),%,4.4797
SFBT,2021-03-31,2021,T1,TND,Performance,Rentabilité économique,REND_IMMO,Rendement brut des immobilisations,%,7.9671
SFBT,2021-03-31,2021,T1,TND,Performance,Rentabilité économique,REND_RES_STABLE,Rendement brut des ressources stables,%,5.4499
SFBT,2021-03-31,2021,T1,TND,Performance,Rentabilité d'exploitation,MARGE_BRUTE_EXPL,Marge brute d'exploitation,%,28.2991
SFBT,2021-03-31,2021,T1,TND,Performance,Rentabilité d'exploitation,MARGE_BENEF_EXPL,Marge bénéficiaire d'exploitation,%,23.2611
SFBT,2021-03-31,2021,T1,TND,Performance,Rentabilité opérationnelle,REND_GLOBAL_NET,Rendement global net,%,6.7112
SFBT,2021-03-31,2021,T1,TND,Performance,Rentabilité opérationnelle,CREATION_VALEUR,Création de valeur annuelle,montant,-27715112.7706
SFBT,2021-03-31,2021,T1,TND,Performance,Rentabilité opérationnelle,REND_PRODUCTION,Rendement de la production,%,
SFBT,2021-03-31,2021,T1,TND,Performance,Rentabilité opérationnelle,ROT_STOCKS,Ratio de rotation des stocks,x,0.9778
SFBT,2021-03-31,2021,T1,TND,Performance,Rentabilité opérationnelle,PROFIT_OP,Profit opérationnel,montant,35267988.37
SFBT,2021-03-31,2021,T1,TND,Performance,Rentabilité financière,ROE,Rentabilité des capitaux propres (ROE),%,9.196
SFBT,2021-03-31,2021,T1,TND,Performance,Rentabilité financière,ROI,Retour sur investissement (ROI),%,6.7112
SFBT,2021-03-31,2021,T1,TND,Performance,Rentabilité financière,PERF_PLACEMENT,Performance placement,%,1965.2934
SFBT,2021-06-30,2021,S1,TND,Solidité,Liquidités,LIQ_GEN,Ratio de liquidité générale,x,2.1336
SFBT,2021-06-30,2021,S1,TND,Solidité,Liquidités,LIQ_RED,Ratio de liquidité réduite,x,1.6259
SFBT,2021-06-30,2021,S1,TND,Solidité,Liquidités,LIQ_IMM,Ratio de liquidité immédiate,x,0.7593
SFBT,2021-06-30,2021,S1,TND,Solidité,Liquidités,INT_DEF_RED,Intervalle défensif réduit,j,248.0144
SFBT,2021-06-30,2021,S1,TND,Solidité,Liquidités,INT_DEF,Intervalle défensif,j,464.898
SFBT,2021-06-30,2021,S1,TND,Solidité,Liquidités,RFR,Ratio de fonds de roulement,%,23.5682
SFBT,2021-06-30,2021,S1,TND,Solidité,Liquidités,RBFR,Ratio de besoin en fonds de roulement,%,52.4589
SFBT,2021-06-30,2021,S1,TND,Solidité,Gestion des actifs,LEV_ECO,Ratio du levier économique,x,1.41
SFBT,2021-06-30,2021,S1,TND,Solidité,Gestion des actifs,POIDS_IMMO,Poids des immobilisations,%,55.9381
SFBT,2021-06-30,2021,S1,TND,Solidité,Gestion des actifs,FIN_IMMO,Financement des immobilisations,x,1.4213
SFBT,2021-06-30,2021,S1,TND,Solidité,Gestion des actifs,VETUSTE,Vétusté de l'actif,%,53.4324
SFBT,2021-06-30,2021,S1,TND,Solidité,Gestion des passifs,ENDET_GLOB,Ratio d'endettement global,%,29.0805
SFBT,2021-06-30,2021,S1,TND,Solidité,Gestion des passifs,ENDET_TERME,Ratio d'endettement à terme,%,12.1078
SFBT,2021-06-30,2021,S1,TND,Solidité,Gestion des passifs,INDEP_FIN,Ratio d'indépendance financière,%,70.9195
SFBT,2021-06-30,2021,S1,TND,Solidité,Gestion des passifs,COUV_CF,Couverture des charges financières,x,177.7379
SFBT,2021-06-30,2021,S1,TND,Solidité,Gestion des passifs,POIDS_CF,Poids des charges financières,%,0.1309
SFBT,2021-06-30,2021,S1,TND,Solidité,Gestion des passifs,AUTO_FIN,Ratio d'autonomie financière,x,2.4387
SFBT,2021-06-30,2021,S1,TND,Solidité,Gestion des passifs,SOLVA,Ratio de solvabilité,x,3.4387
SFBT,2021-06-30,2021,S1,TND,Solidité,Ressources humaines,EFF_BRUT_RH,Efficacité brute des RH,x,
SFBT,2021-06-30,2021,S1,TND,Solidité,Ressources humaines,EFF_NET_RH,Efficacité nette des RH,x,4.4491
SFBT,2021-06-30,2021,S1,TND,Solidité,Gestion des risques,CONAN_HOLDER,Score de Conan & Holder,score,
SFBT,2021-06-30,2021,S1,TND,Solidité,Gestion des risques,RISQ_PLACEMENT,Risque de placement,%,0.0023
SFBT,2021-06-30,2021,S1,TND,Solidité,Gestion des risques,RISQ_COMMERCIAL,Risque commercial,%,43.1457
SFBT,2021-06-30,2021,S1,TND,Solidité,Gestion des risques,CREDIT_FOURN,Crédits moyens fournisseurs,j,124.9235
SFBT,2021-06-30,2021,S1,TND,Solidité,Gestion des risques,CREDIT_CLIENT,Crédits moyens clients,j,132.3377
SFBT,2021-06-30,2021,S1,TND,Performance,Rentabilité commerciale,RENT_COM,Rentabilité commerciale,%,23.2611
SFBT,2021-06-30,2021,S1,TND,Performance,Rentabilité commerciale,MARGE_NETTE,Ratio de la marge nette,%,42.7899
SFBT,2021-06-30,2021,S1,TND,Performance,Rentabilité commerciale,TAUX_MARQUE,Taux de marque,%,
SFBT,2021-06-30,2021,S1,TND,Performance,Rentabilité commerciale,ROT_CAP,Rotation des capitaux échangés,x,0.4448
SFBT,2021-06-30,2021,S1,TND,Performance,Rentabilité économique,ROA,Rendement de l'actif (ROA),%,13.4977
SFBT,2021-06-30,2021,S1,TND,Performance,Rentabilité économique,ROCE,Rentabilité du capital investi (ROCE),%,9.2288
SFBT,2021-06-30,2021,S1,TND,Performance,Rentabilité économique,REND_IMMO,Rendement brut des immobilisations,%,15.9581
SFBT,2021-06-30,2021,S1,TND,Performance,Rentabilité économique,REND_RES_STABLE,Rendement brut des ressources stables,%,11.2276
SFBT,2021-06-30,2021,S1,TND,Performance,Rentabilité d'exploitation,MARGE_BRUTE_EXPL,Marge brute d'exploitation,%,28.2991
SFBT,2021-06-30,2021,S1,TND,Performance,Rentabilité d'exploitation,MARGE_BENEF_EXPL,Marge bénéficiaire d'exploitation,%,23.2611
SFBT,2021-06-30,2021,S1,TND,Performance,Rentabilité opérationnelle,REND_GLOBAL_NET,Rendement global net,%,13.4977
SFBT,2021-06-30,2021,S1,TND,Performance,Rentabilité opérationnelle,CREATION_VALEUR,Création de valeur annuelle,montant,9391816.4838
SFBT,2021-06-30,2021,S1,TND,Performance,Rentabilité opérationnelle,REND_PRODUCTION,Rendement de la production,%,
SFBT,2021-06-30,2021,S1,TND,Performance,Rentabilité opérationnelle,ROT_STOCKS,Ratio de rotation des stocks,x,1.7619
SFBT,2021-06-30,2021,S1,TND,Performance,Rentabilité opérationnelle,PROFIT_OP,Profit opérationnel,montant,70535976.74
SFBT,2021-06-30,2021,S1,TND,Performance,Rentabilité financière,ROE,Rentabilité des capitaux propres (ROE),%,19.0324
SFBT,2021-06-30,2021,S1,TND,Performance,Rentabilité financière,ROI,Retour sur investissement (ROI),%,13.4977
SFBT,2021-06-30,2021,S1,TND,Performance,Rentabilité financière,PERF_PLACEMENT,Performance placement,%,323297.2408
SFBT,2021-09-30,2021,9M,TND,Solidité,Liquidités,LIQ_GEN,Ratio de liquidité générale,x,
SFBT,2021-09-30,2021,9M,TND,Solidité,Liquidités,LIQ_RED,Ratio de liquidité réduite,x,
SFBT,2021-09-30,2021,9M,TND,Solidité,Liquidités,LIQ_IMM,Ratio de liquidité immédiate,x,
SFBT,2021-09-30,2021,9M,TND,Solidité,Liquidités,INT_DEF_RED,Intervalle défensif réduit,j,
SFBT,2021-09-30,2021,9M,TND,Solidité,Liquidités,INT_DEF,Intervalle défensif,j,
SFBT,2021-09-30,2021,9M,TND,Solidité,Liquidités,RFR,Ratio de fonds de roulement,%,
SFBT,2021-09-30,2021,9M,TND,Solidité,Liquidités,RBFR,Ratio de besoin en fonds de roulement,%,
SFBT,2021-09-30,2021,9M,TND,Solidité,Gestion des actifs,LEV_ECO,Ratio du levier économique,x,
SFBT,2021-09-30,2021,9M,TND,Solidité,Gestion des actifs,POIDS_IMMO,Poids des immobilisations,%,
SFBT,2021-09-30,2021,9M,TND,Solidité,Gestion des actifs,FIN_IMMO,Financement des immobilisations,x,
SFBT,2021-09-30,2021,9M,TND,Solidité,Gestion des actifs,VETUSTE,Vétusté de l'actif,%,
SFBT,2021-09-30,2021,9M,TND,Solidité,Gestion des passifs,ENDET_GLOB,Ratio d'endettement global,%,
SFBT,2021-09-30,2021,9M,TND,Solidité,Gestion des passifs,ENDET_TERME,Ratio d'endettement à terme,%,
SFBT,2021-09-30,2021,9M,TND,Solidité,Gestion des passifs,INDEP_FIN,Ratio d'indépendance financière,%,
SFBT,2021-09-30,2021,9M,TND,Solidité,Gestion des passifs,COUV_CF,Couverture des charges financières,x,
SFBT,2021-09-30,2021,9M,TND,Solidité,Gestion des passifs,POIDS_CF,Poids des charges financières,%,
SFBT,2021-09-30,2021,9M,TND,Solidité,Gestion des passifs,AUTO_FIN,Ratio d'autonomie financière,x,
SFBT,2021-09-30,2021,9M,TND,Solidité,Gestion des passifs,SOLVA,Ratio de solvabilité,x,
SFBT,2021-09-30,2021,9M,TND,Solidité,Ressources humaines,EFF_BRUT_RH,Efficacité brute des RH,x,
SFBT,2021-09-30,2021,9M,TND,Solidité,Ressources humaines,EFF_NET_RH,Efficacité nette des RH,x,
SFBT,2021-09-30,2021,9M,TND,Solidité,Gestion des risques,CONAN_HOLDER,Score de Conan & Holder,score,
SFBT,2021-09-30,2021,9M,TND,Solidité,Gestion des risques,RISQ_PLACEMENT,Risque de placement,%,
SFBT,2021-09-30,2021,9M,TND,Solidité,Gestion des risques,RISQ_COMMERCIAL,Risque commercial,%,
SFBT,2021-09-30,2021,9M,TND,Solidité,Gestion des risques,CREDIT_FOURN,Crédits moyens fournisseurs,j,
SFBT,2021-09-30,2021,9M,TND,Solidité,Gestion des risques,CREDIT_CLIENT,Crédits moyens clients,j,
SFBT,2021-09-30,2021,9M,TND,Performance,Rentabilité commerciale,RENT_COM,Rentabilité commerciale,%,
SFBT,2021-09-30,2021,9M,TND,Performance,Rentabilité commerciale,MARGE_NETTE,Ratio de la marge nette,%,
SFBT,2021-09-30,2021,9M,TND,Performance,Rentabilité commerciale,TAUX_MARQUE,Taux de marque,%,
SFBT,2021-09-30,2021,9M,TND,Performance,Rentabilité commerciale,ROT_CAP,Rotation des capitaux échangés,x,
SFBT,2021-09-30,2021,9M,TND,Performance,Rentabilité économique,ROA,Rendement de l'actif (ROA),%,
SFBT,2021-09-30,2021,9M,TND,Performance,Rentabilité économique,ROCE,Rentabilité du capital investi (ROCE),%,
SFBT,2021-09-30,2021,9M,TND,Performance,Rentabilité économique,REND_IMMO,Rendement brut des immobilisations,%,
SFBT,2021-09-30,2021,9M,TND,Performance,Rentabilité économique,REND_RES_STABLE,Rendement brut des ressources stables,%,
SFBT,2021-09-30,2021,9M,TND,Performance,Rentabilité d'exploitation,MARGE_BRUTE_EXPL,Marge brute d'exploitation,%,
SFBT,2021-09-30,2021,9M,TND,Performance,Rentabilité d'exploitation,MARGE_BENEF_EXPL,Marge bénéficiaire d'exploitation,%,
SFBT,2021-09-30,2021,9M,TND,Performance,Rentabilité opérationnelle,REND_GLOBAL_NET,Rendement global net,%,
SFBT,2021-09-30,2021,9M,TND,Performance,Rentabilité opérationnelle,CREATION_VALEUR,Création de valeur annuelle,montant,
SFBT,2021-09-30,2021,9M,TND,Performance,Rentabilité opérationnelle,REND_PRODUCTION,Rendement de la production,%,
SFBT,2021-09-30,2021,9M,TND,Performance,Rentabilité opérationnelle,ROT_STOCKS,Ratio de rotation des stocks,x,
SFBT,2021-09-30,2021,9M,TND,Performance,Rentabilité opérationnelle,PROFIT_OP,Profit opérationnel,montant,
SFBT,2021-09-30,2021,9M,TND,Performance,Rentabilité financière,ROE,Rentabilité des capitaux propres (ROE),%,
SFBT,2021-09-30,2021,9M,TND,Performance,Rentabilité financière,ROI,Retour sur investissement (ROI),%,
SFBT,2021-09-30,2021,9M,TND,Performance,Rentabilité financière,PERF_PLACEMENT,Performance placement,%,
SFBT,2021-12-31,2021,FY,TND,Solidité,Liquidités,LIQ_GEN,Ratio de liquidité générale,x,
SFBT,2021-12-31,2021,FY,TND,Solidité,Liquidités,LIQ_RED,Ratio de liquidité réduite,x,
SFBT,2021-12-31,2021,FY,TND,Solidité,Liquidités,LIQ_IMM,Ratio de liquidité immédiate,x,
SFBT,2021-12-31,2021,FY,TND,Solidité,Liquidités,INT_DEF_RED,Intervalle défensif réduit,j,
SFBT,2021-12-31,2021,FY,TND,Solidité,Liquidités,INT_DEF,Intervalle défensif,j,
SFBT,2021-12-31,2021,FY,TND,Solidité,Liquidités,RFR,Ratio de fonds de roulement,%,
SFBT,2021-12-31,2021,FY,TND,Solidité,Liquidités,RBFR,Ratio de besoin en fonds de roulement,%,
SFBT,2021-12-31,2021,FY,TND,Solidité,Gestion des actifs,LEV_ECO,Ratio du levier économique,x,
SFBT,2021-12-31,2021,FY,TND,Solidité,Gestion des actifs,POIDS_IMMO,Poids des immobilisations,%,
SFBT,2021-12-31,2021,FY,TND,Solidité,Gestion des actifs,FIN_IMMO,Financement des immobilisations,x,
SFBT,2021-12-31,2021,FY,TND,Solidité,Gestion des actifs,VETUSTE,Vétusté de l'actif,%,
SFBT,2021-12-31,2021,FY,TND,Solidité,Gestion des passifs,ENDET_GLOB,Ratio d'endettement global,%,
SFBT,2021-12-31,2021,FY,TND,Solidité,Gestion des passifs,ENDET_TERME,Ratio d'endettement à terme,%,
SFBT,2021-12-31,2021,FY,TND,Solidité,Gestion des passifs,INDEP_FIN,Ratio d'indépendance financière,%,
SFBT,2021-12-31,2021,FY,TND,Solidité,Gestion des passifs,COUV_CF,Couverture des charges financières,x,
SFBT,2021-12-31,2021,FY,TND,Solidité,Gestion des passifs,POIDS_CF,Poids des charges financières,%,
SFBT,2021-12-31,2021,FY,TND,Solidité,Gestion des passifs,AUTO_FIN,Ratio d'autonomie financière,x,
SFBT,2021-12-31,2021,FY,TND,Solidité,Gestion des passifs,SOLVA,Ratio de solvabilité,x,
SFBT,2021-12-31,2021,FY,TND,Solidité,Ressources humaines,EFF_BRUT_RH,Efficacité brute des RH,x,
SFBT,2021-12-31,2021,FY,TND,Solidité,Ressources humaines,EFF_NET_RH,Efficacité nette des RH,x,
SFBT,2021-12-31,2021,FY,TND,Solidité,Gestion des risques,CONAN_HOLDER,Score de Conan & Holder,score,
SFBT,2021-12-31,2021,FY,TND,Solidité,Gestion des risques,RISQ_PLACEMENT,Risque de placement,%,
SFBT,2021-12-31,2021,FY,TND,Solidité,Gestion des risques,RISQ_COMMERCIAL,Risque commercial,%,
SFBT,2021-12-31,2021,FY,TND,Solidité,Gestion des risques,CREDIT_FOURN,Crédits moyens fournisseurs,j,
SFBT,2021-12-31,2021,FY,TND,Solidité,Gestion des risques,CREDIT_CLIENT,Crédits moyens clients,j,
SFBT,2021-12-31,2021,FY,TND,Performance,Rentabilité commerciale,RENT_COM,Rentabilité commerciale,%,
SFBT,2021-12-31,2021,FY,TND,Performance,Rentabilité commerciale,MARGE_NETTE,Ratio de la marge nette,%,
SFBT,2021-12-31,2021,FY,TND,Performance,Rentabilité commerciale,TAUX_MARQUE,Taux de marque,%,
SFBT,2021-12-31,2021,FY,TND,Performance,Rentabilité commerciale,ROT_CAP,Rotation des capitaux échangés,x,
SFBT,2021-12-31,2021,FY,TND,Performance,Rentabilité économique,ROA,Rendement de l'actif (ROA),%,
SFBT,2021-12-31,2021,FY,TND,Performance,Rentabilité économique,ROCE,Rentabilité du capital investi (ROCE),%,
SFBT,2021-12-31,2021,FY,TND,Performance,Rentabilité économique,REND_IMMO,Rendement brut des immobilisations,%,
SFBT,2021-12-31,2021,FY,TND,Performance,Rentabilité économique,REND_RES_STABLE,Rendement brut des ressources stables,%,
SFBT,2021-12-31,2021,FY,TND,Performance,Rentabilité d'exploitation,MARGE_BRUTE_EXPL,Marge brute d'exploitation,%,
SFBT,2021-12-31,2021,FY,TND,Performance,Rentabilité d'exploitation,MARGE_BENEF_EXPL,Marge bénéficiaire d'exploitation,%,
SFBT,2021-12-31,2021,FY,TND,Performance,Rentabilité opérationnelle,REND_GLOBAL_NET,Rendement global net,%,
SFBT,2021-12-31,2021,FY,TND,Performance,Rentabilité opérationnelle,CREATION_VALEUR,Création de valeur annuelle,montant,
SFBT,2021-12-31,2021,FY,TND,Performance,Rentabilité opérationnelle,REND_PRODUCTION,Rendement de la production,%,
SFBT,2021-12-31,2021,FY,TND,Performance,Rentabilité opérationnelle,ROT_STOCKS,Ratio de rotation des stocks,x,
SFBT,2021-12-31,2021,FY,TND,Performance,Rentabilité opérationnelle,PROFIT_OP,Profit opérationnel,montant,
SFBT,2021-12-31,2021,FY,TND,Performance,Rentabilité financière,ROE,Rentabilité des capitaux propres (ROE),%,
SFBT,2021-12-31,2021,FY,TND,Performance,Rentabilité financière,ROI,Retour sur investissement (ROI),%,
SFBT,2021-12-31,2021,FY,TND,Performance,Rentabilité financière,PERF_PLACEMENT,Performance placement,%,
SFBT,2022-03-31,2022,T1,TND,Solidité,Liquidités,LIQ_GEN,Ratio de liquidité générale,x,
SFBT,2022-03-31,2022,T1,TND,Solidité,Liquidités,LIQ_RED,Ratio de liquidité réduite,x,
SFBT,2022-03-31,2022,T1,TND,Solidité,Liquidités,LIQ_IMM,Ratio de liquidité immédiate,x,
SFBT,2022-03-31,2022,T1,TND,Solidité,Liquidités,INT_DEF_RED,Intervalle défensif réduit,j,
SFBT,2022-03-31,2022,T1,TND,Solidité,Liquidités,INT_DEF,Intervalle défensif,j,
SFBT,2022-03-31,2022,T1,TND,Solidité,Liquidités,RFR,Ratio de fonds de roulement,%,
SFBT,2022-03-31,2022,T1,TND,Solidité,Liquidités,RBFR,Ratio de besoin en fonds de roulement,%,0.0
SFBT,2022-03-31,2022,T1,TND,Solidité,Gestion des actifs,LEV_ECO,Ratio du levier économique,x,
SFBT,2022-03-31,2022,T1,TND,Solidité,Gestion des actifs,POIDS_IMMO,Poids des immobilisations,%,
SFBT,2022-03-31,2022,T1,TND,Solidité,Gestion des actifs,FIN_IMMO,Financement des immobilisations,x,
SFBT,2022-03-31,2022,T1,TND,Solidité,Gestion des actifs,VETUSTE,Vétusté de l'actif,%,
SFBT,2022-03-31,2022,T1,TND,Solidité,Gestion des passifs,ENDET_GLOB,Ratio d'endettement global,%,
SFBT,2022-03-31,2022,T1,TND,Solidité,Gestion des passifs,ENDET_TERME,Ratio d'endettement à terme,%,
SFBT,2022-03-31,2022,T1,TND,Solidité,Gestion des passifs,INDEP_FIN,Ratio d'indépendance financière,%,
SFBT,2022-03-31,2022,T1,TND,Solidité,Gestion des passifs,COUV_CF,Couverture des charges financières,x,321.5062
SFBT,2022-03-31,2022,T1,TND,Solidité,Gestion des passifs,POIDS_CF,Poids des charges financières,%,0.0803
SFBT,2022-03-31,2022,T1,TND,Solidité,Gestion des passifs,AUTO_FIN,Ratio d'autonomie financière,x,
SFBT,2022-03-31,2022,T1,TND,Solidité,Gestion des passifs,SOLVA,Ratio de solvabilité,x,
SFBT,2022-03-31,2022,T1,TND,Solidité,Ressources humaines,EFF_BRUT_RH,Efficacité brute des RH,x,
SFBT,2022-03-31,2022,T1,TND,Solidité,Ressources humaines,EFF_NET_RH,Efficacité nette des RH,x,5.07
SFBT,2022-03-31,2022,T1,TND,Solidité,Gestion des risques,CONAN_HOLDER,Score de Conan & Holder,score,
SFBT,2022-03-31,2022,T1,TND,Solidité,Gestion des risques,RISQ_PLACEMENT,Risque de placement,%,
SFBT,2022-03-31,2022,T1,TND,Solidité,Gestion des risques,RISQ_COMMERCIAL,Risque commercial,%,
SFBT,2022-03-31,2022,T1,TND,Solidité,Gestion des risques,CREDIT_FOURN,Crédits moyens fournisseurs,j,
SFBT,2022-03-31,2022,T1,TND,Solidité,Gestion des risques,CREDIT_CLIENT,Crédits moyens clients,j,
SFBT,2022-03-31,2022,T1,TND,Performance,Rentabilité commerciale,RENT_COM,Rentabilité commerciale,%,25.8129
SFBT,2022-03-31,2022,T1,TND,Performance,Rentabilité commerciale,MARGE_NETTE,Ratio de la marge nette,%,43.1407
SFBT,2022-03-31,2022,T1,TND,Performance,Rentabilité commerciale,TAUX_MARQUE,Taux de marque,%,
SFBT,2022-03-31,2022,T1,TND,Performance,Rentabilité commerciale,ROT_CAP,Rotation des capitaux échangés,x,
SFBT,2022-03-31,2022,T1,TND,Performance,Rentabilité économique,ROA,Rendement de l'actif (ROA),%,
SFBT,2022-03-31,2022,T1,TND,Performance,Rentabilité économique,ROCE,Rentabilité du capital investi (ROCE),%,
SFBT,2022-03-31,2022,T1,TND,Performance,Rentabilité économique,REND_IMMO,Rendement brut des immobilisations,%,
SFBT,2022-03-31,2022,T1,TND,Performance,Rentabilité économique,REND_RES_STABLE,Rendement brut des ressources stables,%,
SFBT,2022-03-31,2022,T1,TND,Performance,Rentabilité d'exploitation,MARGE_BRUTE_EXPL,Marge brute d'exploitation,%,30.1191
SFBT,2022-03-31,2022,T1,TND,Performance,Rentabilité d'exploitation,MARGE_BENEF_EXPL,Marge bénéficiaire d'exploitation,%,25.8129
SFBT,2022-03-31,2022,T1,TND,Performance,Rentabilité opérationnelle,REND_GLOBAL_NET,Rendement global net,%,
SFBT,2022-03-31,2022,T1,TND,Performance,Rentabilité opérationnelle,CREATION_VALEUR,Création de valeur annuelle,montant,
SFBT,2022-03-31,2022,T1,TND,Performance,Rentabilité opérationnelle,REND_PRODUCTION,Rendement de la production,%,
SFBT,2022-03-31,2022,T1,TND,Performance,Rentabilité opérationnelle,ROT_STOCKS,Ratio de rotation des stocks,x,
SFBT,2022-03-31,2022,T1,TND,Performance,Rentabilité opérationnelle,PROFIT_OP,Profit opérationnel,montant,43933725.099
SFBT,2022-03-31,2022,T1,TND,Performance,Rentabilité financière,ROE,Rentabilité des capitaux propres (ROE),%,
SFBT,2022-03-31,2022,T1,TND,Performance,Rentabilité financière,ROI,Retour sur investissement (ROI),%,
SFBT,2022-03-31,2022,T1,TND,Performance,Rentabilité financière,PERF_PLACEMENT,Performance placement,%,
SFBT,2022-06-30,2022,S1,TND,Solidité,Liquidités,LIQ_GEN,Ratio de liquidité générale,x,2.6411
SFBT,2022-06-30,2022,S1,TND,Solidité,Liquidités,LIQ_RED,Ratio de liquidité réduite,x,1.9643
SFBT,2022-06-30,2022,S1,TND,Solidité,Liquidités,LIQ_IMM,Ratio de liquidité immédiate,x,0.4367
SFBT,2022-06-30,2022,S1,TND,Solidité,Liquidités,INT_DEF_RED,Intervalle défensif réduit,j,237.5012
SFBT,2022-06-30,2022,S1,TND,Solidité,Liquidités,INT_DEF,Intervalle défensif,j,479.5385
SFBT,2022-06-30,2022,S1,TND,Solidité,Liquidités,RFR,Ratio de fonds de roulement,%,28.815
SFBT,2022-06-30,2022,S1,TND,Solidité,Liquidités,RBFR,Ratio de besoin en fonds de roulement,%,59.4893
SFBT,2022-06-30,2022,S1,TND,Solidité,Gestion des actifs,LEV_ECO,Ratio du levier économique,x,1.3511
SFBT,2022-06-30,2022,S1,TND,Solidité,Gestion des actifs,POIDS_IMMO,Poids des immobilisations,%,53.6458
SFBT,2022-06-30,2022,S1,TND,Solidité,Gestion des actifs,FIN_IMMO,Financement des immobilisations,x,1.5371
SFBT,2022-06-30,2022,S1,TND,Solidité,Gestion des actifs,VETUSTE,Vétusté de l'actif,%,52.4555
SFBT,2022-06-30,2022,S1,TND,Solidité,Gestion des passifs,ENDET_GLOB,Ratio d'endettement global,%,25.9849
SFBT,2022-06-30,2022,S1,TND,Solidité,Gestion des passifs,ENDET_TERME,Ratio d'endettement à terme,%,11.4108
SFBT,2022-06-30,2022,S1,TND,Solidité,Gestion des passifs,INDEP_FIN,Ratio d'indépendance financière,%,74.0151
SFBT,2022-06-30,2022,S1,TND,Solidité,Gestion des passifs,COUV_CF,Couverture des charges financières,x,321.5062
SFBT,2022-06-30,2022,S1,TND,Solidité,Gestion des passifs,POIDS_CF,Poids des charges financières,%,0.0803
SFBT,2022-06-30,2022,S1,TND,Solidité,Gestion des passifs,AUTO_FIN,Ratio d'autonomie financière,x,2.8484
SFBT,2022-06-30,2022,S1,TND,Solidité,Gestion des passifs,SOLVA,Ratio de solvabilité,x,3.8484
SFBT,2022-06-30,2022,S1,TND,Solidité,Ressources humaines,EFF_BRUT_RH,Efficacité brute des RH,x,
SFBT,2022-06-30,2022,S1,TND,Solidité,Ressources humaines,EFF_NET_RH,Efficacité nette des RH,x,5.07
SFBT,2022-06-30,2022,S1,TND,Solidité,Gestion des risques,CONAN_HOLDER,Score de Conan & Holder,score,
SFBT,2022-06-30,2022,S1,TND,Solidité,Gestion des risques,RISQ_PLACEMENT,Risque de placement,%,7.9625
SFBT,2022-06-30,2022,S1,TND,Solidité,Gestion des risques,RISQ_COMMERCIAL,Risque commercial,%,47.0538
SFBT,2022-06-30,2022,S1,TND,Solidité,Gestion des risques,CREDIT_FOURN,Crédits moyens fournisseurs,j,130.3498
SFBT,2022-06-30,2022,S1,TND,Solidité,Gestion des risques,CREDIT_CLIENT,Crédits moyens clients,j,144.3245
SFBT,2022-06-30,2022,S1,TND,Performance,Rentabilité commerciale,RENT_COM,Rentabilité commerciale,%,25.8129
SFBT,2022-06-30,2022,S1,TND,Performance,Rentabilité commerciale,MARGE_NETTE,Ratio de la marge nette,%,43.1407
SFBT,2022-06-30,2022,S1,TND,Performance,Rentabilité commerciale,TAUX_MARQUE,Taux de marque,%,
SFBT,2022-06-30,2022,S1,TND,Performance,Rentabilité commerciale,ROT_CAP,Rotation des capitaux échangés,x,0.4571
SFBT,2022-06-30,2022,S1,TND,Performance,Rentabilité économique,ROA,Rendement de l'actif (ROA),%,14.5956
SFBT,2022-06-30,2022,S1,TND,Performance,Rentabilité économique,ROCE,Rentabilité du capital investi (ROCE),%,10.5907
SFBT,2022-06-30,2022,S1,TND,Performance,Rentabilité économique,REND_IMMO,Rendement brut des immobilisations,%,18.995
SFBT,2022-06-30,2022,S1,TND,Performance,Rentabilité économique,REND_RES_STABLE,Rendement brut des ressources stables,%,12.3574
SFBT,2022-06-30,2022,S1,TND,Performance,Rentabilité d'exploitation,MARGE_BRUTE_EXPL,Marge brute d'exploitation,%,30.1191
SFBT,2022-06-30,2022,S1,TND,Performance,Rentabilité d'exploitation,MARGE_BENEF_EXPL,Marge bénéficiaire d'exploitation,%,25.8129
SFBT,2022-06-30,2022,S1,TND,Performance,Rentabilité opérationnelle,REND_GLOBAL_NET,Rendement global net,%,14.5956
SFBT,2022-06-30,2022,S1,TND,Performance,Rentabilité opérationnelle,CREATION_VALEUR,Création de valeur annuelle,montant,21493895.3018
SFBT,2022-06-30,2022,S1,TND,Performance,Rentabilité opérationnelle,REND_PRODUCTION,Rendement de la production,%,
SFBT,2022-06-30,2022,S1,TND,Performance,Rentabilité opérationnelle,ROT_STOCKS,Ratio de rotation des stocks,x,1.5191
SFBT,2022-06-30,2022,S1,TND,Performance,Rentabilité opérationnelle,PROFIT_OP,Profit opérationnel,montant,87867450.198
SFBT,2022-06-30,2022,S1,TND,Performance,Rentabilité financière,ROE,Rentabilité des capitaux propres (ROE),%,19.7197
SFBT,2022-06-30,2022,S1,TND,Performance,Rentabilité financière,ROI,Retour sur investissement (ROI),%,14.5956
SFBT,2022-06-30,2022,S1,TND,Performance,Rentabilité financière,PERF_PLACEMENT,Performance placement,%,92.6062
SFBT,2022-09-30,2022,9M,TND,Solidité,Liquidités,LIQ_GEN,Ratio de liquidité générale,x,
SFBT,2022-09-30,2022,9M,TND,Solidité,Liquidités,LIQ_RED,Ratio de liquidité réduite,x,
SFBT,2022-09-30,2022,9M,TND,Solidité,Liquidités,LIQ_IMM,Ratio de liquidité immédiate,x,
SFBT,2022-09-30,2022,9M,TND,Solidité,Liquidités,INT_DEF_RED,Intervalle défensif réduit,j,
SFBT,2022-09-30,2022,9M,TND,Solidité,Liquidités,INT_DEF,Intervalle défensif,j,
SFBT,2022-09-30,2022,9M,TND,Solidité,Liquidités,RFR,Ratio de fonds de roulement,%,
SFBT,2022-09-30,2022,9M,TND,Solidité,Liquidités,RBFR,Ratio de besoin en fonds de roulement,%,
SFBT,2022-09-30,2022,9M,TND,Solidité,Gestion des actifs,LEV_ECO,Ratio du levier économique,x,
SFBT,2022-09-30,2022,9M,TND,Solidité,Gestion des actifs,POIDS_IMMO,Poids des immobilisations,%,
SFBT,2022-09-30,2022,9M,TND,Solidité,Gestion des actifs,FIN_IMMO,Financement des immobilisations,x,
SFBT,2022-09-30,2022,9M,TND,Solidité,Gestion des actifs,VETUSTE,Vétusté de l'actif,%,
SFBT,2022-09-30,2022,9M,TND,Solidité,Gestion des passifs,ENDET_GLOB,Ratio d'endettement global,%,
SFBT,2022-09-30,2022,9M,TND,Solidité,Gestion des passifs,ENDET_TERME,Ratio d'endettement à terme,%,
SFBT,2022-09-30,2022,9M,TND,Solidité,Gestion des passifs,INDEP_FIN,Ratio d'indépendance financière,%,
SFBT,2022-09-30,2022,9M,TND,Solidité,Gestion des passifs,COUV_CF,Couverture des charges financières,x,
SFBT,2022-09-30,2022,9M,TND,Solidité,Gestion des passifs,POIDS_CF,Poids des charges financières,%,
SFBT,2022-09-30,2022,9M,TND,Solidité,Gestion des passifs,AUTO_FIN,Ratio d'autonomie financière,x,
SFBT,2022-09-30,2022,9M,TND,Solidité,Gestion des passifs,SOLVA,Ratio de solvabilité,x,
SFBT,2022-09-30,2022,9M,TND,Solidité,Ressources humaines,EFF_BRUT_RH,Efficacité brute des RH,x,
SFBT,2022-09-30,2022,9M,TND,Solidité,Ressources humaines,EFF_NET_RH,Efficacité nette des RH,x,
SFBT,2022-09-30,2022,9M,TND,Solidité,Gestion des risques,CONAN_HOLDER,Score de Conan & Holder,score,
SFBT,2022-09-30,2022,9M,TND,Solidité,Gestion des risques,RISQ_PLACEMENT,Risque de placement,%,
SFBT,2022-09-30,2022,9M,TND,Solidité,Gestion des risques,RISQ_COMMERCIAL,Risque commercial,%,
SFBT,2022-09-30,2022,9M,TND,Solidité,Gestion des risques,CREDIT_FOURN,Crédits moyens fournisseurs,j,
SFBT,2022-09-30,2022,9M,TND,Solidité,Gestion des risques,CREDIT_CLIENT,Crédits moyens clients,j,
SFBT,2022-09-30,2022,9M,TND,Performance,Rentabilité commerciale,RENT_COM,Rentabilité commerciale,%,
SFBT,2022-09-30,2022,9M,TND,Performance,Rentabilité commerciale,MARGE_NETTE,Ratio de la marge nette,%,
SFBT,2022-09-30,2022,9M,TND,Performance,Rentabilité commerciale,TAUX_MARQUE,Taux de marque,%,
SFBT,2022-09-30,2022,9M,TND,Performance,Rentabilité commerciale,ROT_CAP,Rotation des capitaux échangés,x,
SFBT,2022-09-30,2022,9M,TND,Performance,Rentabilité économique,ROA,Rendement de l'actif (ROA),%,
SFBT,2022-09-30,2022,9M,TND,Performance,Rentabilité économique,ROCE,Rentabilité du capital investi (ROCE),%,
SFBT,2022-09-30,2022,9M,TND,Performance,Rentabilité économique,REND_IMMO,Rendement brut des immobilisations,%,
SFBT,2022-09-30,2022,9M,TND,Performance,Rentabilité économique,REND_RES_STABLE,Rendement brut des ressources stables,%,
SFBT,2022-09-30,2022,9M,TND,Performance,Rentabilité d'exploitation,MARGE_BRUTE_EXPL,Marge brute d'exploitation,%,
SFBT,2022-09-30,2022,9M,TND,Performance,Rentabilité d'exploitation,MARGE_BENEF_EXPL,Marge bénéficiaire d'exploitation,%,
SFBT,2022-09-30,2022,9M,TND,Performance,Rentabilité opérationnelle,REND_GLOBAL_NET,Rendement global net,%,
SFBT,2022-09-30,2022,9M,TND,Performance,Rentabilité opérationnelle,CREATION_VALEUR,Création de valeur annuelle,montant,
SFBT,2022-09-30,2022,9M,TND,Performance,Rentabilité opérationnelle,REND_PRODUCTION,Rendement de la production,%,
SFBT,2022-09-30,2022,9M,TND,Performance,Rentabilité opérationnelle,ROT_STOCKS,Ratio de rotation des stocks,x,
SFBT,2022-09-30,2022,9M,TND,Performance,Rentabilité opérationnelle,PROFIT_OP,Profit opérationnel,montant,
SFBT,2022-09-30,2022,9M,TND,Performance,Rentabilité financière,ROE,Rentabilité des capitaux propres (ROE),%,
SFBT,2022-09-30,2022,9M,TND,Performance,Rentabilité financière,ROI,Retour sur investissement (ROI),%,
SFBT,2022-09-30,2022,9M,TND,Performance,Rentabilité financière,PERF_PLACEMENT,Performance placement,%,
SFBT,2022-12-31,2022,FY,TND,Solidité,Liquidités,LIQ_GEN,Ratio de liquidité générale,x,
SFBT,2022-12-31,2022,FY,TND,Solidité,Liquidités,LIQ_RED,Ratio de liquidité réduite,x,
SFBT,2022-12-31,2022,FY,TND,Solidité,Liquidités,LIQ_IMM,Ratio de liquidité immédiate,x,
SFBT,2022-12-31,2022,FY,TND,Solidité,Liquidités,INT_DEF_RED,Intervalle défensif réduit,j,
SFBT,2022-12-31,2022,FY,TND,Solidité,Liquidités,INT_DEF,Intervalle défensif,j,
SFBT,2022-12-31,2022,FY,TND,Solidité,Liquidités,RFR,Ratio de fonds de roulement,%,
SFBT,2022-12-31,2022,FY,TND,Solidité,Liquidités,RBFR,Ratio de besoin en fonds de roulement,%,
SFBT,2022-12-31,2022,FY,TND,Solidité,Gestion des actifs,LEV_ECO,Ratio du levier économique,x,
SFBT,2022-12-31,2022,FY,TND,Solidité,Gestion des actifs,POIDS_IMMO,Poids des immobilisations,%,
SFBT,2022-12-31,2022,FY,TND,Solidité,Gestion des actifs,FIN_IMMO,Financement des immobilisations,x,
SFBT,2022-12-31,2022,FY,TND,Solidité,Gestion des actifs,VETUSTE,Vétusté de l'actif,%,
SFBT,2022-12-31,2022,FY,TND,Solidité,Gestion des passifs,ENDET_GLOB,Ratio d'endettement global,%,
SFBT,2022-12-31,2022,FY,TND,Solidité,Gestion des passifs,ENDET_TERME,Ratio d'endettement à terme,%,
SFBT,2022-12-31,2022,FY,TND,Solidité,Gestion des passifs,INDEP_FIN,Ratio d'indépendance financière,%,
SFBT,2022-12-31,2022,FY,TND,Solidité,Gestion des passifs,COUV_CF,Couverture des charges financières,x,
SFBT,2022-12-31,2022,FY,TND,Solidité,Gestion des passifs,POIDS_CF,Poids des charges financières,%,
SFBT,2022-12-31,2022,FY,TND,Solidité,Gestion des passifs,AUTO_FIN,Ratio d'autonomie financière,x,
SFBT,2022-12-31,2022,FY,TND,Solidité,Gestion des passifs,SOLVA,Ratio de solvabilité,x,
SFBT,2022-12-31,2022,FY,TND,Solidité,Ressources humaines,EFF_BRUT_RH,Efficacité brute des RH,x,
SFBT,2022-12-31,2022,FY,TND,Solidité,Ressources humaines,EFF_NET_RH,Efficacité nette des RH,x,
SFBT,2022-12-31,2022,FY,TND,Solidité,Gestion des risques,CONAN_HOLDER,Score de Conan & Holder,score,
SFBT,2022-12-31,2022,FY,TND,Solidité,Gestion des risques,RISQ_PLACEMENT,Risque de placement,%,
SFBT,2022-12-31,2022,FY,TND,Solidité,Gestion des risques,RISQ_COMMERCIAL,Risque commercial,%,
SFBT,2022-12-31,2022,FY,TND,Solidité,Gestion des risques,CREDIT_FOURN,Crédits moyens fournisseurs,j,
SFBT,2022-12-31,2022,FY,TND,Solidité,Gestion des risques,CREDIT_CLIENT,Crédits moyens clients,j,
SFBT,2022-12-31,2022,FY,TND,Performance,Rentabilité commerciale,RENT_COM,Rentabilité commerciale,%,
SFBT,2022-12-31,2022,FY,TND,Performance,Rentabilité commerciale,MARGE_NETTE,Ratio de la marge nette,%,
SFBT,2022-12-31,2022,FY,TND,Performance,Rentabilité commerciale,TAUX_MARQUE,Taux de marque,%,
SFBT,2022-12-31,2022,FY,TND,Performance,Rentabilité commerciale,ROT_CAP,Rotation des capitaux échangés,x,
SFBT,2022-12-31,2022,FY,TND,Performance,Rentabilité économique,ROA,Rendement de l'actif (ROA),%,
SFBT,2022-12-31,2022,FY,TND,Performance,Rentabilité économique,ROCE,Rentabilité du capital investi (ROCE),%,
SFBT,2022-12-31,2022,FY,TND,Performance,Rentabilité économique,REND_IMMO,Rendement brut des immobilisations,%,
SFBT,2022-12-31,2022,FY,TND,Performance,Rentabilité économique,REND_RES_STABLE,Rendement brut des ressources stables,%,
SFBT,2022-12-31,2022,FY,TND,Performance,Rentabilité d'exploitation,MARGE_BRUTE_EXPL,Marge brute d'exploitation,%,
SFBT,2022-12-31,2022,FY,TND,Performance,Rentabilité d'exploitation,MARGE_BENEF_EXPL,Marge bénéficiaire d'exploitation,%,
SFBT,2022-12-31,2022,FY,TND,Performance,Rentabilité opérationnelle,REND_GLOBAL_NET,Rendement global net,%,
SFBT,2022-12-31,2022,FY,TND,Performance,Rentabilité opérationnelle,CREATION_VALEUR,Création de valeur annuelle,montant,
SFBT,2022-12-31,2022,FY,TND,Performance,Rentabilité opérationnelle,REND_PRODUCTION,Rendement de la production,%,
SFBT,2022-12-31,2022,FY,TND,Performance,Rentabilité opérationnelle,ROT_STOCKS,Ratio de rotation des stocks,x,
SFBT,2022-12-31,2022,FY,TND,Performance,Rentabilité opérationnelle,PROFIT_OP,Profit opérationnel,montant,
SFBT,2022-12-31,2022,FY,TND,Performance,Rentabilité financière,ROE,Rentabilité des capitaux propres (ROE),%,
SFBT,2022-12-31,2022,FY,TND,Performance,Rentabilité financière,ROI,Retour sur investissement (ROI),%,
SFBT,2022-12-31,2022,FY,TND,Performance,Rentabilité financière,PERF_PLACEMENT,Performance placement,%,
SFBT,2023-03-31,2023,T1,TND,Solidité,Liquidités,LIQ_GEN,Ratio de liquidité générale,x,
SFBT,2023-03-31,2023,T1,TND,Solidité,Liquidités,LIQ_RED,Ratio de liquidité réduite,x,
SFBT,2023-03-31,2023,T1,TND,Solidité,Liquidités,LIQ_IMM,Ratio de liquidité immédiate,x,
SFBT,2023-03-31,2023,T1,TND,Solidité,Liquidités,INT_DEF_RED,Intervalle défensif réduit,j,
SFBT,2023-03-31,2023,T1,TND,Solidité,Liquidités,INT_DEF,Intervalle défensif,j,
SFBT,2023-03-31,2023,T1,TND,Solidité,Liquidités,RFR,Ratio de fonds de roulement,%,
SFBT,2023-03-31,2023,T1,TND,Solidité,Liquidités,RBFR,Ratio de besoin en fonds de roulement,%,0.0
SFBT,2023-03-31,2023,T1,TND,Solidité,Gestion des actifs,LEV_ECO,Ratio du levier économique,x,
SFBT,2023-03-31,2023,T1,TND,Solidité,Gestion des actifs,POIDS_IMMO,Poids des immobilisations,%,
SFBT,2023-03-31,2023,T1,TND,Solidité,Gestion des actifs,FIN_IMMO,Financement des immobilisations,x,
SFBT,2023-03-31,2023,T1,TND,Solidité,Gestion des actifs,VETUSTE,Vétusté de l'actif,%,
SFBT,2023-03-31,2023,T1,TND,Solidité,Gestion des passifs,ENDET_GLOB,Ratio d'endettement global,%,
SFBT,2023-03-31,2023,T1,TND,Solidité,Gestion des passifs,ENDET_TERME,Ratio d'endettement à terme,%,
SFBT,2023-03-31,2023,T1,TND,Solidité,Gestion des passifs,INDEP_FIN,Ratio d'indépendance financière,%,
SFBT,2023-03-31,2023,T1,TND,Solidité,Gestion des passifs,COUV_CF,Couverture des charges financières,x,
SFBT,2023-03-31,2023,T1,TND,Solidité,Gestion des passifs,POIDS_CF,Poids des charges financières,%,0.0
SFBT,2023-03-31,2023,T1,TND,Solidité,Gestion des passifs,AUTO_FIN,Ratio d'autonomie financière,x,
SFBT,2023-03-31,2023,T1,TND,Solidité,Gestion des passifs,SOLVA,Ratio de solvabilité,x,
SFBT,2023-03-31,2023,T1,TND,Solidité,Ressources humaines,EFF_BRUT_RH,Efficacité brute des RH,x,
SFBT,2023-03-31,2023,T1,TND,Solidité,Ressources humaines,EFF_NET_RH,Efficacité nette des RH,x,4.4483
SFBT,2023-03-31,2023,T1,TND,Solidité,Gestion des risques,CONAN_HOLDER,Score de Conan & Holder,score,
SFBT,2023-03-31,2023,T1,TND,Solidité,Gestion des risques,RISQ_PLACEMENT,Risque de placement,%,
SFBT,2023-03-31,2023,T1,TND,Solidité,Gestion des risques,RISQ_COMMERCIAL,Risque commercial,%,
SFBT,2023-03-31,2023,T1,TND,Solidité,Gestion des risques,CREDIT_FOURN,Crédits moyens fournisseurs,j,
SFBT,2023-03-31,2023,T1,TND,Solidité,Gestion des risques,CREDIT_CLIENT,Crédits moyens clients,j,
SFBT,2023-03-31,2023,T1,TND,Performance,Rentabilité commerciale,RENT_COM,Rentabilité commerciale,%,22.8374
SFBT,2023-03-31,2023,T1,TND,Performance,Rentabilité commerciale,MARGE_NETTE,Ratio de la marge nette,%,42.0156
SFBT,2023-03-31,2023,T1,TND,Performance,Rentabilité commerciale,TAUX_MARQUE,Taux de marque,%,
SFBT,2023-03-31,2023,T1,TND,Performance,Rentabilité commerciale,ROT_CAP,Rotation des capitaux échangés,x,
SFBT,2023-03-31,2023,T1,TND,Performance,Rentabilité économique,ROA,Rendement de l'actif (ROA),%,
SFBT,2023-03-31,2023,T1,TND,Performance,Rentabilité économique,ROCE,Rentabilité du capital investi (ROCE),%,
SFBT,2023-03-31,2023,T1,TND,Performance,Rentabilité économique,REND_IMMO,Rendement brut des immobilisations,%,
SFBT,2023-03-31,2023,T1,TND,Performance,Rentabilité économique,REND_RES_STABLE,Rendement brut des ressources stables,%,
SFBT,2023-03-31,2023,T1,TND,Performance,Rentabilité d'exploitation,MARGE_BRUTE_EXPL,Marge brute d'exploitation,%,26.3813
SFBT,2023-03-31,2023,T1,TND,Performance,Rentabilité d'exploitation,MARGE_BENEF_EXPL,Marge bénéficiaire d'exploitation,%,22.8374
SFBT,2023-03-31,2023,T1,TND,Performance,Rentabilité opérationnelle,REND_GLOBAL_NET,Rendement global net,%,
SFBT,2023-03-31,2023,T1,TND,Performance,Rentabilité opérationnelle,CREATION_VALEUR,Création de valeur annuelle,montant,
SFBT,2023-03-31,2023,T1,TND,Performance,Rentabilité opérationnelle,REND_PRODUCTION,Rendement de la production,%,
SFBT,2023-03-31,2023,T1,TND,Performance,Rentabilité opérationnelle,ROT_STOCKS,Ratio de rotation des stocks,x,
SFBT,2023-03-31,2023,T1,TND,Performance,Rentabilité opérationnelle,PROFIT_OP,Profit opérationnel,montant,40824575.367
SFBT,2023-03-31,2023,T1,TND,Performance,Rentabilité financière,ROE,Rentabilité des capitaux propres (ROE),%,
SFBT,2023-03-31,2023,T1,TND,Performance,Rentabilité financière,ROI,Retour sur investissement (ROI),%,
SFBT,2023-03-31,2023,T1,TND,Performance,Rentabilité financière,PERF_PLACEMENT,Performance placement,%,
SFBT,2023-06-30,2023,S1,TND,Solidité,Liquidités,LIQ_GEN,Ratio de liquidité générale,x,2.9049
SFBT,2023-06-30,2023,S1,TND,Solidité,Liquidités,LIQ_RED,Ratio de liquidité réduite,x,2.1081
SFBT,2023-06-30,2023,S1,TND,Solidité,Liquidités,LIQ_IMM,Ratio de liquidité immédiate,x,0.4174
SFBT,2023-06-30,2023,S1,TND,Solidité,Liquidités,INT_DEF_RED,Intervalle défensif réduit,j,295.7712
SFBT,2023-06-30,2023,S1,TND,Solidité,Liquidités,INT_DEF,Intervalle défensif,j,495.0996
SFBT,2023-06-30,2023,S1,TND,Solidité,Liquidités,RFR,Ratio de fonds de roulement,%,33.3821
SFBT,2023-06-30,2023,S1,TND,Solidité,Liquidités,RBFR,Ratio de besoin en fonds de roulement,%,65.9432
SFBT,2023-06-30,2023,S1,TND,Solidité,Gestion des actifs,LEV_ECO,Ratio du levier économique,x,1.3589
SFBT,2023-06-30,2023,S1,TND,Solidité,Gestion des actifs,POIDS_IMMO,Poids des immobilisations,%,49.1073
SFBT,2023-06-30,2023,S1,TND,Solidité,Gestion des actifs,FIN_IMMO,Financement des immobilisations,x,1.6798
SFBT,2023-06-30,2023,S1,TND,Solidité,Gestion des actifs,VETUSTE,Vétusté de l'actif,%,55.0601
SFBT,2023-06-30,2023,S1,TND,Solidité,Gestion des passifs,ENDET_GLOB,Ratio d'endettement global,%,26.4135
SFBT,2023-06-30,2023,S1,TND,Solidité,Gestion des passifs,ENDET_TERME,Ratio d'endettement à terme,%,12.0986
SFBT,2023-06-30,2023,S1,TND,Solidité,Gestion des passifs,INDEP_FIN,Ratio d'indépendance financière,%,73.5865
SFBT,2023-06-30,2023,S1,TND,Solidité,Gestion des passifs,COUV_CF,Couverture des charges financières,x,
SFBT,2023-06-30,2023,S1,TND,Solidité,Gestion des passifs,POIDS_CF,Poids des charges financières,%,0.0
SFBT,2023-06-30,2023,S1,TND,Solidité,Gestion des passifs,AUTO_FIN,Ratio d'autonomie financière,x,2.7859
SFBT,2023-06-30,2023,S1,TND,Solidité,Gestion des passifs,SOLVA,Ratio de solvabilité,x,3.7859
SFBT,2023-06-30,2023,S1,TND,Solidité,Ressources humaines,EFF_BRUT_RH,Efficacité brute des RH,x,
SFBT,2023-06-30,2023,S1,TND,Solidité,Ressources humaines,EFF_NET_RH,Efficacité nette des RH,x,4.4483
SFBT,2023-06-30,2023,S1,TND,Solidité,Gestion des risques,CONAN_HOLDER,Score de Conan & Holder,score,
SFBT,2023-06-30,2023,S1,TND,Solidité,Gestion des risques,RISQ_PLACEMENT,Risque de placement,%,12.6415
SFBT,2023-06-30,2023,S1,TND,Solidité,Gestion des risques,RISQ_COMMERCIAL,Risque commercial,%,40.7444
SFBT,2023-06-30,2023,S1,TND,Solidité,Gestion des risques,CREDIT_FOURN,Crédits moyens fournisseurs,j,91.4605
SFBT,2023-06-30,2023,S1,TND,Solidité,Gestion des risques,CREDIT_CLIENT,Crédits moyens clients,j,124.9723
SFBT,2023-06-30,2023,S1,TND,Performance,Rentabilité commerciale,RENT_COM,Rentabilité commerciale,%,22.8374
SFBT,2023-06-30,2023,S1,TND,Performance,Rentabilité commerciale,MARGE_NETTE,Ratio de la marge nette,%,42.0156
SFBT,2023-06-30,2023,S1,TND,Performance,Rentabilité commerciale,TAUX_MARQUE,Taux de marque,%,
SFBT,2023-06-30,2023,S1,TND,Performance,Rentabilité commerciale,ROT_CAP,Rotation des capitaux échangés,x,0.4484
SFBT,2023-06-30,2023,S1,TND,Performance,Rentabilité économique,ROA,Rendement de l'actif (ROA),%,13.8644
SFBT,2023-06-30,2023,S1,TND,Performance,Rentabilité économique,ROCE,Rentabilité du capital investi (ROCE),%,9.1357
SFBT,2023-06-30,2023,S1,TND,Performance,Rentabilité économique,REND_IMMO,Rendement brut des immobilisations,%,17.7273
SFBT,2023-06-30,2023,S1,TND,Performance,Rentabilité économique,REND_RES_STABLE,Rendement brut des ressources stables,%,10.5533
SFBT,2023-06-30,2023,S1,TND,Performance,Rentabilité d'exploitation,MARGE_BRUTE_EXPL,Marge brute d'exploitation,%,26.3813
SFBT,2023-06-30,2023,S1,TND,Performance,Rentabilité d'exploitation,MARGE_BENEF_EXPL,Marge bénéficiaire d'exploitation,%,22.8374
SFBT,2023-06-30,2023,S1,TND,Performance,Rentabilité opérationnelle,REND_GLOBAL_NET,Rendement global net,%,13.8644
SFBT,2023-06-30,2023,S1,TND,Performance,Rentabilité opérationnelle,CREATION_VALEUR,Création de valeur annuelle,montant,10149887.4472
SFBT,2023-06-30,2023,S1,TND,Performance,Rentabilité opérationnelle,REND_PRODUCTION,Rendement de la production,%,
SFBT,2023-06-30,2023,S1,TND,Performance,Rentabilité opérationnelle,ROT_STOCKS,Ratio de rotation des stocks,x,1.3549
SFBT,2023-06-30,2023,S1,TND,Performance,Rentabilité opérationnelle,PROFIT_OP,Profit opérationnel,montant,81649150.735
SFBT,2023-06-30,2023,S1,TND,Performance,Rentabilité financière,ROE,Rentabilité des capitaux propres (ROE),%,18.841
SFBT,2023-06-30,2023,S1,TND,Performance,Rentabilité financière,ROI,Retour sur investissement (ROI),%,13.8644
SFBT,2023-06-30,2023,S1,TND,Performance,Rentabilité financière,PERF_PLACEMENT,Performance placement,%,61.498
SFBT,2023-09-30,2023,9M,TND,Solidité,Liquidités,LIQ_GEN,Ratio de liquidité générale,x,3.3664
SFBT,2023-09-30,2023,9M,TND,Solidité,Liquidités,LIQ_RED,Ratio de liquidité réduite,x,2.5488
SFBT,2023-09-30,2023,9M,TND,Solidité,Liquidités,LIQ_IMM,Ratio de liquidité immédiate,x,0.5493
SFBT,2023-09-30,2023,9M,TND,Solidité,Liquidités,INT_DEF_RED,Intervalle défensif réduit,j,229.0697
SFBT,2023-09-30,2023,9M,TND,Solidité,Liquidités,INT_DEF,Intervalle défensif,j,351.1847
SFBT,2023-09-30,2023,9M,TND,Solidité,Liquidités,RFR,Ratio de fonds de roulement,%,36.862
SFBT,2023-09-30,2023,9M,TND,Solidité,Liquidités,RBFR,Ratio de besoin en fonds de roulement,%,38.7507
SFBT,2023-09-30,2023,9M,TND,Solidité,Gestion des actifs,LEV_ECO,Ratio du levier économique,x,1.3286
SFBT,2023-09-30,2023,9M,TND,Solidité,Gestion des actifs,POIDS_IMMO,Poids des immobilisations,%,47.5719
SFBT,2023-09-30,2023,9M,TND,Solidité,Gestion des actifs,FIN_IMMO,Financement des immobilisations,x,1.7749
SFBT,2023-09-30,2023,9M,TND,Solidité,Gestion des actifs,VETUSTE,Vétusté de l'actif,%,55.6299
SFBT,2023-09-30,2023,9M,TND,Solidité,Gestion des passifs,ENDET_GLOB,Ratio d'endettement global,%,24.7342
SFBT,2023-09-30,2023,9M,TND,Solidité,Gestion des passifs,ENDET_TERME,Ratio d'endettement à terme,%,12.1809
SFBT,2023-09-30,2023,9M,TND,Solidité,Gestion des passifs,INDEP_FIN,Ratio d'indépendance financière,%,75.2658
SFBT,2023-09-30,2023,9M,TND,Solidité,Gestion des passifs,COUV_CF,Couverture des charges financières,x,
SFBT,2023-09-30,2023,9M,TND,Solidité,Gestion des passifs,POIDS_CF,Poids des charges financières,%,0.0
SFBT,2023-09-30,2023,9M,TND,Solidité,Gestion des passifs,AUTO_FIN,Ratio d'autonomie financière,x,3.043
SFBT,2023-09-30,2023,9M,TND,Solidité,Gestion des passifs,SOLVA,Ratio de solvabilité,x,4.043
SFBT,2023-09-30,2023,9M,TND,Solidité,Ressources humaines,EFF_BRUT_RH,Efficacité brute des RH,x,
SFBT,2023-09-30,2023,9M,TND,Solidité,Ressources humaines,EFF_NET_RH,Efficacité nette des RH,x,5.1751
SFBT,2023-09-30,2023,9M,TND,Solidité,Gestion des risques,CONAN_HOLDER,Score de Conan & Holder,score,
SFBT,2023-09-30,2023,9M,TND,Solidité,Gestion des risques,RISQ_PLACEMENT,Risque de placement,%,15.4719
SFBT,2023-09-30,2023,9M,TND,Solidité,Gestion des risques,RISQ_COMMERCIAL,Risque commercial,%,24.3886
SFBT,2023-09-30,2023,9M,TND,Solidité,Gestion des risques,CREDIT_FOURN,Crédits moyens fournisseurs,j,55.4178
SFBT,2023-09-30,2023,9M,TND,Solidité,Gestion des risques,CREDIT_CLIENT,Crédits moyens clients,j,74.8053
SFBT,2023-09-30,2023,9M,TND,Performance,Rentabilité commerciale,RENT_COM,Rentabilité commerciale,%,23.5813
SFBT,2023-09-30,2023,9M,TND,Performance,Rentabilité commerciale,MARGE_NETTE,Ratio de la marge nette,%,34.0893
SFBT,2023-09-30,2023,9M,TND,Performance,Rentabilité commerciale,TAUX_MARQUE,Taux de marque,%,
SFBT,2023-09-30,2023,9M,TND,Performance,Rentabilité commerciale,ROT_CAP,Rotation des capitaux échangés,x,0.6976
SFBT,2023-09-30,2023,9M,TND,Performance,Rentabilité économique,ROA,Rendement de l'actif (ROA),%,17.8996
SFBT,2023-09-30,2023,9M,TND,Performance,Rentabilité économique,ROCE,Rentabilité du capital investi (ROCE),%,14.6649
SFBT,2023-09-30,2023,9M,TND,Performance,Rentabilité économique,REND_IMMO,Rendement brut des immobilisations,%,30.88
SFBT,2023-09-30,2023,9M,TND,Performance,Rentabilité économique,REND_RES_STABLE,Rendement brut des ressources stables,%,17.3984
SFBT,2023-09-30,2023,9M,TND,Performance,Rentabilité d'exploitation,MARGE_BRUTE_EXPL,Marge brute d'exploitation,%,27.9769
SFBT,2023-09-30,2023,9M,TND,Performance,Rentabilité d'exploitation,MARGE_BENEF_EXPL,Marge bénéficiaire d'exploitation,%,23.5813
SFBT,2023-09-30,2023,9M,TND,Performance,Rentabilité opérationnelle,REND_GLOBAL_NET,Rendement global net,%,17.8996
SFBT,2023-09-30,2023,9M,TND,Performance,Rentabilité opérationnelle,CREATION_VALEUR,Création de valeur annuelle,montant,63466686.4198
SFBT,2023-09-30,2023,9M,TND,Performance,Rentabilité opérationnelle,REND_PRODUCTION,Rendement de la production,%,
SFBT,2023-09-30,2023,9M,TND,Performance,Rentabilité opérationnelle,ROT_STOCKS,Ratio de rotation des stocks,x,2.255
SFBT,2023-09-30,2023,9M,TND,Performance,Rentabilité opérationnelle,PROFIT_OP,Profit opérationnel,montant,139647203.324
SFBT,2023-09-30,2023,9M,TND,Performance,Rentabilité financière,ROE,Rentabilité des capitaux propres (ROE),%,23.7819
SFBT,2023-09-30,2023,9M,TND,Performance,Rentabilité financière,ROI,Retour sur investissement (ROI),%,17.8996
SFBT,2023-09-30,2023,9M,TND,Performance,Rentabilité financière,PERF_PLACEMENT,Performance placement,%,50.5782
SFBT,2023-12-31,2023,FY,TND,Solidité,Liquidités,LIQ_GEN,Ratio de liquidité générale,x,3.909
SFBT,2023-12-31,2023,FY,TND,Solidité,Liquidités,LIQ_RED,Ratio de liquidité réduite,x,3.0669
SFBT,2023-12-31,2023,FY,TND,Solidité,Liquidités,LIQ_IMM,Ratio de liquidité immédiate,x,0.7043
SFBT,2023-12-31,2023,FY,TND,Solidité,Liquidités,INT_DEF_RED,Intervalle défensif réduit,j,199.249
SFBT,2023-12-31,2023,FY,TND,Solidité,Liquidités,INT_DEF,Intervalle défensif,j,286.8436
SFBT,2023-12-31,2023,FY,TND,Solidité,Liquidités,RFR,Ratio de fonds de roulement,%,40.0785
SFBT,2023-12-31,2023,FY,TND,Solidité,Liquidités,RBFR,Ratio de besoin en fonds de roulement,%,26.9931
SFBT,2023-12-31,2023,FY,TND,Solidité,Gestion des actifs,LEV_ECO,Ratio du levier économique,x,1.3018
SFBT,2023-12-31,2023,FY,TND,Solidité,Gestion des actifs,POIDS_IMMO,Poids des immobilisations,%,46.1526
SFBT,2023-12-31,2023,FY,TND,Solidité,Gestion des actifs,FIN_IMMO,Financement des immobilisations,x,1.8684
SFBT,2023-12-31,2023,FY,TND,Solidité,Gestion des actifs,VETUSTE,Vétusté de l'actif,%,56.4998
SFBT,2023-12-31,2023,FY,TND,Solidité,Gestion des passifs,ENDET_GLOB,Ratio d'endettement global,%,23.182
SFBT,2023-12-31,2023,FY,TND,Solidité,Gestion des passifs,ENDET_TERME,Ratio d'endettement à terme,%,12.2539
SFBT,2023-12-31,2023,FY,TND,Solidité,Gestion des passifs,INDEP_FIN,Ratio d'indépendance financière,%,76.818
SFBT,2023-12-31,2023,FY,TND,Solidité,Gestion des passifs,COUV_CF,Couverture des charges financières,x,
SFBT,2023-12-31,2023,FY,TND,Solidité,Gestion des passifs,POIDS_CF,Poids des charges financières,%,0.0
SFBT,2023-12-31,2023,FY,TND,Solidité,Gestion des passifs,AUTO_FIN,Ratio d'autonomie financière,x,3.3137
SFBT,2023-12-31,2023,FY,TND,Solidité,Gestion des passifs,SOLVA,Ratio de solvabilité,x,4.3137
SFBT,2023-12-31,2023,FY,TND,Solidité,Ressources humaines,EFF_BRUT_RH,Efficacité brute des RH,x,6.6314
SFBT,2023-12-31,2023,FY,TND,Solidité,Ressources humaines,EFF_NET_RH,Efficacité nette des RH,x,5.5349
SFBT,2023-12-31,2023,FY,TND,Solidité,Gestion des risques,CONAN_HOLDER,Score de Conan & Holder,score,0.4515
SFBT,2023-12-31,2023,FY,TND,Solidité,Gestion des risques,RISQ_PLACEMENT,Risque de placement,%,18.0881
SFBT,2023-12-31,2023,FY,TND,Solidité,Gestion des risques,RISQ_COMMERCIAL,Risque commercial,%,17.3166
SFBT,2023-12-31,2023,FY,TND,Solidité,Gestion des risques,CREDIT_FOURN,Crédits moyens fournisseurs,j,38.7353
SFBT,2023-12-31,2023,FY,TND,Solidité,Gestion des risques,CREDIT_CLIENT,Crédits moyens clients,j,53.1139
SFBT,2023-12-31,2023,FY,TND,Performance,Rentabilité commerciale,RENT_COM,Rentabilité commerciale,%,23.903
SFBT,2023-12-31,2023,FY,TND,Performance,Rentabilité commerciale,MARGE_NETTE,Ratio de la marge nette,%,30.662
SFBT,2023-12-31,2023,FY,TND,Performance,Rentabilité commerciale,TAUX_MARQUE,Taux de marque,%,42.0427
SFBT,2023-12-31,2023,FY,TND,Performance,Rentabilité commerciale,ROT_CAP,Rotation des capitaux échangés,x,0.9183
SFBT,2023-12-31,2023,FY,TND,Performance,Rentabilité économique,ROA,Rendement de l'actif (ROA),%,21.6295
SFBT,2023-12-31,2023,FY,TND,Performance,Rentabilité économique,ROCE,Rentabilité du capital investi (ROCE),%,19.5539
SFBT,2023-12-31,2023,FY,TND,Performance,Rentabilité économique,REND_IMMO,Rendement brut des immobilisations,%,43.8157
SFBT,2023-12-31,2023,FY,TND,Performance,Rentabilité économique,REND_RES_STABLE,Rendement brut des ressources stables,%,23.451
SFBT,2023-12-31,2023,FY,TND,Performance,Rentabilité d'exploitation,MARGE_BRUTE_EXPL,Marge brute d'exploitation,%,28.6668
SFBT,2023-12-31,2023,FY,TND,Performance,Rentabilité d'exploitation,MARGE_BENEF_EXPL,Marge bénéficiaire d'exploitation,%,23.903
SFBT,2023-12-31,2023,FY,TND,Performance,Rentabilité opérationnelle,REND_GLOBAL_NET,Rendement global net,%,21.6295
SFBT,2023-12-31,2023,FY,TND,Performance,Rentabilité opérationnelle,CREATION_VALEUR,Création de valeur annuelle,montant,116783485.3934
SFBT,2023-12-31,2023,FY,TND,Performance,Rentabilité opérationnelle,REND_PRODUCTION,Rendement de la production,%,25.8859
SFBT,2023-12-31,2023,FY,TND,Performance,Rentabilité opérationnelle,ROT_STOCKS,Ratio de rotation des stocks,x,3.2563
SFBT,2023-12-31,2023,FY,TND,Performance,Rentabilité opérationnelle,PROFIT_OP,Profit opérationnel,montant,197645255.914
SFBT,2023-12-31,2023,FY,TND,Performance,Rentabilité financière,ROE,Rentabilité des capitaux propres (ROE),%,28.1568
SFBT,2023-12-31,2023,FY,TND,Performance,Rentabilité financière,ROI,Retour sur investissement (ROI),%,21.6295
SFBT,2023-12-31,2023,FY,TND,Performance,Rentabilité financière,PERF_PLACEMENT,Performance placement,%,43.5241
SFBT,2024-03-31,2024,T1,TND,Solidité,Liquidités,LIQ_GEN,Ratio de liquidité générale,x,3.371
SFBT,2024-03-31,2024,T1,TND,Solidité,Liquidités,LIQ_RED,Ratio de liquidité réduite,x,2.6001
SFBT,2024-03-31,2024,T1,TND,Solidité,Liquidités,LIQ_IMM,Ratio de liquidité immédiate,x,0.4961
SFBT,2024-03-31,2024,T1,TND,Solidité,Liquidités,INT_DEF_RED,Intervalle défensif réduit,j,734.3924
SFBT,2024-03-31,2024,T1,TND,Solidité,Liquidités,INT_DEF,Intervalle défensif,j,1225.8972
SFBT,2024-03-31,2024,T1,TND,Solidité,Liquidités,RFR,Ratio de fonds de roulement,%,37.9063
SFBT,2024-03-31,2024,T1,TND,Solidité,Liquidités,RBFR,Ratio de besoin en fonds de roulement,%,139.7473
SFBT,2024-03-31,2024,T1,TND,Solidité,Gestion des actifs,LEV_ECO,Ratio du levier économique,x,1.3421
SFBT,2024-03-31,2024,T1,TND,Solidité,Gestion des actifs,POIDS_IMMO,Poids des immobilisations,%,46.1292
SFBT,2024-03-31,2024,T1,TND,Solidité,Gestion des actifs,FIN_IMMO,Financement des immobilisations,x,1.8217
SFBT,2024-03-31,2024,T1,TND,Solidité,Gestion des actifs,VETUSTE,Vétusté de l'actif,%,56.7873
SFBT,2024-03-31,2024,T1,TND,Solidité,Gestion des passifs,ENDET_GLOB,Ratio d'endettement global,%,25.4921
SFBT,2024-03-31,2024,T1,TND,Solidité,Gestion des passifs,ENDET_TERME,Ratio d'endettement à terme,%,12.7875
SFBT,2024-03-31,2024,T1,TND,Solidité,Gestion des passifs,INDEP_FIN,Ratio d'indépendance financière,%,74.5079
SFBT,2024-03-31,2024,T1,TND,Solidité,Gestion des passifs,COUV_CF,Couverture des charges financières,x,
SFBT,2024-03-31,2024,T1,TND,Solidité,Gestion des passifs,POIDS_CF,Poids des charges financières,%,0.0
SFBT,2024-03-31,2024,T1,TND,Solidité,Gestion des passifs,AUTO_FIN,Ratio d'autonomie financière,x,2.9228
SFBT,2024-03-31,2024,T1,TND,Solidité,Gestion des passifs,SOLVA,Ratio de solvabilité,x,3.9228
SFBT,2024-03-31,2024,T1,TND,Solidité,Ressources humaines,EFF_BRUT_RH,Efficacité brute des RH,x,
SFBT,2024-03-31,2024,T1,TND,Solidité,Ressources humaines,EFF_NET_RH,Efficacité nette des RH,x,4.1939
SFBT,2024-03-31,2024,T1,TND,Solidité,Gestion des risques,CONAN_HOLDER,Score de Conan & Holder,score,
SFBT,2024-03-31,2024,T1,TND,Solidité,Gestion des risques,RISQ_PLACEMENT,Risque de placement,%,15.5227
SFBT,2024-03-31,2024,T1,TND,Solidité,Gestion des risques,RISQ_COMMERCIAL,Risque commercial,%,100.7772
SFBT,2024-03-31,2024,T1,TND,Solidité,Gestion des risques,CREDIT_FOURN,Crédits moyens fournisseurs,j,233.6836
SFBT,2024-03-31,2024,T1,TND,Solidité,Gestion des risques,CREDIT_CLIENT,Crédits moyens clients,j,309.1064
SFBT,2024-03-31,2024,T1,TND,Performance,Rentabilité commerciale,RENT_COM,Rentabilité commerciale,%,21.6235
SFBT,2024-03-31,2024,T1,TND,Performance,Rentabilité commerciale,MARGE_NETTE,Ratio de la marge nette,%,42.1223
SFBT,2024-03-31,2024,T1,TND,Performance,Rentabilité commerciale,TAUX_MARQUE,Taux de marque,%,
SFBT,2024-03-31,2024,T1,TND,Performance,Rentabilité commerciale,ROT_CAP,Rotation des capitaux échangés,x,0.2089
SFBT,2024-03-31,2024,T1,TND,Performance,Rentabilité économique,ROA,Rendement de l'actif (ROA),%,6.5576
SFBT,2024-03-31,2024,T1,TND,Performance,Rentabilité économique,ROCE,Rentabilité du capital investi (ROCE),%,4.0058
SFBT,2024-03-31,2024,T1,TND,Performance,Rentabilité économique,REND_IMMO,Rendement brut des immobilisations,%,8.7587
SFBT,2024-03-31,2024,T1,TND,Performance,Rentabilité économique,REND_RES_STABLE,Rendement brut des ressources stables,%,4.8079
SFBT,2024-03-31,2024,T1,TND,Performance,Rentabilité d'exploitation,MARGE_BRUTE_EXPL,Marge brute d'exploitation,%,25.953
SFBT,2024-03-31,2024,T1,TND,Performance,Rentabilité d'exploitation,MARGE_BENEF_EXPL,Marge bénéficiaire d'exploitation,%,21.6235
SFBT,2024-03-31,2024,T1,TND,Performance,Rentabilité opérationnelle,REND_GLOBAL_NET,Rendement global net,%,6.5576
SFBT,2024-03-31,2024,T1,TND,Performance,Rentabilité opérationnelle,CREATION_VALEUR,Création de valeur annuelle,montant,-39573280.3684
SFBT,2024-03-31,2024,T1,TND,Performance,Rentabilité opérationnelle,REND_PRODUCTION,Rendement de la production,%,
SFBT,2024-03-31,2024,T1,TND,Performance,Rentabilité opérationnelle,ROT_STOCKS,Ratio de rotation des stocks,x,0.6655
SFBT,2024-03-31,2024,T1,TND,Performance,Rentabilité opérationnelle,PROFIT_OP,Profit opérationnel,montant,39689034.601
SFBT,2024-03-31,2024,T1,TND,Performance,Rentabilité financière,ROE,Rentabilité des capitaux propres (ROE),%,8.8012
SFBT,2024-03-31,2024,T1,TND,Performance,Rentabilité financière,ROI,Retour sur investissement (ROI),%,6.5576
SFBT,2024-03-31,2024,T1,TND,Performance,Rentabilité financière,PERF_PLACEMENT,Performance placement,%,25.8418
SFBT,2024-06-30,2024,S1,TND,Solidité,Liquidités,LIQ_GEN,Ratio de liquidité générale,x,2.9672
SFBT,2024-06-30,2024,S1,TND,Solidité,Liquidités,LIQ_RED,Ratio de liquidité réduite,x,2.2497
SFBT,2024-06-30,2024,S1,TND,Solidité,Liquidités,LIQ_IMM,Ratio de liquidité immédiate,x,0.3397
SFBT,2024-06-30,2024,S1,TND,Solidité,Liquidités,INT_DEF_RED,Intervalle défensif réduit,j,301.6712
SFBT,2024-06-30,2024,S1,TND,Solidité,Liquidités,INT_DEF,Intervalle défensif,j,602.9416
SFBT,2024-06-30,2024,S1,TND,Solidité,Liquidités,RFR,Ratio de fonds de roulement,%,35.7592
SFBT,2024-06-30,2024,S1,TND,Solidité,Liquidités,RBFR,Ratio de besoin en fonds de roulement,%,78.9459
SFBT,2024-06-30,2024,S1,TND,Solidité,Gestion des actifs,LEV_ECO,Ratio du levier économique,x,1.3846
SFBT,2024-06-30,2024,S1,TND,Solidité,Gestion des actifs,POIDS_IMMO,Poids des immobilisations,%,46.1062
SFBT,2024-06-30,2024,S1,TND,Solidité,Gestion des actifs,FIN_IMMO,Financement des immobilisations,x,1.7756
SFBT,2024-06-30,2024,S1,TND,Solidité,Gestion des actifs,VETUSTE,Vétusté de l'actif,%,57.3751
SFBT,2024-06-30,2024,S1,TND,Solidité,Gestion des passifs,ENDET_GLOB,Ratio d'endettement global,%,27.7755
SFBT,2024-06-30,2024,S1,TND,Solidité,Gestion des passifs,ENDET_TERME,Ratio d'endettement à terme,%,13.3485
SFBT,2024-06-30,2024,S1,TND,Solidité,Gestion des passifs,INDEP_FIN,Ratio d'indépendance financière,%,72.2245
SFBT,2024-06-30,2024,S1,TND,Solidité,Gestion des passifs,COUV_CF,Couverture des charges financières,x,
SFBT,2024-06-30,2024,S1,TND,Solidité,Gestion des passifs,POIDS_CF,Poids des charges financières,%,0.0
SFBT,2024-06-30,2024,S1,TND,Solidité,Gestion des passifs,AUTO_FIN,Ratio d'autonomie financière,x,2.6003
SFBT,2024-06-30,2024,S1,TND,Solidité,Gestion des passifs,SOLVA,Ratio de solvabilité,x,3.6003
SFBT,2024-06-30,2024,S1,TND,Solidité,Ressources humaines,EFF_BRUT_RH,Efficacité brute des RH,x,
SFBT,2024-06-30,2024,S1,TND,Solidité,Ressources humaines,EFF_NET_RH,Efficacité nette des RH,x,4.1939
SFBT,2024-06-30,2024,S1,TND,Solidité,Gestion des risques,CONAN_HOLDER,Score de Conan & Holder,score,
SFBT,2024-06-30,2024,S1,TND,Solidité,Gestion des risques,RISQ_PLACEMENT,Risque de placement,%,12.9867
SFBT,2024-06-30,2024,S1,TND,Solidité,Gestion des risques,RISQ_COMMERCIAL,Risque commercial,%,61.7719
SFBT,2024-06-30,2024,S1,TND,Solidité,Gestion des risques,CREDIT_FOURN,Crédits moyens fournisseurs,j,144.9299
SFBT,2024-06-30,2024,S1,TND,Solidité,Gestion des risques,CREDIT_CLIENT,Crédits moyens clients,j,189.4684
SFBT,2024-06-30,2024,S1,TND,Performance,Rentabilité commerciale,RENT_COM,Rentabilité commerciale,%,21.6235
SFBT,2024-06-30,2024,S1,TND,Performance,Rentabilité commerciale,MARGE_NETTE,Ratio de la marge nette,%,42.1223
SFBT,2024-06-30,2024,S1,TND,Performance,Rentabilité commerciale,TAUX_MARQUE,Taux de marque,%,
SFBT,2024-06-30,2024,S1,TND,Performance,Rentabilité commerciale,ROT_CAP,Rotation des capitaux échangés,x,0.4286
SFBT,2024-06-30,2024,S1,TND,Performance,Rentabilité économique,ROA,Rendement de l'actif (ROA),%,13.0395
SFBT,2024-06-30,2024,S1,TND,Performance,Rentabilité économique,ROCE,Rentabilité du capital investi (ROCE),%,8.1767
SFBT,2024-06-30,2024,S1,TND,Performance,Rentabilité économique,REND_IMMO,Rendement brut des immobilisations,%,17.4252
SFBT,2024-06-30,2024,S1,TND,Performance,Rentabilité économique,REND_RES_STABLE,Rendement brut des ressources stables,%,9.8138
SFBT,2024-06-30,2024,S1,TND,Performance,Rentabilité d'exploitation,MARGE_BRUTE_EXPL,Marge brute d'exploitation,%,25.953
SFBT,2024-06-30,2024,S1,TND,Performance,Rentabilité d'exploitation,MARGE_BENEF_EXPL,Marge bénéficiaire d'exploitation,%,21.6235
SFBT,2024-06-30,2024,S1,TND,Performance,Rentabilité opérationnelle,REND_GLOBAL_NET,Rendement global net,%,13.0395
SFBT,2024-06-30,2024,S1,TND,Performance,Rentabilité opérationnelle,CREATION_VALEUR,Création de valeur annuelle,montant,1715209.7838
SFBT,2024-06-30,2024,S1,TND,Performance,Rentabilité opérationnelle,REND_PRODUCTION,Rendement de la production,%,
SFBT,2024-06-30,2024,S1,TND,Performance,Rentabilité opérationnelle,ROT_STOCKS,Ratio de rotation des stocks,x,1.2517
SFBT,2024-06-30,2024,S1,TND,Performance,Rentabilité opérationnelle,PROFIT_OP,Profit opérationnel,montant,79378069.202
SFBT,2024-06-30,2024,S1,TND,Performance,Rentabilité financière,ROE,Rentabilité des capitaux propres (ROE),%,18.0542
SFBT,2024-06-30,2024,S1,TND,Performance,Rentabilité financière,ROI,Retour sur investissement (ROI),%,13.0395
SFBT,2024-06-30,2024,S1,TND,Performance,Rentabilité financière,PERF_PLACEMENT,Performance placement,%,61.4199
SFBT,2024-09-30,2024,9M,TND,Solidité,Liquidités,LIQ_GEN,Ratio de liquidité générale,x,3.1973
SFBT,2024-09-30,2024,9M,TND,Solidité,Liquidités,LIQ_RED,Ratio de liquidité réduite,x,2.4787
SFBT,2024-09-30,2024,9M,TND,Solidité,Liquidités,LIQ_IMM,Ratio de liquidité immédiate,x,0.4815
SFBT,2024-09-30,2024,9M,TND,Solidité,Liquidités,INT_DEF_RED,Intervalle défensif réduit,j,263.3169
SFBT,2024-09-30,2024,9M,TND,Solidité,Liquidités,INT_DEF,Intervalle défensif,j,417.2086
SFBT,2024-09-30,2024,9M,TND,Solidité,Liquidités,RFR,Ratio de fonds de roulement,%,38.0548
SFBT,2024-09-30,2024,9M,TND,Solidité,Liquidités,RBFR,Ratio de besoin en fonds de roulement,%,42.0311
SFBT,2024-09-30,2024,9M,TND,Solidité,Gestion des actifs,LEV_ECO,Ratio du levier économique,x,1.363
SFBT,2024-09-30,2024,9M,TND,Solidité,Gestion des actifs,POIDS_IMMO,Poids des immobilisations,%,44.665
SFBT,2024-09-30,2024,9M,TND,Solidité,Gestion des actifs,FIN_IMMO,Financement des immobilisations,x,1.852
SFBT,2024-09-30,2024,9M,TND,Solidité,Gestion des actifs,VETUSTE,Vétusté de l'actif,%,57.6247
SFBT,2024-09-30,2024,9M,TND,Solidité,Gestion des passifs,ENDET_GLOB,Ratio d'endettement global,%,26.6308
SFBT,2024-09-30,2024,9M,TND,Solidité,Gestion des passifs,ENDET_TERME,Ratio d'endettement à terme,%,12.7447
SFBT,2024-09-30,2024,9M,TND,Solidité,Gestion des passifs,INDEP_FIN,Ratio d'indépendance financière,%,73.3692
SFBT,2024-09-30,2024,9M,TND,Solidité,Gestion des passifs,COUV_CF,Couverture des charges financières,x,
SFBT,2024-09-30,2024,9M,TND,Solidité,Gestion des passifs,POIDS_CF,Poids des charges financières,%,0.0
SFBT,2024-09-30,2024,9M,TND,Solidité,Gestion des passifs,AUTO_FIN,Ratio d'autonomie financière,x,2.7551
SFBT,2024-09-30,2024,9M,TND,Solidité,Gestion des passifs,SOLVA,Ratio de solvabilité,x,3.7551
SFBT,2024-09-30,2024,9M,TND,Solidité,Ressources humaines,EFF_BRUT_RH,Efficacité brute des RH,x,
SFBT,2024-09-30,2024,9M,TND,Solidité,Ressources humaines,EFF_NET_RH,Efficacité nette des RH,x,4.8239
SFBT,2024-09-30,2024,9M,TND,Solidité,Gestion des risques,CONAN_HOLDER,Score de Conan & Holder,score,
SFBT,2024-09-30,2024,9M,TND,Solidité,Gestion des risques,RISQ_PLACEMENT,Risque de placement,%,17.3801
SFBT,2024-09-30,2024,9M,TND,Solidité,Gestion des risques,RISQ_COMMERCIAL,Risque commercial,%,30.7934
SFBT,2024-09-30,2024,9M,TND,Solidité,Gestion des risques,CREDIT_FOURN,Crédits moyens fournisseurs,j,85.688
SFBT,2024-09-30,2024,9M,TND,Solidité,Gestion des risques,CREDIT_CLIENT,Crédits moyens clients,j,94.4502
SFBT,2024-09-30,2024,9M,TND,Performance,Rentabilité commerciale,RENT_COM,Rentabilité commerciale,%,23.4387
SFBT,2024-09-30,2024,9M,TND,Performance,Rentabilité commerciale,MARGE_NETTE,Ratio de la marge nette,%,33.7947
SFBT,2024-09-30,2024,9M,TND,Performance,Rentabilité commerciale,TAUX_MARQUE,Taux de marque,%,
SFBT,2024-09-30,2024,9M,TND,Performance,Rentabilité commerciale,ROT_CAP,Rotation des capitaux échangés,x,0.6648
SFBT,2024-09-30,2024,9M,TND,Performance,Rentabilité économique,ROA,Rendement de l'actif (ROA),%,16.4848
SFBT,2024-09-30,2024,9M,TND,Performance,Rentabilité économique,ROCE,Rentabilité du capital investi (ROCE),%,13.8216
SFBT,2024-09-30,2024,9M,TND,Performance,Rentabilité économique,REND_IMMO,Rendement brut des immobilisations,%,30.2486
SFBT,2024-09-30,2024,9M,TND,Performance,Rentabilité économique,REND_RES_STABLE,Rendement brut des ressources stables,%,16.3329
SFBT,2024-09-30,2024,9M,TND,Performance,Rentabilité d'exploitation,MARGE_BRUTE_EXPL,Marge brute d'exploitation,%,27.6974
SFBT,2024-09-30,2024,9M,TND,Performance,Rentabilité d'exploitation,MARGE_BENEF_EXPL,Marge bénéficiaire d'exploitation,%,23.4387
SFBT,2024-09-30,2024,9M,TND,Performance,Rentabilité opérationnelle,REND_GLOBAL_NET,Rendement global net,%,16.4848
SFBT,2024-09-30,2024,9M,TND,Performance,Rentabilité opérationnelle,CREATION_VALEUR,Création de valeur annuelle,montant,59415230.5621
SFBT,2024-09-30,2024,9M,TND,Performance,Rentabilité opérationnelle,REND_PRODUCTION,Rendement de la production,%,
SFBT,2024-09-30,2024,9M,TND,Performance,Rentabilité opérationnelle,ROT_STOCKS,Ratio de rotation des stocks,x,1.9994
SFBT,2024-09-30,2024,9M,TND,Performance,Rentabilité opérationnelle,PROFIT_OP,Profit opérationnel,montant,141063246.935
SFBT,2024-09-30,2024,9M,TND,Performance,Rentabilité financière,ROE,Rentabilité des capitaux propres (ROE),%,22.4682
SFBT,2024-09-30,2024,9M,TND,Performance,Rentabilité financière,ROI,Retour sur investissement (ROI),%,16.4848
SFBT,2024-09-30,2024,9M,TND,Performance,Rentabilité financière,PERF_PLACEMENT,Performance placement,%,47.8239
SFBT,2024-12-31,2024,FY,TND,Solidité,Liquidités,LIQ_GEN,Ratio de liquidité générale,x,3.4315
SFBT,2024-12-31,2024,FY,TND,Solidité,Liquidités,LIQ_RED,Ratio de liquidité réduite,x,2.7117
SFBT,2024-12-31,2024,FY,TND,Solidité,Liquidités,LIQ_IMM,Ratio de liquidité immédiate,x,0.6258
SFBT,2024-12-31,2024,FY,TND,Solidité,Liquidités,INT_DEF_RED,Intervalle défensif réduit,j,245.8828
SFBT,2024-12-31,2024,FY,TND,Solidité,Liquidités,INT_DEF,Intervalle défensif,j,332.7827
SFBT,2024-12-31,2024,FY,TND,Solidité,Liquidités,RFR,Ratio de fonds de roulement,%,40.1787
SFBT,2024-12-31,2024,FY,TND,Solidité,Liquidités,RBFR,Ratio de besoin en fonds de roulement,%,25.833
SFBT,2024-12-31,2024,FY,TND,Solidité,Gestion des actifs,LEV_ECO,Ratio du levier économique,x,1.3436
SFBT,2024-12-31,2024,FY,TND,Solidité,Gestion des actifs,POIDS_IMMO,Poids des immobilisations,%,43.3318
SFBT,2024-12-31,2024,FY,TND,Solidité,Gestion des actifs,FIN_IMMO,Financement des immobilisations,x,1.9272
SFBT,2024-12-31,2024,FY,TND,Solidité,Gestion des actifs,VETUSTE,Vétusté de l'actif,%,58.1898
SFBT,2024-12-31,2024,FY,TND,Solidité,Gestion des passifs,ENDET_GLOB,Ratio d'endettement global,%,25.5717
SFBT,2024-12-31,2024,FY,TND,Solidité,Gestion des passifs,ENDET_TERME,Ratio d'endettement à terme,%,12.2026
SFBT,2024-12-31,2024,FY,TND,Solidité,Gestion des passifs,INDEP_FIN,Ratio d'indépendance financière,%,74.4283
SFBT,2024-12-31,2024,FY,TND,Solidité,Gestion des passifs,COUV_CF,Couverture des charges financières,x,
SFBT,2024-12-31,2024,FY,TND,Solidité,Gestion des passifs,POIDS_CF,Poids des charges financières,%,0.0
SFBT,2024-12-31,2024,FY,TND,Solidité,Gestion des passifs,AUTO_FIN,Ratio d'autonomie financière,x,2.9106
SFBT,2024-12-31,2024,FY,TND,Solidité,Gestion des passifs,SOLVA,Ratio de solvabilité,x,3.9106
SFBT,2024-12-31,2024,FY,TND,Solidité,Ressources humaines,EFF_BRUT_RH,Efficacité brute des RH,x,6.673
SFBT,2024-12-31,2024,FY,TND,Solidité,Ressources humaines,EFF_NET_RH,Efficacité nette des RH,x,5.1323
SFBT,2024-12-31,2024,FY,TND,Solidité,Gestion des risques,CONAN_HOLDER,Score de Conan & Holder,score,0.4146
SFBT,2024-12-31,2024,FY,TND,Solidité,Gestion des risques,RISQ_PLACEMENT,Risque de placement,%,21.4447
SFBT,2024-12-31,2024,FY,TND,Solidité,Gestion des risques,RISQ_COMMERCIAL,Risque commercial,%,17.2001
SFBT,2024-12-31,2024,FY,TND,Solidité,Gestion des risques,CREDIT_FOURN,Crédits moyens fournisseurs,j,58.4155
SFBT,2024-12-31,2024,FY,TND,Solidité,Gestion des risques,CREDIT_CLIENT,Crédits moyens clients,j,52.7566
SFBT,2024-12-31,2024,FY,TND,Performance,Rentabilité commerciale,RENT_COM,Rentabilité commerciale,%,24.2352
SFBT,2024-12-31,2024,FY,TND,Performance,Rentabilité commerciale,MARGE_NETTE,Ratio de la marge nette,%,30.1406
SFBT,2024-12-31,2024,FY,TND,Performance,Rentabilité commerciale,TAUX_MARQUE,Taux de marque,%,45.3091
SFBT,2024-12-31,2024,FY,TND,Performance,Rentabilité commerciale,ROT_CAP,Rotation des capitaux échangés,x,0.8769
SFBT,2024-12-31,2024,FY,TND,Performance,Rentabilité économique,ROA,Rendement de l'actif (ROA),%,19.6721
SFBT,2024-12-31,2024,FY,TND,Performance,Rentabilité économique,ROCE,Rentabilité du capital investi (ROCE),%,18.9411
SFBT,2024-12-31,2024,FY,TND,Performance,Rentabilité économique,REND_IMMO,Rendement brut des immobilisations,%,42.8717
SFBT,2024-12-31,2024,FY,TND,Performance,Rentabilité économique,REND_RES_STABLE,Rendement brut des ressources stables,%,22.2452
SFBT,2024-12-31,2024,FY,TND,Performance,Rentabilité d'exploitation,MARGE_BRUTE_EXPL,Marge brute d'exploitation,%,28.4628
SFBT,2024-12-31,2024,FY,TND,Performance,Rentabilité d'exploitation,MARGE_BENEF_EXPL,Marge bénéficiaire d'exploitation,%,24.2352
SFBT,2024-12-31,2024,FY,TND,Performance,Rentabilité opérationnelle,REND_GLOBAL_NET,Rendement global net,%,19.6721
SFBT,2024-12-31,2024,FY,TND,Performance,Rentabilité opérationnelle,CREATION_VALEUR,Création de valeur annuelle,montant,117115251.3395
SFBT,2024-12-31,2024,FY,TND,Performance,Rentabilité opérationnelle,REND_PRODUCTION,Rendement de la production,%,26.4311
SFBT,2024-12-31,2024,FY,TND,Performance,Rentabilité opérationnelle,ROT_STOCKS,Ratio de rotation des stocks,x,2.7579
SFBT,2024-12-31,2024,FY,TND,Performance,Rentabilité opérationnelle,PROFIT_OP,Profit opérationnel,montant,202748424.667
SFBT,2024-12-31,2024,FY,TND,Performance,Rentabilité financière,ROE,Rentabilité des capitaux propres (ROE),%,26.431
SFBT,2024-12-31,2024,FY,TND,Performance,Rentabilité financière,ROI,Retour sur investissement (ROI),%,19.6721
SFBT,2024-12-31,2024,FY,TND,Performance,Rentabilité financière,PERF_PLACEMENT,Performance placement,%,40.2066
SFBT,2025-03-31,2025,T1,TND,Solidité,Liquidités,LIQ_GEN,Ratio de liquidité générale,x,3.239
SFBT,2025-03-31,2025,T1,TND,Solidité,Liquidités,LIQ_RED,Ratio de liquidité réduite,x,2.4805
SFBT,2025-03-31,2025,T1,TND,Solidité,Liquidités,LIQ_IMM,Ratio de liquidité immédiate,x,0.7439
SFBT,2025-03-31,2025,T1,TND,Solidité,Liquidités,INT_DEF_RED,Intervalle défensif réduit,j,909.2843
SFBT,2025-03-31,2025,T1,TND,Solidité,Liquidités,INT_DEF,Intervalle défensif,j,1399.2089
SFBT,2025-03-31,2025,T1,TND,Solidité,Liquidités,RFR,Ratio de fonds de roulement,%,38.5375
SFBT,2025-03-31,2025,T1,TND,Solidité,Liquidités,RBFR,Ratio de besoin en fonds de roulement,%,143.6629
SFBT,2025-03-31,2025,T1,TND,Solidité,Gestion des actifs,LEV_ECO,Ratio du levier économique,x,1.3592
SFBT,2025-03-31,2025,T1,TND,Solidité,Gestion des actifs,POIDS_IMMO,Poids des immobilisations,%,44.3187
SFBT,2025-03-31,2025,T1,TND,Solidité,Gestion des actifs,FIN_IMMO,Financement des immobilisations,x,1.8696
SFBT,2025-03-31,2025,T1,TND,Solidité,Gestion des actifs,VETUSTE,Vétusté de l'actif,%,58.4089
SFBT,2025-03-31,2025,T1,TND,Solidité,Gestion des passifs,ENDET_GLOB,Ratio d'endettement global,%,26.4252
SFBT,2025-03-31,2025,T1,TND,Solidité,Gestion des passifs,ENDET_TERME,Ratio d'endettement à terme,%,12.615
SFBT,2025-03-31,2025,T1,TND,Solidité,Gestion des passifs,INDEP_FIN,Ratio d'indépendance financière,%,73.5748
SFBT,2025-03-31,2025,T1,TND,Solidité,Gestion des passifs,COUV_CF,Couverture des charges financières,x,
SFBT,2025-03-31,2025,T1,TND,Solidité,Gestion des passifs,POIDS_CF,Poids des charges financières,%,0.0
SFBT,2025-03-31,2025,T1,TND,Solidité,Gestion des passifs,AUTO_FIN,Ratio d'autonomie financière,x,2.7843
SFBT,2025-03-31,2025,T1,TND,Solidité,Gestion des passifs,SOLVA,Ratio de solvabilité,x,3.7843
SFBT,2025-03-31,2025,T1,TND,Solidité,Ressources humaines,EFF_BRUT_RH,Efficacité brute des RH,x,4.7908
SFBT,2025-03-31,2025,T1,TND,Solidité,Ressources humaines,EFF_NET_RH,Efficacité nette des RH,x,3.3689
SFBT,2025-03-31,2025,T1,TND,Solidité,Gestion des risques,CONAN_HOLDER,Score de Conan & Holder,score,0.2627
SFBT,2025-03-31,2025,T1,TND,Solidité,Gestion des risques,RISQ_PLACEMENT,Risque de placement,%,13.6358
SFBT,2025-03-31,2025,T1,TND,Solidité,Gestion des risques,RISQ_COMMERCIAL,Risque commercial,%,100.6221
SFBT,2025-03-31,2025,T1,TND,Solidité,Gestion des risques,CREDIT_FOURN,Crédits moyens fournisseurs,j,309.7448
SFBT,2025-03-31,2025,T1,TND,Solidité,Gestion des risques,CREDIT_CLIENT,Crédits moyens clients,j,308.6309
SFBT,2025-03-31,2025,T1,TND,Performance,Rentabilité commerciale,RENT_COM,Rentabilité commerciale,%,22.4544
SFBT,2025-03-31,2025,T1,TND,Performance,Rentabilité commerciale,MARGE_NETTE,Ratio de la marge nette,%,47.4058
SFBT,2025-03-31,2025,T1,TND,Performance,Rentabilité commerciale,TAUX_MARQUE,Taux de marque,%,46.2985
SFBT,2025-03-31,2025,T1,TND,Performance,Rentabilité commerciale,ROT_CAP,Rotation des capitaux échangés,x,0.1921
SFBT,2025-03-31,2025,T1,TND,Performance,Rentabilité économique,ROA,Rendement de l'actif (ROA),%,6.6989
SFBT,2025-03-31,2025,T1,TND,Performance,Rentabilité économique,ROCE,Rentabilité du capital investi (ROCE),%,3.8296
SFBT,2025-03-31,2025,T1,TND,Performance,Rentabilité économique,REND_IMMO,Rendement brut des immobilisations,%,8.253
SFBT,2025-03-31,2025,T1,TND,Performance,Rentabilité économique,REND_RES_STABLE,Rendement brut des ressources stables,%,4.4144
SFBT,2025-03-31,2025,T1,TND,Performance,Rentabilité d'exploitation,MARGE_BRUTE_EXPL,Marge brute d'exploitation,%,25.8838
SFBT,2025-03-31,2025,T1,TND,Performance,Rentabilité d'exploitation,MARGE_BENEF_EXPL,Marge bénéficiaire d'exploitation,%,22.4544
SFBT,2025-03-31,2025,T1,TND,Performance,Rentabilité opérationnelle,REND_GLOBAL_NET,Rendement global net,%,6.6989
SFBT,2025-03-31,2025,T1,TND,Performance,Rentabilité opérationnelle,CREATION_VALEUR,Création de valeur annuelle,montant,-43751568.0292
SFBT,2025-03-31,2025,T1,TND,Performance,Rentabilité opérationnelle,REND_PRODUCTION,Rendement de la production,%,24.8579
SFBT,2025-03-31,2025,T1,TND,Performance,Rentabilité opérationnelle,ROT_STOCKS,Ratio de rotation des stocks,x,0.5271
SFBT,2025-03-31,2025,T1,TND,Performance,Rentabilité opérationnelle,PROFIT_OP,Profit opérationnel,montant,40175710.407
SFBT,2025-03-31,2025,T1,TND,Performance,Rentabilité financière,ROE,Rentabilité des capitaux propres (ROE),%,9.1049
SFBT,2025-03-31,2025,T1,TND,Performance,Rentabilité financière,ROI,Retour sur investissement (ROI),%,6.6989
SFBT,2025-03-31,2025,T1,TND,Performance,Rentabilité financière,PERF_PLACEMENT,Performance placement,%,31.0662
SFBT,2025-06-30,2025,S1,TND,Solidité,Liquidités,LIQ_GEN,Ratio de liquidité générale,x,3.0545
SFBT,2025-06-30,2025,S1,TND,Solidité,Liquidités,LIQ_RED,Ratio de liquidité réduite,x,2.2587
SFBT,2025-06-30,2025,S1,TND,Solidité,Liquidités,LIQ_IMM,Ratio de liquidité immédiate,x,0.8572
SFBT,2025-06-30,2025,S1,TND,Solidité,Liquidités,INT_DEF_RED,Intervalle défensif réduit,j,354.2005
SFBT,2025-06-30,2025,S1,TND,Solidité,Liquidités,INT_DEF,Intervalle défensif,j,648.8839
SFBT,2025-06-30,2025,S1,TND,Solidité,Liquidités,RFR,Ratio de fonds de roulement,%,36.8364
SFBT,2025-06-30,2025,S1,TND,Solidité,Liquidités,RBFR,Ratio de besoin en fonds de roulement,%,83.3961
SFBT,2025-06-30,2025,S1,TND,Solidité,Gestion des actifs,LEV_ECO,Ratio du levier économique,x,1.3757
SFBT,2025-06-30,2025,S1,TND,Solidité,Gestion des actifs,POIDS_IMMO,Poids des immobilisations,%,45.3417
SFBT,2025-06-30,2025,S1,TND,Solidité,Gestion des actifs,FIN_IMMO,Financement des immobilisations,x,1.8124
SFBT,2025-06-30,2025,S1,TND,Solidité,Gestion des actifs,VETUSTE,Vétusté de l'actif,%,58.947
SFBT,2025-06-30,2025,S1,TND,Solidité,Gestion des passifs,ENDET_GLOB,Ratio d'endettement global,%,27.3099
SFBT,2025-06-30,2025,S1,TND,Solidité,Gestion des passifs,ENDET_TERME,Ratio d'endettement à terme,%,13.0526
SFBT,2025-06-30,2025,S1,TND,Solidité,Gestion des passifs,INDEP_FIN,Ratio d'indépendance financière,%,72.6901
SFBT,2025-06-30,2025,S1,TND,Solidité,Gestion des passifs,COUV_CF,Couverture des charges financières,x,
SFBT,2025-06-30,2025,S1,TND,Solidité,Gestion des passifs,POIDS_CF,Poids des charges financières,%,0.0
SFBT,2025-06-30,2025,S1,TND,Solidité,Gestion des passifs,AUTO_FIN,Ratio d'autonomie financière,x,2.6617
SFBT,2025-06-30,2025,S1,TND,Solidité,Gestion des passifs,SOLVA,Ratio de solvabilité,x,3.6617
SFBT,2025-06-30,2025,S1,TND,Solidité,Ressources humaines,EFF_BRUT_RH,Efficacité brute des RH,x,4.7908
SFBT,2025-06-30,2025,S1,TND,Solidité,Ressources humaines,EFF_NET_RH,Efficacité nette des RH,x,3.3689
SFBT,2025-06-30,2025,S1,TND,Solidité,Gestion des risques,CONAN_HOLDER,Score de Conan & Holder,score,0.2894
SFBT,2025-06-30,2025,S1,TND,Solidité,Gestion des risques,RISQ_PLACEMENT,Risque de placement,%,5.5418
SFBT,2025-06-30,2025,S1,TND,Solidité,Gestion des risques,RISQ_COMMERCIAL,Risque commercial,%,60.5229
SFBT,2025-06-30,2025,S1,TND,Solidité,Gestion des risques,CREDIT_FOURN,Crédits moyens fournisseurs,j,168.7174
SFBT,2025-06-30,2025,S1,TND,Solidité,Gestion des risques,CREDIT_CLIENT,Crédits moyens clients,j,185.6375
SFBT,2025-06-30,2025,S1,TND,Performance,Rentabilité commerciale,RENT_COM,Rentabilité commerciale,%,22.4544
SFBT,2025-06-30,2025,S1,TND,Performance,Rentabilité commerciale,MARGE_NETTE,Ratio de la marge nette,%,47.4058
SFBT,2025-06-30,2025,S1,TND,Performance,Rentabilité commerciale,TAUX_MARQUE,Taux de marque,%,46.2985
SFBT,2025-06-30,2025,S1,TND,Performance,Rentabilité commerciale,ROT_CAP,Rotation des capitaux échangés,x,0.3937
SFBT,2025-06-30,2025,S1,TND,Performance,Rentabilité économique,ROA,Rendement de l'actif (ROA),%,13.567
SFBT,2025-06-30,2025,S1,TND,Performance,Rentabilité économique,ROCE,Rentabilité du capital investi (ROCE),%,7.8199
SFBT,2025-06-30,2025,S1,TND,Performance,Rentabilité économique,REND_IMMO,Rendement brut des immobilisations,%,16.3374
SFBT,2025-06-30,2025,S1,TND,Performance,Rentabilité économique,REND_RES_STABLE,Rendement brut des ressources stables,%,9.0141
SFBT,2025-06-30,2025,S1,TND,Performance,Rentabilité d'exploitation,MARGE_BRUTE_EXPL,Marge brute d'exploitation,%,25.8838
SFBT,2025-06-30,2025,S1,TND,Performance,Rentabilité d'exploitation,MARGE_BENEF_EXPL,Marge bénéficiaire d'exploitation,%,22.4544
SFBT,2025-06-30,2025,S1,TND,Performance,Rentabilité opérationnelle,REND_GLOBAL_NET,Rendement global net,%,13.567
SFBT,2025-06-30,2025,S1,TND,Performance,Rentabilité opérationnelle,CREATION_VALEUR,Création de valeur annuelle,montant,-1851008.3433
SFBT,2025-06-30,2025,S1,TND,Performance,Rentabilité opérationnelle,REND_PRODUCTION,Rendement de la production,%,24.8579
SFBT,2025-06-30,2025,S1,TND,Performance,Rentabilité opérationnelle,ROT_STOCKS,Ratio de rotation des stocks,x,0.9789
SFBT,2025-06-30,2025,S1,TND,Performance,Rentabilité opérationnelle,PROFIT_OP,Profit opérationnel,montant,80351420.814
SFBT,2025-06-30,2025,S1,TND,Performance,Rentabilité financière,ROE,Rentabilité des capitaux propres (ROE),%,18.6641
SFBT,2025-06-30,2025,S1,TND,Performance,Rentabilité financière,ROI,Retour sur investissement (ROI),%,13.567
SFBT,2025-06-30,2025,S1,TND,Performance,Rentabilité financière,PERF_PLACEMENT,Performance placement,%,154.8091
