Societe,Statement,Indicateur,Indicateur_raw,Cle_indicateur,Date,Annee,Periode,Valeur,Occurrence,Devise,Echelle,Type_donnee,Source
SFBT,Bilan - Actif,Amortissements des immobilisations corporelles,Amortissements des immobilisations corporelles,amortissementsdesimmobilisationscorporelles,2005-09-30,2005,9M,-87001798.38,1,TND,unite,Estime,augmentation (estimation trimestrielle)
SFBT,Bilan - Actif,Amortissements des immobilisations corporelles,Amortissements des immobilisations corporelles,amortissementsdesimmobilisationscorporelles,2006-03-31,2006,T1,-90192653.287,1,TND,unite,Estime,augmentation (estimation trimestrielle)
SFBT,Bilan - Actif,Amortissements des immobilisations corporelles,Amortissements des immobilisations corporelles,amortissementsdesimmobilisationscorporelles,2006-09-30,2006,9M,-93286263.118,1,TND,unite,Estime,augmentation (estimation trimestrielle)
SFBT,Bilan - Actif,Amortissements des immobilisations corporelles,Amortissements des immobilisations corporelles,amortissementsdesimmobilisationscorporelles,2007-03-31,2007,T1,-96421213.365,1,TND,unite,Estime,augmentation (estimation trimestrielle)
SFBT,Bilan - Actif,Amortissements des immobilisations corporelles,Amortissements des immobilisations corporelles,amortissementsdesimmobilisationscorporelles,2007-09-30,2007,9M,-100074558.629,1,TND,unite,Estime,augmentation (estimation trimestrielle)
SFBT,Bilan - Actif,Amortissements des immobilisations corporelles,Amortissements des immobilisations corporelles,amortissementsdesimmobilisationscorporelles,2008-03-31,2008,T1,-103380102.898,1,TND,unite,Estime,augmentation (estimation trimestrielle)
SFBT,Bilan - Actif,Amortissements des immobilisations corporelles,Amortissements des immobilisations corporelles,amortissementsdesimmobilisationscorporelles,2008-09-30,2008,9M,-106551024.209,1,TND,unite,Estime,augmentation (estimation trimestrielle)
SFBT,Bilan - Actif,Amortissements des immobilisations corporelles,Amortissements des immobilisations corporelles,amortissementsdesimmobilisationscorporelles,2009-03-31,2009,T1,-109904496.911,1,TND,unite,Estime,augmentation (estimation trimestrielle)
SFBT,Bilan - Actif,Amortissements des immobilisations corporelles,Amortissements des immobilisations corporelles,amortissementsdesimmobilisationscorporelles,2009-09-30,2009,9M,-112974151.561,1,TND,unite,Estime,augmentation (estimation trimestrielle)
SFBT,Bilan - Actif,Amortissements des immobilisations corporelles,Amortissements des immobilisations corporelles,amortissementsdesimmobilisationscorporelles,2010-03-31,2010,T1,-116196354.872,1,TND,unite,Estime,augmentation (estimation trimestrielle)
SFBT,Bilan - Actif,Amortissements des immobilisations corporelles,Amortissements des immobilisations corporelles,amortissementsdesimmobilisationscorporelles,2010-09-30,2010,9M,-119307812.632,1,TND,unite,Estime,augmentation (estimation trimestrielle)
SFBT,Bilan - Actif,Amortissements des immobilisations corporelles,Amortissements des immobilisations corporelles,amortissementsdesimmobilisationscorporelles,2011-03-31,2011,T1,-122632792.039,1,TND,unite,Estime,augmentation (estimation trimestrielle)
SFBT,Bilan - Actif,Amortissements des immobilisations corporelles,Amortissements des immobilisations corporelles,amortissementsdesimmobilisationscorporelles,2011-09-30,2011,9M,-127074937.273,1,TND,unite,Estime,augmentation (estimation trimestrielle)
SFBT,Bilan - Actif,Amortissements des immobilisations corporelles,Amortissements des immobilisations corporelles,amortissementsdesimmobilisationscorporelles,2012-03-31,2012,T1,-131009208.773,1,TND,unite,Estime,augmentation (estimation trimestrielle)
SFBT,Bilan - Actif,Amortissements des immobilisations corporelles,Amortissements des immobilisations corporelles,amortissementsdesimmobilisationscorporelles,2012-09-30,2012,9M,-135397391.817,1,TND,unite,Estime,augmentation (estimation trimestrielle)
SFBT,Bilan - Actif,Amortissements des immobilisations corporelles,Amortissements des immobilisations corporelles,amortissementsdesimmobilisationscorporelles,2013-03-31,2013,T1,-140726080.623,1,TND,unite,Estime,augmentation (estimation trimestrielle)
SFBT,Bilan - Actif,Amortissements des immobilisations corporelles,Amortissements des immobilisations corporelles,amortissementsdesimmobilisationscorporelles,2013-09-30,2013,9M,-145956237.195,1,TND,unite,Estime,augmentation (estimation trimestrielle)
SFBT,Bilan - Actif,Amortissements des immobilisations corporelles,Amortissements des immobilisations corporelles,amortissementsdesimmobilisationscorporelles,2014-03-31,2014,T1,-151347069.595,1,TND,unite,Estime,augmentation (estimation trimestrielle)
SFBT,Bilan - Actif,Amortissements des immobilisations corporelles,Amortissements des immobilisations corporelles,amortissementsdesimmobilisationscorporelles,2014-09-30,2014,9M,-156769363.197,1,TND,unite,Estime,augmentation (estimation trimestrielle)
SFBT,Bilan - Actif,Amortissements des immobilisations corporelles,Amortissements des immobilisations corporelles,amortissementsdesimmobilisationscorporelles,2015-03-31,2015,T1,-162684637.126,1,TND,unite,Estime,augmentation (estimation trimestrielle)
SFBT,Bilan - Actif,Amortissements des immobilisations corporelles,Amortissements des immobilisations corporelles,amortissementsdesimmobilisationscorporelles,2015-09-30,2015,9M,-169253164.392,1,TND,unite,Estime,augmentation (estimation trimestrielle)
SFBT,Bilan - Actif,Amortissements des immobilisations corporelles,Amortissements des immobilisations corporelles,amortissementsdesimmobilisationscorporelles,2016-03-31,2016,T1,-175957404.131,1,TND,unite,Estime,augmentation (estimation trimestrielle)
SFBT,Bilan - Actif,Amortissements des immobilisations corporelles,Amortissements des immobilisations corporelles,amortissementsdesimmobilisationscorporelles,2016-09-30,2016,9M,-183434051.242,1,TND,unite,Estime,augmentation (estimation trimestrielle)
SFBT,Bilan - Actif,Amortissements des immobilisations corporelles,Amortissements des immobilisations corporelles,amortissementsdesimmobilisationscorporelles,2017-03-31,2017,T1,-191501125.483,1,TND,unite,Estime,augmentation (estimation trimestrielle)
SFBT,Bilan - Actif,Amortissements des immobilisations corporelles,Amortissements des immobilisations corporelles,amortissementsdesimmobilisationscorporelles,2017-09-30,2017,9M,-208564708.726,1,TND,unite,Estime,augmentation (estimation trimestrielle)
SFBT,Bilan - Actif,Amortissements des immobilisations corporelles,Amortissements des immobilisations corporelles,amortissementsdesimmobilisationscorporelles,2018-03-31,2018,T1,-216383422.801,1,TND,unite,Estime,augmentation (estimation trimestrielle)
SFBT,Bilan - Actif,Amortissements des immobilisations corporelles,Amortissements des immobilisations corporelles,amortissementsdesimmobilisationscorporelles,2018-09-30,2018,9M,-228503808.09,1,TND,unite,Estime,augmentation (estimation trimestrielle)
SFBT,Bilan - Actif,Amortissements des immobilisations corporelles,Amortissements des immobilisations corporelles,amortissementsdesimmobilisationscorporelles,2019-03-31,2019,T1,-239533040.153,1,TND,unite,Estime,augmentation (estimation trimestrielle)
SFBT,Bilan - Actif,Amortissements des immobilisations corporelles,Amortissements des immobilisations corporelles,amortissementsdesimmobilisationscorporelles,2019-09-30,2019,9M,-227349309.958,1,TND,unite,Estime,augmentation (estimation trimestrielle)
SFBT,Bilan - Actif,Amortissements des immobilisations corporelles,Amortissements des immobilisations corporelles,amortissementsdesimmobilisationscorporelles,2020-03-31,2020,T1,-240081360.114,1,TND,unite,Estime,augmentation (estimation trimestrielle)
SFBT,Bilan - Actif,Amortissements des immobilisations corporelles,Amortissements des immobilisations corporelles,amortissementsdesimmobilisationscorporelles,2020-09-30,2020,9M,-265234246.127,1,TND,unite,Estime,augmentation (estimation trimestrielle)
SFBT,Bilan - Actif,Amortissements des immobilisations corporelles,Amortissements des immobilisations corporelles,amortissementsdesimmobilisationscorporelles,2021-03-31,2021,T1,-278542481.969,1,TND,unite,Estime,augmentation (estimation trimestrielle)
SFBT,Bilan - Actif,Amortissements des immobilisations corporelles,Amortissements des immobilisations corporelles,amortissementsdesimmobilisationscorporelles,2021-09-30,2021,9M,,1,TND,unite,Estime,augmentation (estimation trimestrielle)
SFBT,Bilan - Actif,Amortissements des immobilisations corporelles,Amortissements des immobilisations corporelles,amortissementsdesimmobilisationscorporelles,2022-03-31,2022,T1,,1,TND,unite,Estime,augmentation (estimation trimestrielle)
SFBT,Bilan - Actif,Amortissements des immobilisations corporelles,Amortissements des immobilisations corporelles,amortissementsdesimmobilisationscorporelles,2022-09-30,2022,9M,,1,TND,unite,Estime,augmentation (estimation trimestrielle)
SFBT,Bilan - Actif,Amortissements des immobilisations corporelles,Amortissements des immobilisations corporelles,amortissementsdesimmobilisationscorporelles,2023-03-31,2023,T1,,1,TND,unite,Estime,augmentation (estimation trimestrielle)
SFBT,Bilan - Actif,Amortissements des immobilisations corporelles,Amortissements des immobilisations corporelles,amortissementsdesimmobilisationscorporelles,2023-09-30,2023,9M,-313042286.641,1,TND,unite,Estime,augmentation (estimation trimestrielle)
SFBT,Bilan - Actif,Amortissements des immobilisations corporelles,Amortissements des immobilisations corporelles,amortissementsdesimmobilisationscorporelles,2024-03-31,2024,T1,-325659940.745,1,TND,unite,Estime,augmentation (estimation trimestrielle)
SFBT,Bilan - Actif,Amortissements des immobilisations corporelles,Amortissements des immobilisations corporelles,amortissementsdesimmobilisationscorporelles,2024-09-30,2024,9M,-338704619.525,1,TND,unite,Estime,augmentation (estimation trimestrielle)
SFBT,Bilan - Actif,Amortissements des immobilisations corporelles,Amortissements des immobilisations corporelles,amortissementsdesimmobilisationscorporelles,2025-03-31,2025,T1,-351845476.53,1,TND,unite,Estime,augmentation (estimation trimestrielle)
SFBT,Bilan - Actif,Amortissements des immobilisations incorporelles,Amortissements des immobilisations incorporelles,amortissementsdesimmobilisationsincorporelles,2005-09-30,2005,9M,-200760.549,1,TND,unite,Estime,augmentation (estimation trimestrielle)
SFBT,Bilan - Actif,Amortissements des immobilisations incorporelles,Amortissements des immobilisations incorporelles,amortissementsdesimmobilisationsincorporelles,2006-03-31,2006,T1,-228888.529,1,TND,unite,Estime,augmentation (estimation trimestrielle)
SFBT,Bilan - Actif,Amortissements des immobilisations incorporelles,Amortissements des immobilisations incorporelles,amortissementsdesimmobilisationsincorporelles,2006-09-30,2006,9M,-244082.601,1,TND,unite,Estime,augmentation (estimation trimestrielle)
SFBT,Bilan - Actif,Amortissements des immobilisations incorporelles,Amortissements des immobilisations incorporelles,amortissementsdesimmobilisationsincorporelles,2007-03-31,2007,T1,-265348.603,1,TND,unite,Estime,augmentation (estimation trimestrielle)
SFBT,Bilan - Actif,Amortissements des immobilisations incorporelles,Amortissements des immobilisations incorporelles,amortissementsdesimmobilisationsincorporelles,2007-09-30,2007,9M,-281672.044,1,TND,unite,Estime,augmentation (estimation trimestrielle)
SFBT,Bilan - Actif,Amortissements des immobilisations incorporelles,Amortissements des immobilisations incorporelles,amortissementsdesimmobilisationsincorporelles,2008-03-31,2008,T1,-298497.138,1,TND,unite,Estime,augmentation (estimation trimestrielle)
SFBT,Bilan - Actif,Amortissements des immobilisations incorporelles,Amortissements des immobilisations incorporelles,amortissementsdesimmobilisationsincorporelles,2008-09-30,2008,9M,-321980.877,1,TND,unite,Estime,augmentation (estimation trimestrielle)
SFBT,Bilan - Actif,Amortissements des immobilisations incorporelles,Amortissements des immobilisations incorporelles,amortissementsdesimmobilisationsincorporelles,2009-03-31,2009,T1,-347672.092,1,TND,unite,Estime,augmentation (estimation trimestrielle)
SFBT,Bilan - Actif,Amortissements des immobilisations incorporelles,Amortissements des immobilisations incorporelles,amortissementsdesimmobilisationsincorporelles,2009-09-30,2009,9M,-371806.446,1,TND,unite,Estime,augmentation (estimation trimestrielle)
SFBT,Bilan - Actif,Amortissements des immobilisations incorporelles,Amortissements des immobilisations incorporelles,amortissementsdesimmobilisationsincorporelles,2010-03-31,2010,T1,-401334.31,1,TND,unite,Estime,augmentation (estimation trimestrielle)
SFBT,Bilan - Actif,Amortissements des immobilisations incorporelles,Amortissements des immobilisations incorporelles,amortissementsdesimmobilisationsincorporelles,2010-09-30,2010,9M,-427263.084,1,TND,unite,Estime,augmentation (estimation trimestrielle)
SFBT,Bilan - Actif,Amortissements des immobilisations incorporelles,Amortissements des immobilisations incorporelles,amortissementsdesimmobilisationsincorporelles,2011-03-31,2011,T1,-450704.847,1,TND,unite,Estime,augmentation (estimation trimestrielle)
SFBT,Bilan - Actif,Amortissements des immobilisations incorporelles,Amortissements des immobilisations incorporelles,amortissementsdesimmobilisationsincorporelles,2011-09-30,2011,9M,-475912.62,1,TND,unite,Estime,augmentation (estimation trimestrielle)
SFBT,Bilan - Actif,Amortissements des immobilisations incorporelles,Amortissements des immobilisations incorporelles,amortissementsdesimmobilisationsincorporelles,2012-03-31,2012,T1,-516019.12,1,TND,unite,Estime,augmentation (estimation trimestrielle)
SFBT,Bilan - Actif,Amortissements des immobilisations incorporelles,Amortissements des immobilisations incorporelles,amortissementsdesimmobilisationsincorporelles,2012-09-30,2012,9M,-568177.019,1,TND,unite,Estime,augmentation (estimation trimestrielle)
SFBT,Bilan - Actif,Amortissements des immobilisations incorporelles,Amortissements des immobilisations incorporelles,amortissementsdesimmobilisationsincorporelles,2013-03-31,2013,T1,-619236.373,1,TND,unite,Estime,augmentation (estimation trimestrielle)
SFBT,Bilan - Actif,Amortissements des immobilisations incorporelles,Amortissements des immobilisations incorporelles,amortissementsdesimmobilisationsincorporelles,2013-09-30,2013,9M,-673731.689,1,TND,unite,Estime,augmentation (estimation trimestrielle)
SFBT,Bilan - Actif,Amortissements des immobilisations incorporelles,Amortissements des immobilisations incorporelles,amortissementsdesimmobilisationsincorporelles,2014-03-31,2014,T1,-728133.87,1,TND,unite,Estime,augmentation (estimation trimestrielle)
SFBT,Bilan - Actif,Amortissements des immobilisations incorporelles,Amortissements des immobilisations incorporelles,amortissementsdesimmobilisationsincorporelles,2014-09-30,2014,9M,-780476.849,1,TND,unite,Estime,augmentation (estimation trimestrielle)
SFBT,Bilan - Actif,Amortissements des immobilisations incorporelles,Amortissements des immobilisations incorporelles,amortissementsdesimmobilisationsincorporelles,2015-03-31,2015,T1,-824482.342,1,TND,unite,Estime,augmentation (estimation trimestrielle)
SFBT,Bilan - Actif,Amortissements des immobilisations incorporelles,Amortissements des immobilisations incorporelles,amortissementsdesimmobilisationsincorporelles,2015-09-30,2015,9M,-860970.224,1,TND,unite,Estime,augmentation (estimation trimestrielle)
SFBT,Bilan - Actif,Amortissements des immobilisations incorporelles,Amortissements des immobilisations incorporelles,amortissementsdesimmobilisationsincorporelles,2016-03-31,2016,T1,-895643.001,1,TND,unite,Estime,augmentation (estimation trimestrielle)
SFBT,Bilan - Actif,Amortissements des immobilisations incorporelles,Amortissements des immobilisations incorporelles,amortissementsdesimmobilisationsincorporelles,2016-09-30,2016,9M,-1114784.618,1,TND,unite,Estime,augmentation (estimation trimestrielle)
SFBT,Bilan - Actif,Amortissements des immobilisations incorporelles,Amortissements des immobilisations incorporelles,amortissementsdesimmobilisationsincorporelles,2017-03-31,2017,T1,-1533468.321,1,TND,unite,Estime,augmentation (estimation trimestrielle)
SFBT,Bilan - Actif,Amortissements des immobilisations incorporelles,Amortissements des immobilisations incorporelles,amortissementsdesimmobilisationsincorporelles,2017-09-30,2017,9M,-2426598.446,1,TND,unite,Estime,augmentation (estimation trimestrielle)
SFBT,Bilan - Actif,Amortissements des immobilisations incorporelles,Amortissements des immobilisations incorporelles,amortissementsdesimmobilisationsincorporelles,2018-03-31,2018,T1,-2875268.211,1,TND,unite,Estime,augmentation (estimation trimestrielle)
SFBT,Bilan - Actif,Amortissements des immobilisations incorporelles,Amortissements des immobilisations incorporelles,amortissementsdesimmobilisationsincorporelles,2018-09-30,2018,9M,-3168153.596,1,TND,unite,Estime,augmentation (estimation trimestrielle)
SFBT,Bilan - Actif,Amortissements des immobilisations incorporelles,Amortissements des immobilisations incorporelles,amortissementsdesimmobilisationsincorporelles,2019-03-31,2019,T1,-3629894.005,1,TND,unite,Estime,augmentation (estimation trimestrielle)
SFBT,Bilan - Actif,Amortissements des immobilisations incorporelles,Amortissements des immobilisations incorporelles,amortissementsdesimmobilisationsincorporelles,2019-09-30,2019,9M,-3335421.221,1,TND,unite,Estime,augmentation (estimation trimestrielle)
SFBT,Bilan - Actif,Amortissements des immobilisations incorporelles,Amortissements des immobilisations incorporelles,amortissementsdesimmobilisationsincorporelles,2020-03-31,2020,T1,-3444094.971,1,TND,unite,Estime,augmentation (estimation trimestrielle)
SFBT,Bilan - Actif,Amortissements des immobilisations incorporelles,Amortissements des immobilisations incorporelles,amortissementsdesimmobilisationsincorporelles,2020-09-30,2020,9M,-3840228.121,1,TND,unite,Estime,augmentation (estimation trimestrielle)
SFBT,Bilan - Actif,Amortissements des immobilisations incorporelles,Amortissements des immobilisations incorporelles,amortissementsdesimmobilisationsincorporelles,2021-03-31,2021,T1,-3978817.038,1,TND,unite,Estime,augmentation (estimation trimestrielle)
SFBT,Bilan - Actif,Amortissements des immobilisations incorporelles,Amortissements des immobilisations incorporelles,amortissementsdesimmobilisationsincorporelles,2021-09-30,2021,9M,,1,TND,unite,Estime,augmentation (estimation trimestrielle)
SFBT,Bilan - Actif,Autres actifs courants,Autres actifs courants ,autresactifscourants,2005-09-30,2005,9M,2394922.26,1,TND,unite,Estime,augmentation (estimation trimestrielle)
SFBT,Bilan - Actif,Autres actifs courants,Autres actifs courants ,autresactifscourants,2006-03-31,2006,T1,1790402.862,1,TND,unite,Estime,augmentation (estimation trimestrielle)
SFBT,Bilan - Actif,Autres actifs courants,Autres actifs courants ,autresactifscourants,2006-09-30,2006,9M,2769701.582,1,TND,unite,Estime,augmentation (estimation trimestrielle)
SFBT,Bilan - Actif,Autres actifs courants,Autres actifs courants ,autresactifscourants,2007-03-31,2007,T1,4935311.393,1,TND,unite,Estime,augmentation (estimation trimestrielle)
SFBT,Bilan - Actif,Autres actifs courants,Autres actifs courants ,autresactifscourants,2007-09-30,2007,9M,4311604.918,1,TND,unite,Estime,augmentation (estimation trimestrielle)
SFBT,Bilan - Actif,Autres actifs courants,Autres actifs courants ,autresactifscourants,2008-03-31,2008,T1,6977033.616,1,TND,unite,Estime,augmentation (estimation trimestrielle)
SFBT,Bilan - Actif,Autres actifs courants,Autres actifs courants ,autresactifscourants,2008-09-30,2008,9M,7303634.527,1,TND,unite,Estime,augmentation (estimation trimestrielle)
SFBT,Bilan - Actif,Autres actifs courants,Autres actifs courants ,autresactifscourants,2009-03-31,2009,T1,3845299.768,1,TND,unite,Estime,augmentation (estimation trimestrielle)
SFBT,Bilan - Actif,Autres actifs courants,Autres actifs courants ,autresactifscourants,2009-09-30,2009,9M,2617696.834,1,TND,unite,Estime,augmentation (estimation trimestrielle)
SFBT,Bilan - Actif,Autres actifs courants,Autres actifs courants ,autresactifscourants,2010-03-31,2010,T1,3691346.814,1,TND,unite,Estime,augmentation (estimation trimestrielle)
SFBT,Bilan - Actif,Autres actifs courants,Autres actifs courants ,autresactifscourants,2010-09-30,2010,9M,4047096.229,1,TND,unite,Estime,augmentation (estimation trimestrielle)
SFBT,Bilan - Actif,Autres actifs courants,Autres actifs courants ,autresactifscourants,2011-03-31,2011,T1,5388979.573,1,TND,unite,Estime,augmentation (estimation trimestrielle)
SFBT,Bilan - Actif,Autres actifs courants,Autres actifs courants ,autresactifscourants,2011-09-30,2011,9M,5750310.373,1,TND,unite,Estime,augmentation (estimation trimestrielle)
SFBT,Bilan - Actif,Autres actifs courants,Autres actifs courants ,autresactifscourants,2012-03-31,2012,T1,4614951.374,1,TND,unite,Estime,augmentation (estimation trimestrielle)
SFBT,Bilan - Actif,Autres actifs courants,Autres actifs courants ,autresactifscourants,2012-09-30,2012,9M,5787780.204,1,TND,unite,Estime,augmentation (estimation trimestrielle)
SFBT,Bilan - Actif,Autres actifs courants,Autres actifs courants ,autresactifscourants,2013-03-31,2013,T1,8588318.725,1,TND,unite,Estime,augmentation (estimation trimestrielle)
SFBT,Bilan - Actif,Autres actifs courants,Autres actifs courants ,autresactifscourants,2013-09-30,2013,9M,10329763.044,1,TND,unite,Estime,augmentation (estimation trimestrielle)
SFBT,Bilan - Actif,Autres actifs courants,Autres actifs courants ,autresactifscourants,2014-03-31,2014,T1,13623483.368,1,TND,unite,Estime,augmentation (estimation trimestrielle)
SFBT,Bilan - Actif,Autres actifs courants,Autres actifs courants ,autresactifscourants,2014-09-30,2014,9M,13807868.629,1,TND,unite,Estime,augmentation (estimation trimestrielle)
SFBT,Bilan - Actif,Autres actifs courants,Autres actifs courants ,autresactifscourants,2015-03-31,2015,T1,16415029.382,1,TND,unite,Estime,augmentation (estimation trimestrielle)
SFBT,Bilan - Actif,Autres actifs courants,Autres actifs courants ,autresactifscourants,2015-09-30,2015,9M,17397988.888,1,TND,unite,Estime,augmentation (estimation trimestrielle)
SFBT,Bilan - Actif,Autres actifs courants,Autres actifs courants ,autresactifscourants,2016-03-31,2016,T1,11788659.109,1,TND,unite,Estime,augmentation (estimation trimestrielle)
SFBT,Bilan - Actif,Autres actifs courants,Autres actifs courants ,autresactifscourants,2016-09-30,2016,9M,10655152.24,1,TND,unite,Estime,augmentation (estimation trimestrielle)
SFBT,Bilan - Actif,Autres actifs courants,Autres actifs courants ,autresactifscourants,2017-03-31,2017,T1,12635573.888,1,TND,unite,Estime,augmentation (estimation trimestrielle)
SFBT,Bilan - Actif,Autres actifs courants,Autres actifs courants ,autresactifscourants,2017-09-30,2017,9M,16936838.03,1,TND,unite,Estime,augmentation (estimation trimestrielle)
SFBT,Bilan - Actif,Autres actifs courants,Autres actifs courants ,autresactifscourants,2018-03-31,2018,T1,20905290.24,1,TND,unite,Estime,augmentation (estimation trimestrielle)
SFBT,Bilan - Actif,Autres actifs courants,Autres actifs courants ,autresactifscourants,2018-09-30,2018,9M,29993141.588,1,TND,unite,Estime,augmentation (estimation trimestrielle)
SFBT,Bilan - Actif,Autres actifs courants,Autres actifs courants ,autresactifscourants,2019-03-31,2019,T1,30899006.96,1,TND,unite,Estime,augmentation (estimation trimestrielle)
SFBT,Bilan - Actif,Autres actifs courants,Autres actifs courants ,autresactifscourants,2019-09-30,2019,9M,21817339.804,1,TND,unite,Estime,augmentation (estimation trimestrielle)
SFBT,Bilan - Actif,Autres actifs courants,Autres actifs courants ,autresactifscourants,2020-03-31,2020,T1,39911424.9,1,TND,unite,Estime,augmentation (estimation trimestrielle)
SFBT,Bilan - Actif,Autres actifs courants,Autres actifs courants ,autresactifscourants,2020-09-30,2020,9M,43292025.822,1,TND,unite,Estime,augmentation (estimation trimestrielle)
SFBT,Bilan - Actif,Autres actifs courants,Autres actifs courants ,autresactifscourants,2021-03-31,2021,T1,31585738.445,1,TND,unite,Estime,augmentation (estimation trimestrielle)
SFBT,Bilan - Actif,Autres actifs courants,Autres actifs courants ,autresactifscourants,2021-09-30,2021,9M,,1,TND,unite,Estime,augmentation (estimation trimestrielle)
SFBT,Bilan - Actif,Autres actifs courants,Autres actifs courants ,autresactifscourants,2022-03-31,2022,T1,,1,TND,unite,Estime,augmentation (estimation trimestrielle)
SFBT,Bilan - Actif,Autres actifs courants,Autres actifs courants ,autresactifscourants,2022-09-30,2022,9M,,1,TND,unite,Estime,augmentation (estimation trimestrielle)
SFBT,Bilan - Actif,Autres actifs courants,Autres actifs courants ,autresactifscourants,2023-03-31,2023,T1,,1,TND,unite,Estime,augmentation (estimation trimestrielle)
SFBT,Bilan - Actif,Autres actifs courants,Autres actifs courants ,autresactifscourants,2023-09-30,2023,9M,32462064.061,1,TND,unite,Estime,augmentation (estimation trimestrielle)
SFBT,Bilan - Actif,Autres actifs courants,Autres actifs courants ,autresactifscourants,2024-03-31,2024,T1,28534757.477,1,TND,unite,Estime,augmentation (estimation trimestrielle)
SFBT,Bilan - Actif,Autres actifs courants,Autres actifs courants ,autresactifscourants,2024-09-30,2024,9M,27037009.736,1,TND,unite,Estime,augmentation (estimation trimestrielle)
SFBT,Bilan - Actif,Autres actifs courants,Autres actifs courants ,autresactifscourants,2025-03-31,2025,T1,26421486.192,1,TND,unite,Estime,augmentation (estimation trimestrielle)
SFBT,Bilan - Actif,Autres actifs courants aprés provisions,Autres actifs courants aprés provisions,autresactifscourantsapresprovisions,2014-03-31,2014,T1,13539273.368,1,TND,unite,Estime,augmentation (estimation trimestrielle)
SFBT,Bilan - Actif,Autres actifs courants aprés provisions,Autres actifs courants aprés provisions,autresactifscourantsapresprovisions,2014-09-30,2014,9M,13723658.629,1,TND,unite,Estime,augmentation (estimation trimestrielle)
SFBT,Bilan - Actif,Autres actifs courants aprés provisions,Autres actifs courants aprés provisions,autresactifscourantsapresprovisions,2015-03-31,2015,T1,16330819.382,1,TND,unite,Estime,augmentation (estimation trimestrielle)
SFBT,Bilan - Actif,Autres actifs courants aprés provisions,Autres actifs courants aprés provisions,autresactifscourantsapresprovisions,2015-09-30,2015,9M,17313778.888,1,TND,unite,Estime,augmentation (estimation trimestrielle)
SFBT,Bilan - Actif,Autres actifs courants aprés provisions,Autres actifs courants aprés provisions,autresactifscourantsapresprovisions,2016-03-31,2016,T1,11704449.109,1,TND,unite,Estime,augmentation (estimation trimestrielle)
SFBT,Bilan - Actif,Autres actifs courants aprés provisions,Autres actifs courants aprés provisions,autresactifscourantsapresprovisions,2016-09-30,2016,9M,10439353.74,1,TND,unite,Estime,augmentation (estimation trimestrielle)
SFBT,Bilan - Actif,Autres actifs courants aprés provisions,Autres actifs courants aprés provisions,autresactifscourantsapresprovisions,2017-03-31,2017,T1,12419048.379,1,TND,unite,Estime,augmentation (estimation trimestrielle)
SFBT,Bilan - Actif,Autres actifs courants aprés provisions,Autres actifs courants aprés provisions,autresactifscourantsapresprovisions,2017-09-30,2017,9M,16721039.53,1,TND,unite,Estime,augmentation (estimation trimestrielle)
SFBT,Bilan - Actif,Autres actifs courants aprés provisions,Autres actifs courants aprés provisions,autresactifscourantsapresprovisions,2018-03-31,2018,T1,20557903.24,1,TND,unite,Estime,augmentation (estimation trimestrielle)
SFBT,Bilan - Actif,Autres actifs courants aprés provisions,Autres actifs courants aprés provisions,autresactifscourantsapresprovisions,2018-09-30,2018,9M,29645754.588,1,TND,unite,Estime,augmentation (estimation trimestrielle)
SFBT,Bilan - Actif,Autres actifs courants aprés provisions,Autres actifs courants aprés provisions,autresactifscourantsapresprovisions,2019-03-31,2019,T1,30551619.96,1,TND,unite,Estime,augmentation (estimation trimestrielle)
SFBT,Bilan - Actif,Autres actifs courants aprés provisions,Autres actifs courants aprés provisions,autresactifscourantsapresprovisions,2019-09-30,2019,9M,21469952.804,1,TND,unite,Estime,augmentation (estimation trimestrielle)
SFBT,Bilan - Actif,Autres actifs courants aprés provisions,Autres actifs courants aprés provisions,autresactifscourantsapresprovisions,2020-03-31,2020,T1,39564037.9,1,TND,unite,Estime,augmentation (estimation trimestrielle)
SFBT,Bilan - Actif,Autres actifs courants aprés provisions,Autres actifs courants aprés provisions,autresactifscourantsapresprovisions,2020-09-30,2020,9M,42944638.822,1,TND,unite,Estime,augmentation (estimation trimestrielle)
SFBT,Bilan - Actif,Autres actifs courants aprés provisions,Autres actifs courants aprés provisions,autresactifscourantsapresprovisions,2021-03-31,2021,T1,31238351.445,1,TND,unite,Estime,augmentation (estimation trimestrielle)
SFBT,Bilan - Actif,Autres actifs courants aprés provisions,Autres actifs courants aprés provisions,autresactifscourantsapresprovisions,2021-09-30,2021,9M,,1,TND,unite,Estime,augmentation (estimation trimestrielle)
SFBT,Bilan - Actif,Autres actifs courants aprés provisions,Autres actifs courants aprés provisions,autresactifscourantsapresprovisions,2022-03-31,2022,T1,,1,TND,unite,Estime,augmentation (estimation trimestrielle)
SFBT,Bilan - Actif,Autres actifs courants aprés provisions,Autres actifs courants aprés provisions,autresactifscourantsapresprovisions,2022-09-30,2022,9M,,1,TND,unite,Estime,augmentation (estimation trimestrielle)
SFBT,Bilan - Actif,Autres actifs courants aprés provisions,Autres actifs courants aprés provisions,autresactifscourantsapresprovisions,2023-03-31,2023,T1,,1,TND,unite,Estime,augmentation (estimation trimestrielle)
SFBT,Bilan - Actif,Autres actifs courants aprés provisions,Autres actifs courants aprés provisions,autresactifscourantsapresprovisions,2023-09-30,2023,9M,32114677.061,1,TND,unite,Estime,augmentation (estimation trimestrielle)
SFBT,Bilan - Actif,Autres actifs courants aprés provisions,Autres actifs courants aprés provisions,autresactifscourantsapresprovisions,2024-03-31,2024,T1,28037998.95,1,TND,unite,Estime,augmentation (estimation trimestrielle)
SFBT,Bilan - Actif,Autres actifs courants aprés provisions,Autres actifs courants aprés provisions,autresactifscourantsapresprovisions,2024-09-30,2024,9M,26042136.626,1,TND,unite,Estime,augmentation (estimation trimestrielle)
SFBT,Bilan - Actif,Autres actifs courants aprés provisions,Autres actifs courants aprés provisions,autresactifscourantsapresprovisions,2025-03-31,2025,T1,24258352.956,1,TND,unite,Estime,augmentation (estimation trimestrielle)
SFBT,Bilan - Actif,Autres actifs non courants,Autres actifs non courants ,autresactifsnoncourants,2005-09-30,2005,9M,1827965.902,1,TND,unite,Estime,augmentation (estimation trimestrielle)
SFBT,Bilan - Actif,Autres actifs non courants,Autres actifs non courants ,autresactifsnoncourants,2006-03-31,2006,T1,1901866.535,1,TND,unite,Estime,augmentation (estimation trimestrielle)
SFBT,Bilan - Actif,Autres actifs non courants,Autres actifs non courants ,autresactifsnoncourants,2006-09-30,2006,9M,1990250.246,1,TND,unite,Estime,augmentation (estimation trimestrielle)
SFBT,Bilan - Actif,Autres actifs non courants,Autres actifs non courants ,autresactifsnoncourants,2007-03-31,2007,T1,2007147.658,1,TND,unite,Estime,augmentation (estimation trimestrielle)
SFBT,Bilan - Actif,Autres actifs non courants,Autres actifs non courants ,autresactifsnoncourants,2007-09-30,2007,9M,1967046.936,1,TND,unite,Estime,augmentation (estimation trimestrielle)
SFBT,Bilan - Actif,Autres actifs non courants,Autres actifs non courants ,autresactifsnoncourants,2008-03-31,2008,T1,1883290.025,1,TND,unite,Estime,augmentation (estimation trimestrielle)
SFBT,Bilan - Actif,Autres actifs non courants,Autres actifs non courants ,autresactifsnoncourants,2008-09-30,2008,9M,1807154.708,1,TND,unite,Estime,augmentation (estimation trimestrielle)
SFBT,Bilan - Actif,Autres actifs non courants,Autres actifs non courants ,autresactifsnoncourants,2009-03-31,2009,T1,1620948.111,1,TND,unite,Estime,augmentation (estimation trimestrielle)
SFBT,Bilan - Actif,Autres actifs non courants,Autres actifs non courants ,autresactifsnoncourants,2009-09-30,2009,9M,1644363.66,1,TND,unite,Estime,augmentation (estimation trimestrielle)
SFBT,Bilan - Actif,Autres actifs non courants,Autres actifs non courants ,autresactifsnoncourants,2010-03-31,2010,T1,1793281.14,1,TND,unite,Estime,augmentation (estimation trimestrielle)
SFBT,Bilan - Actif,Autres actifs non courants,Autres actifs non courants ,autresactifsnoncourants,2010-09-30,2010,9M,1901641.502,1,TND,unite,Estime,augmentation (estimation trimestrielle)
SFBT,Bilan - Actif,Autres actifs non courants,Autres actifs non courants ,autresactifsnoncourants,2011-03-31,2011,T1,2059943.583,1,TND,unite,Estime,augmentation (estimation trimestrielle)
SFBT,Bilan - Actif,Autres actifs non courants,Autres actifs non courants ,autresactifsnoncourants,2011-09-30,2011,9M,2484769.407,1,TND,unite,Estime,augmentation (estimation trimestrielle)
SFBT,Bilan - Actif,Autres actifs non courants,Autres actifs non courants ,autresactifsnoncourants,2012-03-31,2012,T1,2515692.907,1,TND,unite,Estime,augmentation (estimation trimestrielle)
SFBT,Bilan - Actif,Autres actifs non courants,Autres actifs non courants ,autresactifsnoncourants,2012-09-30,2012,9M,2569836.84,1,TND,unite,Estime,augmentation (estimation trimestrielle)
SFBT,Bilan - Actif,Autres actifs non courants,Autres actifs non courants ,autresactifsnoncourants,2013-03-31,2013,T1,2494006.53,1,TND,unite,Estime,augmentation (estimation trimestrielle)
SFBT,Bilan - Actif,Autres actifs non courants,Autres actifs non courants ,autresactifsnoncourants,2013-09-30,2013,9M,2497942.31,1,TND,unite,Estime,augmentation (estimation trimestrielle)
SFBT,Bilan - Actif,Autres actifs non courants,Autres actifs non courants ,autresactifsnoncourants,2014-03-31,2014,T1,2537065.59,1,TND,unite,Estime,augmentation (estimation trimestrielle)
SFBT,Bilan - Actif,Autres actifs non courants,Autres actifs non courants ,autresactifsnoncourants,2014-09-30,2014,9M,2433205.461,1,TND,unite,Estime,augmentation (estimation trimestrielle)
SFBT,Bilan - Actif,Autres actifs non courants,Autres actifs non courants ,autresactifsnoncourants,2015-03-31,2015,T1,2380115.234,1,TND,unite,Estime,augmentation (estimation trimestrielle)
SFBT,Bilan - Actif,Autres actifs non courants,Autres actifs non courants ,autresactifsnoncourants,2015-09-30,2015,9M,2393281.225,1,TND,unite,Estime,augmentation (estimation trimestrielle)
SFBT,Bilan - Actif,Autres actifs non courants,Autres actifs non courants ,autresactifsnoncourants,2016-03-31,2016,T1,2318257.234,1,TND,unite,Estime,augmentation (estimation trimestrielle)
SFBT,Bilan - Actif,Autres actifs non courants,Autres actifs non courants ,autresactifsnoncourants,2016-09-30,2016,9M,2514847.815,1,TND,unite,Estime,augmentation (estimation trimestrielle)
SFBT,Bilan - Actif,Autres actifs non courants,Autres actifs non courants ,autresactifsnoncourants,2017-03-31,2017,T1,3190535.821,1,TND,unite,Estime,augmentation (estimation trimestrielle)
SFBT,Bilan - Actif,Autres actifs non courants,Autres actifs non courants ,autresactifsnoncourants,2017-09-30,2017,9M,3570269.816,1,TND,unite,Estime,augmentation (estimation trimestrielle)
SFBT,Bilan - Actif,Autres actifs non courants,Autres actifs non courants ,autresactifsnoncourants,2018-03-31,2018,T1,3844154.008,1,TND,unite,Estime,augmentation (estimation trimestrielle)
SFBT,Bilan - Actif,Autres actifs non courants,Autres actifs non courants ,autresactifsnoncourants,2018-09-30,2018,9M,3954100.164,1,TND,unite,Estime,augmentation (estimation trimestrielle)
SFBT,Bilan - Actif,Autres actifs non courants,Autres actifs non courants ,autresactifsnoncourants,2019-03-31,2019,T1,4286000.817,1,TND,unite,Estime,augmentation (estimation trimestrielle)
SFBT,Bilan - Actif,Autres actifs non courants,Autres actifs non courants ,autresactifsnoncourants,2019-09-30,2019,9M,4175832.754,1,TND,unite,Estime,augmentation (estimation trimestrielle)
SFBT,Bilan - Actif,Autres actifs non courants,Autres actifs non courants ,autresactifsnoncourants,2020-03-31,2020,T1,3932616.262,1,TND,unite,Estime,augmentation (estimation trimestrielle)
SFBT,Bilan - Actif,Autres actifs non courants,Autres actifs non courants ,autresactifsnoncourants,2020-09-30,2020,9M,3874830.762,1,TND,unite,Estime,augmentation (estimation trimestrielle)
SFBT,Bilan - Actif,Autres actifs non courants,Autres actifs non courants ,autresactifsnoncourants,2021-03-31,2021,T1,3553184.232,1,TND,unite,Estime,augmentation (estimation trimestrielle)
SFBT,Bilan - Actif,Autres actifs non courants,Autres actifs non courants ,autresactifsnoncourants,2021-09-30,2021,9M,,1,TND,unite,Estime,augmentation (estimation trimestrielle)
SFBT,Bilan - Actif,Autres actifs non courants,Autres actifs non courants ,autresactifsnoncourants,2022-03-31,2022,T1,,1,TND,unite,Estime,augmentation (estimation trimestrielle)
SFBT,Bilan - Actif,Autres actifs non courants,Autres actifs non courants ,autresactifsnoncourants,2022-09-30,2022,9M,,1,TND,unite,Estime,augmentation (estimation trimestrielle)
SFBT,Bilan - Actif,Autres actifs non courants,Autres actifs non courants ,autresactifsnoncourants,2023-03-31,2023,T1,,1,TND,unite,Estime,augmentation (estimation trimestrielle)
SFBT,Bilan - Actif,Autres actifs non courants,Autres actifs non courants ,autresactifsnoncourants,2023-09-30,2023,9M,292325.234,1,TND,unite,Estime,augmentation (estimation trimestrielle)
SFBT,Bilan - Actif,Autres actifs non courants,Autres actifs non courants ,autresactifsnoncourants,2024-03-31,2024,T1,647266.972,1,TND,unite,Estime,augmentation (estimation trimestrielle)
SFBT,Bilan - Actif,Autres actifs non courants,Autres actifs non courants ,autresactifsnoncourants,2024-09-30,2024,9M,1041884.792,1,TND,unite,Estime,augmentation (estimation trimestrielle)
SFBT,Bilan - Actif,Autres actifs non courants,Autres actifs non courants ,autresactifsnoncourants,2025-03-31,2025,T1,1925994.895,1,TND,unite,Estime,augmentation (estimation trimestrielle)
SFBT,Bilan - Actif,Clients et comptes rattachés,Clients et comptes rattachés,clientsetcomptesrattaches,2005-09-30,2005,9M,33874253.632,1,TND,unite,Estime,augmentation (estimation trimestrielle)
SFBT,Bilan - Actif,Clients et comptes rattachés,Clients et comptes rattachés,clientsetcomptesrattaches,2006-03-31,2006,T1,36351673.391,1,TND,unite,Estime,augmentation (estimation trimestrielle)
SFBT,Bilan - Actif,Clients et comptes rattachés,Clients et comptes rattachés,clientsetcomptesrattaches,2006-09-30,2006,9M,37951724.179,1,TND,unite,Estime,augmentation (estimation trimestrielle)
SFBT,Bilan - Actif,Clients et comptes rattachés,Clients et comptes rattachés,clientsetcomptesrattaches,2007-03-31,2007,T1,39227478.62,1,TND,unite,Estime,augmentation (estimation trimestrielle)
SFBT,Bilan - Actif,Clients et comptes rattachés,Clients et comptes rattachés,clientsetcomptesrattaches,2007-09-30,2007,9M,38128239.446,1,TND,unite,Estime,augmentation (estimation trimestrielle)
SFBT,Bilan - Actif,Clients et comptes rattachés,Clients et comptes rattachés,clientsetcomptesrattaches,2008-03-31,2008,T1,37114319.891,1,TND,unite,Estime,augmentation (estimation trimestrielle)
SFBT,Bilan - Actif,Clients et comptes rattachés,Clients et comptes rattachés,clientsetcomptesrattaches,2008-09-30,2008,9M,38595479.267,1,TND,unite,Estime,augmentation (estimation trimestrielle)
SFBT,Bilan - Actif,Clients et comptes rattachés,Clients et comptes rattachés,clientsetcomptesrattaches,2009-03-31,2009,T1,43433836.287,1,TND,unite,Estime,augmentation (estimation trimestrielle)
SFBT,Bilan - Actif,Clients et comptes rattachés,Clients et comptes rattachés,clientsetcomptesrattaches,2009-09-30,2009,9M,48203578.445,1,TND,unite,Estime,augmentation (estimation trimestrielle)
SFBT,Bilan - Actif,Clients et comptes rattachés,Clients et comptes rattachés,clientsetcomptesrattaches,2010-03-31,2010,T1,50733347.421,1,TND,unite,Estime,augmentation (estimation trimestrielle)
SFBT,Bilan - Actif,Clients et comptes rattachés,Clients et comptes rattachés,clientsetcomptesrattaches,2010-09-30,2010,9M,62377701.661,1,TND,unite,Estime,augmentation (estimation trimestrielle)
SFBT,Bilan - Actif,Clients et comptes rattachés,Clients et comptes rattachés,clientsetcomptesrattaches,2011-03-31,2011,T1,67458549.72,1,TND,unite,Estime,augmentation (estimation trimestrielle)
SFBT,Bilan - Actif,Clients et comptes rattachés,Clients et comptes rattachés,clientsetcomptesrattaches,2011-09-30,2011,9M,67130644.197,1,TND,unite,Estime,augmentation (estimation trimestrielle)
SFBT,Bilan - Actif,Clients et comptes rattachés,Clients et comptes rattachés,clientsetcomptesrattaches,2012-03-31,2012,T1,73073526.197,1,TND,unite,Estime,augmentation (estimation trimestrielle)
SFBT,Bilan - Actif,Clients et comptes rattachés,Clients et comptes rattachés,clientsetcomptesrattaches,2012-09-30,2012,9M,70369454.969,1,TND,unite,Estime,augmentation (estimation trimestrielle)
SFBT,Bilan - Actif,Clients et comptes rattachés,Clients et comptes rattachés,clientsetcomptesrattaches,2013-03-31,2013,T1,64537943.013,1,TND,unite,Estime,augmentation (estimation trimestrielle)
SFBT,Bilan - Actif,Clients et comptes rattachés,Clients et comptes rattachés,clientsetcomptesrattaches,2013-09-30,2013,9M,68720073.669,1,TND,unite,Estime,augmentation (estimation trimestrielle)
SFBT,Bilan - Actif,Clients et comptes rattachés,Clients et comptes rattachés,clientsetcomptesrattaches,2014-03-31,2014,T1,76233517.71,1,TND,unite,Estime,augmentation (estimation trimestrielle)
SFBT,Bilan - Actif,Clients et comptes rattachés,Clients et comptes rattachés,clientsetcomptesrattaches,2014-09-30,2014,9M,74112553.331,1,TND,unite,Estime,augmentation (estimation trimestrielle)
SFBT,Bilan - Actif,Clients et comptes rattachés,Clients et comptes rattachés,clientsetcomptesrattaches,2015-03-31,2015,T1,77278483.092,1,TND,unite,Estime,augmentation (estimation trimestrielle)
SFBT,Bilan - Actif,Clients et comptes rattachés,Clients et comptes rattachés,clientsetcomptesrattaches,2015-09-30,2015,9M,75815145.419,1,TND,unite,Estime,augmentation (estimation trimestrielle)
SFBT,Bilan - Actif,Clients et comptes rattachés,Clients et comptes rattachés,clientsetcomptesrattaches,2016-03-31,2016,T1,75083907.095,1,TND,unite,Estime,augmentation (estimation trimestrielle)
SFBT,Bilan - Actif,Clients et comptes rattachés,Clients et comptes rattachés,clientsetcomptesrattaches,2016-09-30,2016,9M,83539809.834,1,TND,unite,Estime,augmentation (estimation trimestrielle)
SFBT,Bilan - Actif,Clients et comptes rattachés,Clients et comptes rattachés,clientsetcomptesrattaches,2017-03-31,2017,T1,86977437.453,1,TND,unite,Estime,augmentation (estimation trimestrielle)
SFBT,Bilan - Actif,Clients et comptes rattachés,Clients et comptes rattachés,clientsetcomptesrattaches,2017-09-30,2017,9M,91928242.819,1,TND,unite,Estime,augmentation (estimation trimestrielle)
SFBT,Bilan - Actif,Clients et comptes rattachés,Clients et comptes rattachés,clientsetcomptesrattaches,2018-03-31,2018,T1,96513445.977,1,TND,unite,Estime,augmentation (estimation trimestrielle)
SFBT,Bilan - Actif,Clients et comptes rattachés,Clients et comptes rattachés,clientsetcomptesrattaches,2018-09-30,2018,9M,101580526.727,1,TND,unite,Estime,augmentation (estimation trimestrielle)
SFBT,Bilan - Actif,Clients et comptes rattachés,Clients et comptes rattachés,clientsetcomptesrattaches,2019-03-31,2019,T1,109650292.686,1,TND,unite,Estime,augmentation (estimation trimestrielle)
SFBT,Bilan - Actif,Clients et comptes rattachés,Clients et comptes rattachés,clientsetcomptesrattaches,2019-09-30,2019,9M,104693858.047,1,TND,unite,Estime,augmentation (estimation trimestrielle)
SFBT,Bilan - Actif,Clients et comptes rattachés,Clients et comptes rattachés,clientsetcomptesrattaches,2020-03-31,2020,T1,116474347.817,1,TND,unite,Estime,augmentation (estimation trimestrielle)
SFBT,Bilan - Actif,Clients et comptes rattachés,Clients et comptes rattachés,clientsetcomptesrattaches,2020-09-30,2020,9M,124190893.41,1,TND,unite,Estime,augmentation (estimation trimestrielle)
SFBT,Bilan - Actif,Clients et comptes rattachés,Clients et comptes rattachés,clientsetcomptesrattaches,2021-03-31,2021,T1,125163438.075,1,TND,unite,Estime,augmentation (estimation trimestrielle)
SFBT,Bilan - Actif,Clients et comptes rattachés,Clients et comptes rattachés,clientsetcomptesrattaches,2021-09-30,2021,9M,,1,TND,unite,Estime,augmentation (estimation trimestrielle)
SFBT,Bilan - Actif,Clients et comptes rattachés,Clients et comptes rattachés,clientsetcomptesrattaches,2022-03-31,2022,T1,,1,TND,unite,Estime,augmentation (estimation trimestrielle)
SFBT,Bilan - Actif,Clients et comptes rattachés,Clients et comptes rattachés,clientsetcomptesrattaches,2022-09-30,2022,9M,,1,TND,unite,Estime,augmentation (estimation trimestrielle)
SFBT,Bilan - Actif,Clients et comptes rattachés,Clients et comptes rattachés,clientsetcomptesrattaches,2023-03-31,2023,T1,,1,TND,unite,Estime,augmentation (estimation trimestrielle)
SFBT,Bilan - Actif,Clients et comptes rattachés,Clients et comptes rattachés,clientsetcomptesrattaches,2023-09-30,2023,9M,160690142.196,1,TND,unite,Estime,augmentation (estimation trimestrielle)
SFBT,Bilan - Actif,Clients et comptes rattachés,Clients et comptes rattachés,clientsetcomptesrattaches,2024-03-31,2024,T1,201279073.117,1,TND,unite,Estime,augmentation (estimation trimestrielle)
SFBT,Bilan - Actif,Clients et comptes rattachés,Clients et comptes rattachés,clientsetcomptesrattaches,2024-09-30,2024,9M,201694440.562,1,TND,unite,Estime,augmentation (estimation trimestrielle)
SFBT,Bilan - Actif,Clients et comptes rattachés,Clients et comptes rattachés,clientsetcomptesrattaches,2025-03-31,2025,T1,196370368.161,1,TND,unite,Estime,augmentation (estimation trimestrielle)
SFBT,Bilan - Actif,Clients et comptes rattachés aprés provisions,Clients et comptes rattachés aprés provisions,clientsetcomptesrattachesapresprovisions,2005-09-30,2005,9M,28788187.554,1,TND,unite,Estime,augmentation (estimation trimestrielle)
SFBT,Bilan - Actif,Clients et comptes rattachés aprés provisions,Clients et comptes rattachés aprés provisions,clientsetcomptesrattachesapresprovisions,2006-03-31,2006,T1,30371521.157,1,TND,unite,Estime,augmentation (estimation trimestrielle)
SFBT,Bilan - Actif,Clients et comptes rattachés aprés provisions,Clients et comptes rattachés aprés provisions,clientsetcomptesrattachesapresprovisions,2006-09-30,2006,9M,31604063.48,1,TND,unite,Estime,augmentation (estimation trimestrielle)
SFBT,Bilan - Actif,Clients et comptes rattachés aprés provisions,Clients et comptes rattachés aprés provisions,clientsetcomptesrattachesapresprovisions,2007-03-31,2007,T1,32510373.689,1,TND,unite,Estime,augmentation (estimation trimestrielle)
SFBT,Bilan - Actif,Clients et comptes rattachés aprés provisions,Clients et comptes rattachés aprés provisions,clientsetcomptesrattachesapresprovisions,2007-09-30,2007,9M,31212152.898,1,TND,unite,Estime,augmentation (estimation trimestrielle)
SFBT,Bilan - Actif,Clients et comptes rattachés aprés provisions,Clients et comptes rattachés aprés provisions,clientsetcomptesrattachesapresprovisions,2008-03-31,2008,T1,30039428.556,1,TND,unite,Estime,augmentation (estimation trimestrielle)
SFBT,Bilan - Actif,Clients et comptes rattachés aprés provisions,Clients et comptes rattachés aprés provisions,clientsetcomptesrattachesapresprovisions,2008-09-30,2008,9M,31154536.85,1,TND,unite,Estime,augmentation (estimation trimestrielle)
SFBT,Bilan - Actif,Clients et comptes rattachés aprés provisions,Clients et comptes rattachés aprés provisions,clientsetcomptesrattachesapresprovisions,2009-03-31,2009,T1,35624678.157,1,TND,unite,Estime,augmentation (estimation trimestrielle)
SFBT,Bilan - Actif,Clients et comptes rattachés aprés provisions,Clients et comptes rattachés aprés provisions,clientsetcomptesrattachesapresprovisions,2009-09-30,2009,9M,40446297.171,1,TND,unite,Estime,augmentation (estimation trimestrielle)
SFBT,Bilan - Actif,Clients et comptes rattachés aprés provisions,Clients et comptes rattachés aprés provisions,clientsetcomptesrattachesapresprovisions,2010-03-31,2010,T1,43033044.991,1,TND,unite,Estime,augmentation (estimation trimestrielle)
SFBT,Bilan - Actif,Clients et comptes rattachés aprés provisions,Clients et comptes rattachés aprés provisions,clientsetcomptesrattachesapresprovisions,2010-09-30,2010,9M,54561840.942,1,TND,unite,Estime,augmentation (estimation trimestrielle)
SFBT,Bilan - Actif,Clients et comptes rattachés aprés provisions,Clients et comptes rattachés aprés provisions,clientsetcomptesrattachesapresprovisions,2011-03-31,2011,T1,59585363.914,1,TND,unite,Estime,augmentation (estimation trimestrielle)
SFBT,Bilan - Actif,Clients et comptes rattachés aprés provisions,Clients et comptes rattachés aprés provisions,clientsetcomptesrattachesapresprovisions,2011-09-30,2011,9M,59128819.432,1,TND,unite,Estime,augmentation (estimation trimestrielle)
SFBT,Bilan - Actif,Clients et comptes rattachés aprés provisions,Clients et comptes rattachés aprés provisions,clientsetcomptesrattachesapresprovisions,2012-03-31,2012,T1,64877458.432,1,TND,unite,Estime,augmentation (estimation trimestrielle)
SFBT,Bilan - Actif,Clients et comptes rattachés aprés provisions,Clients et comptes rattachés aprés provisions,clientsetcomptesrattachesapresprovisions,2012-09-30,2012,9M,61874220.003,1,TND,unite,Estime,augmentation (estimation trimestrielle)
SFBT,Bilan - Actif,Clients et comptes rattachés aprés provisions,Clients et comptes rattachés aprés provisions,clientsetcomptesrattachesapresprovisions,2013-03-31,2013,T1,55668397.44,1,TND,unite,Estime,augmentation (estimation trimestrielle)
SFBT,Bilan - Actif,Clients et comptes rattachés aprés provisions,Clients et comptes rattachés aprés provisions,clientsetcomptesrattachesapresprovisions,2013-09-30,2013,9M,59768356.829,1,TND,unite,Estime,augmentation (estimation trimestrielle)
SFBT,Bilan - Actif,Clients et comptes rattachés aprés provisions,Clients et comptes rattachés aprés provisions,clientsetcomptesrattachesapresprovisions,2014-03-31,2014,T1,67348321.616,1,TND,unite,Estime,augmentation (estimation trimestrielle)
SFBT,Bilan - Actif,Clients et comptes rattachés aprés provisions,Clients et comptes rattachés aprés provisions,clientsetcomptesrattachesapresprovisions,2014-09-30,2014,9M,65033749.65,1,TND,unite,Estime,augmentation (estimation trimestrielle)
SFBT,Bilan - Actif,Clients et comptes rattachés aprés provisions,Clients et comptes rattachés aprés provisions,clientsetcomptesrattachesapresprovisions,2015-03-31,2015,T1,67921386.279,1,TND,unite,Estime,augmentation (estimation trimestrielle)
SFBT,Bilan - Actif,Clients et comptes rattachés aprés provisions,Clients et comptes rattachés aprés provisions,clientsetcomptesrattachesapresprovisions,2015-09-30,2015,9M,66119502.328,1,TND,unite,Estime,augmentation (estimation trimestrielle)
SFBT,Bilan - Actif,Clients et comptes rattachés aprés provisions,Clients et comptes rattachés aprés provisions,clientsetcomptesrattachesapresprovisions,2016-03-31,2016,T1,65132421.601,1,TND,unite,Estime,augmentation (estimation trimestrielle)
SFBT,Bilan - Actif,Clients et comptes rattachés aprés provisions,Clients et comptes rattachés aprés provisions,clientsetcomptesrattachesapresprovisions,2016-09-30,2016,9M,73551624.368,1,TND,unite,Estime,augmentation (estimation trimestrielle)
SFBT,Bilan - Actif,Clients et comptes rattachés aprés provisions,Clients et comptes rattachés aprés provisions,clientsetcomptesrattachesapresprovisions,2017-03-31,2017,T1,76947421.41,1,TND,unite,Estime,augmentation (estimation trimestrielle)
SFBT,Bilan - Actif,Clients et comptes rattachés aprés provisions,Clients et comptes rattachés aprés provisions,clientsetcomptesrattachesapresprovisions,2017-09-30,2017,9M,81515621.762,1,TND,unite,Estime,augmentation (estimation trimestrielle)
SFBT,Bilan - Actif,Clients et comptes rattachés aprés provisions,Clients et comptes rattachés aprés provisions,clientsetcomptesrattachesapresprovisions,2018-03-31,2018,T1,86079386.973,1,TND,unite,Estime,augmentation (estimation trimestrielle)
SFBT,Bilan - Actif,Clients et comptes rattachés aprés provisions,Clients et comptes rattachés aprés provisions,clientsetcomptesrattachesapresprovisions,2018-09-30,2018,9M,90958714.638,1,TND,unite,Estime,augmentation (estimation trimestrielle)
SFBT,Bilan - Actif,Clients et comptes rattachés aprés provisions,Clients et comptes rattachés aprés provisions,clientsetcomptesrattachesapresprovisions,2019-03-31,2019,T1,98700280.197,1,TND,unite,Estime,augmentation (estimation trimestrielle)
SFBT,Bilan - Actif,Clients et comptes rattachés aprés provisions,Clients et comptes rattachés aprés provisions,clientsetcomptesrattachesapresprovisions,2019-09-30,2019,9M,93934444.416,1,TND,unite,Estime,augmentation (estimation trimestrielle)
SFBT,Bilan - Actif,Clients et comptes rattachés aprés provisions,Clients et comptes rattachés aprés provisions,clientsetcomptesrattachesapresprovisions,2020-03-31,2020,T1,105533555.317,1,TND,unite,Estime,augmentation (estimation trimestrielle)
SFBT,Bilan - Actif,Clients et comptes rattachés aprés provisions,Clients et comptes rattachés aprés provisions,clientsetcomptesrattachesapresprovisions,2020-09-30,2020,9M,110429065.965,1,TND,unite,Estime,augmentation (estimation trimestrielle)
SFBT,Bilan - Actif,Clients et comptes rattachés aprés provisions,Clients et comptes rattachés aprés provisions,clientsetcomptesrattachesapresprovisions,2021-03-31,2021,T1,108863824.964,1,TND,unite,Estime,augmentation (estimation trimestrielle)
SFBT,Bilan - Actif,Clients et comptes rattachés aprés provisions,Clients et comptes rattachés aprés provisions,clientsetcomptesrattachesapresprovisions,2021-09-30,2021,9M,,1,TND,unite,Estime,augmentation (estimation trimestrielle)
SFBT,Bilan - Actif,Clients et comptes rattachés aprés provisions,Clients et comptes rattachés aprés provisions,clientsetcomptesrattachesapresprovisions,2022-03-31,2022,T1,,1,TND,unite,Estime,augmentation (estimation trimestrielle)
SFBT,Bilan - Actif,Clients et comptes rattachés aprés provisions,Clients et comptes rattachés aprés provisions,clientsetcomptesrattachesapresprovisions,2022-09-30,2022,9M,,1,TND,unite,Estime,augmentation (estimation trimestrielle)
SFBT,Bilan - Actif,Clients et comptes rattachés aprés provisions,Clients et comptes rattachés aprés provisions,clientsetcomptesrattachesapresprovisions,2023-03-31,2023,T1,,1,TND,unite,Estime,augmentation (estimation trimestrielle)
SFBT,Bilan - Actif,Clients et comptes rattachés aprés provisions,Clients et comptes rattachés aprés provisions,clientsetcomptesrattachesapresprovisions,2023-09-30,2023,9M,144427802.799,1,TND,unite,Estime,augmentation (estimation trimestrielle)
SFBT,Bilan - Actif,Clients et comptes rattachés aprés provisions,Clients et comptes rattachés aprés provisions,clientsetcomptesrattachesapresprovisions,2024-03-31,2024,T1,184971979.122,1,TND,unite,Estime,augmentation (estimation trimestrielle)
SFBT,Bilan - Actif,Clients et comptes rattachés aprés provisions,Clients et comptes rattachés aprés provisions,clientsetcomptesrattachesapresprovisions,2024-09-30,2024,9M,185326247.679,1,TND,unite,Estime,augmentation (estimation trimestrielle)
SFBT,Bilan - Actif,Clients et comptes rattachés aprés provisions,Clients et comptes rattachés aprés provisions,clientsetcomptesrattachesapresprovisions,2025-03-31,2025,T1,180034136.366,1,TND,unite,Estime,augmentation (estimation trimestrielle)
SFBT,Bilan - Actif,Immobilisations corporelles,Immobilisations corporelles,immobilisationscorporelles,2005-09-30,2005,9M,145506690.052,1,TND,unite,Estime,augmentation (estimation trimestrielle)
SFBT,Bilan - Actif,Immobilisations corporelles,Immobilisations corporelles,immobilisationscorporelles,2006-03-31,2006,T1,151525673.979,1,TND,unite,Estime,augmentation (estimation trimestrielle)
SFBT,Bilan - Actif,Immobilisations corporelles,Immobilisations corporelles,immobilisationscorporelles,2006-09-30,2006,9M,158301912.796,1,TND,unite,Estime,augmentation (estimation trimestrielle)
SFBT,Bilan - Actif,Immobilisations corporelles,Immobilisations corporelles,immobilisationscorporelles,2007-03-31,2007,T1,161726062.83,1,TND,unite,Estime,augmentation (estimation trimestrielle)
SFBT,Bilan - Actif,Immobilisations corporelles,Immobilisations corporelles,immobilisationscorporelles,2007-09-30,2007,9M,168003619.344,1,TND,unite,Estime,augmentation (estimation trimestrielle)
SFBT,Bilan - Actif,Immobilisations corporelles,Immobilisations corporelles,immobilisationscorporelles,2008-03-31,2008,T1,174997053.358,1,TND,unite,Estime,augmentation (estimation trimestrielle)
SFBT,Bilan - Actif,Immobilisations corporelles,Immobilisations corporelles,immobilisationscorporelles,2008-09-30,2008,9M,179836729.336,1,TND,unite,Estime,augmentation (estimation trimestrielle)
SFBT,Bilan - Actif,Immobilisations corporelles,Immobilisations corporelles,immobilisationscorporelles,2009-03-31,2009,T1,186055980.089,1,TND,unite,Estime,augmentation (estimation trimestrielle)
SFBT,Bilan - Actif,Immobilisations corporelles,Immobilisations corporelles,immobilisationscorporelles,2009-09-30,2009,9M,190837498.289,1,TND,unite,Estime,augmentation (estimation trimestrielle)
SFBT,Bilan - Actif,Immobilisations corporelles,Immobilisations corporelles,immobilisationscorporelles,2010-03-31,2010,T1,196644399.486,1,TND,unite,Estime,augmentation (estimation trimestrielle)
SFBT,Bilan - Actif,Immobilisations corporelles,Immobilisations corporelles,immobilisationscorporelles,2010-09-30,2010,9M,205727085.534,1,TND,unite,Estime,augmentation (estimation trimestrielle)
SFBT,Bilan - Actif,Immobilisations corporelles,Immobilisations corporelles,immobilisationscorporelles,2011-03-31,2011,T1,221638913.233,1,TND,unite,Estime,augmentation (estimation trimestrielle)
SFBT,Bilan - Actif,Immobilisations corporelles,Immobilisations corporelles,immobilisationscorporelles,2011-09-30,2011,9M,238619869.296,1,TND,unite,Estime,augmentation (estimation trimestrielle)
SFBT,Bilan - Actif,Immobilisations corporelles,Immobilisations corporelles,immobilisationscorporelles,2012-03-31,2012,T1,251558844.296,1,TND,unite,Estime,augmentation (estimation trimestrielle)
SFBT,Bilan - Actif,Immobilisations corporelles,Immobilisations corporelles,immobilisationscorporelles,2012-09-30,2012,9M,263812311.076,1,TND,unite,Estime,augmentation (estimation trimestrielle)
SFBT,Bilan - Actif,Immobilisations corporelles,Immobilisations corporelles,immobilisationscorporelles,2013-03-31,2013,T1,271267994.9,1,TND,unite,Estime,augmentation (estimation trimestrielle)
SFBT,Bilan - Actif,Immobilisations corporelles,Immobilisations corporelles,immobilisationscorporelles,2013-09-30,2013,9M,277271525.588,1,TND,unite,Estime,augmentation (estimation trimestrielle)
SFBT,Bilan - Actif,Immobilisations corporelles,Immobilisations corporelles,immobilisationscorporelles,2014-03-31,2014,T1,283410067.062,1,TND,unite,Estime,augmentation (estimation trimestrielle)
SFBT,Bilan - Actif,Immobilisations corporelles,Immobilisations corporelles,immobilisationscorporelles,2014-09-30,2014,9M,295314017.468,1,TND,unite,Estime,augmentation (estimation trimestrielle)
SFBT,Bilan - Actif,Immobilisations corporelles,Immobilisations corporelles,immobilisationscorporelles,2015-03-31,2015,T1,307282014.378,1,TND,unite,Estime,augmentation (estimation trimestrielle)
SFBT,Bilan - Actif,Immobilisations corporelles,Immobilisations corporelles,immobilisationscorporelles,2015-09-30,2015,9M,321444532.93,1,TND,unite,Estime,augmentation (estimation trimestrielle)
SFBT,Bilan - Actif,Immobilisations corporelles,Immobilisations corporelles,immobilisationscorporelles,2016-03-31,2016,T1,336502324.086,1,TND,unite,Estime,augmentation (estimation trimestrielle)
SFBT,Bilan - Actif,Immobilisations corporelles,Immobilisations corporelles,immobilisationscorporelles,2016-09-30,2016,9M,346798363.178,1,TND,unite,Estime,augmentation (estimation trimestrielle)
SFBT,Bilan - Actif,Immobilisations corporelles,Immobilisations corporelles,immobilisationscorporelles,2017-03-31,2017,T1,357873387.921,1,TND,unite,Estime,augmentation (estimation trimestrielle)
SFBT,Bilan - Actif,Immobilisations corporelles,Immobilisations corporelles,immobilisationscorporelles,2017-09-30,2017,9M,400864066.395,1,TND,unite,Estime,augmentation (estimation trimestrielle)
SFBT,Bilan - Actif,Immobilisations corporelles,Immobilisations corporelles,immobilisationscorporelles,2018-03-31,2018,T1,433818574.455,1,TND,unite,Estime,augmentation (estimation trimestrielle)
SFBT,Bilan - Actif,Immobilisations corporelles,Immobilisations corporelles,immobilisationscorporelles,2018-09-30,2018,9M,457065315.44,1,TND,unite,Estime,augmentation (estimation trimestrielle)
SFBT,Bilan - Actif,Immobilisations corporelles,Immobilisations corporelles,immobilisationscorporelles,2019-03-31,2019,T1,469270169.969,1,TND,unite,Estime,augmentation (estimation trimestrielle)
SFBT,Bilan - Actif,Immobilisations corporelles,Immobilisations corporelles,immobilisationscorporelles,2019-09-30,2019,9M,445907598.131,1,TND,unite,Estime,augmentation (estimation trimestrielle)
SFBT,Bilan - Actif,Immobilisations corporelles,Immobilisations corporelles,immobilisationscorporelles,2020-03-31,2020,T1,470229515.289,1,TND,unite,Estime,augmentation (estimation trimestrielle)
SFBT,Bilan - Actif,Immobilisations corporelles,Immobilisations corporelles,immobilisationscorporelles,2020-09-30,2020,9M,514910438.072,1,TND,unite,Estime,augmentation (estimation trimestrielle)
SFBT,Bilan - Actif,Immobilisations corporelles,Immobilisations corporelles,immobilisationscorporelles,2021-03-31,2021,T1,532128841.416,1,TND,unite,Estime,augmentation (estimation trimestrielle)
SFBT,Bilan - Actif,Immobilisations corporelles,Immobilisations corporelles,immobilisationscorporelles,2021-09-30,2021,9M,,1,TND,unite,Estime,augmentation (estimation trimestrielle)
SFBT,Bilan - Actif,Immobilisations corporelles,Immobilisations corporelles,immobilisationscorporelles,2022-03-31,2022,T1,,1,TND,unite,Estime,augmentation (estimation trimestrielle)
SFBT,Bilan - Actif,Immobilisations corporelles,Immobilisations corporelles,immobilisationscorporelles,2022-09-30,2022,9M,,1,TND,unite,Estime,augmentation (estimation trimestrielle)
SFBT,Bilan - Actif,Immobilisations corporelles,Immobilisations corporelles,immobilisationscorporelles,2023-03-31,2023,T1,,1,TND,unite,Estime,augmentation (estimation trimestrielle)
SFBT,Bilan - Actif,Immobilisations corporelles,Immobilisations corporelles,immobilisationscorporelles,2023-09-30,2023,9M,562722758.36,1,TND,unite,Estime,augmentation (estimation trimestrielle)
SFBT,Bilan - Actif,Immobilisations corporelles,Immobilisations corporelles,immobilisationscorporelles,2024-03-31,2024,T1,573472961.579,1,TND,unite,Estime,augmentation (estimation trimestrielle)
SFBT,Bilan - Actif,Immobilisations corporelles,Immobilisations corporelles,immobilisationscorporelles,2024-09-30,2024,9M,587776712.626,1,TND,unite,Estime,augmentation (estimation trimestrielle)
SFBT,Bilan - Actif,Immobilisations corporelles,Immobilisations corporelles,immobilisationscorporelles,2025-03-31,2025,T1,602382886.684,1,TND,unite,Estime,augmentation (estimation trimestrielle)
SFBT,Bilan - Actif,Immobilisations corporelles aprés amortissements et provisions,Immobilisations corporelles aprés amortissements et provisions,immobilisationscorporellesapresamortissementsetprovisions,2005-09-30,2005,9M,58452336.172,1,TND,unite,Estime,augmentation (estimation trimestrielle)
SFBT,Bilan - Actif,Immobilisations corporelles aprés amortissements et provisions,Immobilisations corporelles aprés amortissements et provisions,immobilisationscorporellesapresamortissementsetprovisions,2006-03-31,2006,T1,61201804.719,1,TND,unite,Estime,augmentation (estimation trimestrielle)
SFBT,Bilan - Actif,Immobilisations corporelles aprés amortissements et provisions,Immobilisations corporelles aprés amortissements et provisions,immobilisationscorporellesapresamortissementsetprovisions,2006-09-30,2006,9M,64818550.097,1,TND,unite,Estime,augmentation (estimation trimestrielle)
SFBT,Bilan - Actif,Immobilisations corporelles aprés amortissements et provisions,Immobilisations corporelles aprés amortissements et provisions,immobilisationscorporellesapresamortissementsetprovisions,2007-03-31,2007,T1,64690784.876,1,TND,unite,Estime,augmentation (estimation trimestrielle)
SFBT,Bilan - Actif,Immobilisations corporelles aprés amortissements et provisions,Immobilisations corporelles aprés amortissements et provisions,immobilisationscorporellesapresamortissementsetprovisions,2007-09-30,2007,9M,66901779.66,1,TND,unite,Estime,augmentation (estimation trimestrielle)
SFBT,Bilan - Actif,Immobilisations corporelles aprés amortissements et provisions,Immobilisations corporelles aprés amortissements et provisions,immobilisationscorporellesapresamortissementsetprovisions,2008-03-31,2008,T1,70908123.55,1,TND,unite,Estime,augmentation (estimation trimestrielle)
SFBT,Bilan - Actif,Immobilisations corporelles aprés amortissements et provisions,Immobilisations corporelles aprés amortissements et provisions,immobilisationscorporellesapresamortissementsetprovisions,2008-09-30,2008,9M,72926878.216,1,TND,unite,Estime,augmentation (estimation trimestrielle)
SFBT,Bilan - Actif,Immobilisations corporelles aprés amortissements et provisions,Immobilisations corporelles aprés amortissements et provisions,immobilisationscorporellesapresamortissementsetprovisions,2009-03-31,2009,T1,75792656.268,1,TND,unite,Estime,augmentation (estimation trimestrielle)
SFBT,Bilan - Actif,Immobilisations corporelles aprés amortissements et provisions,Immobilisations corporelles aprés amortissements et provisions,immobilisationscorporellesapresamortissementsetprovisions,2009-09-30,2009,9M,77504519.818,1,TND,unite,Estime,augmentation (estimation trimestrielle)
SFBT,Bilan - Actif,Immobilisations corporelles aprés amortissements et provisions,Immobilisations corporelles aprés amortissements et provisions,immobilisationscorporellesapresamortissementsetprovisions,2010-03-31,2010,T1,80089217.66,1,TND,unite,Estime,augmentation (estimation trimestrielle)
SFBT,Bilan - Actif,Immobilisations corporelles aprés amortissements et provisions,Immobilisations corporelles aprés amortissements et provisions,immobilisationscorporellesapresamortissementsetprovisions,2010-09-30,2010,9M,86060445.947,1,TND,unite,Estime,augmentation (estimation trimestrielle)
SFBT,Bilan - Actif,Immobilisations corporelles aprés amortissements et provisions,Immobilisations corporelles aprés amortissements et provisions,immobilisationscorporellesapresamortissementsetprovisions,2011-03-31,2011,T1,98647294.239,1,TND,unite,Estime,augmentation (estimation trimestrielle)
SFBT,Bilan - Actif,Immobilisations corporelles aprés amortissements et provisions,Immobilisations corporelles aprés amortissements et provisions,immobilisationscorporellesapresamortissementsetprovisions,2011-09-30,2011,9M,111186105.067,1,TND,unite,Estime,augmentation (estimation trimestrielle)
SFBT,Bilan - Actif,Immobilisations corporelles aprés amortissements et provisions,Immobilisations corporelles aprés amortissements et provisions,immobilisationscorporellesapresamortissementsetprovisions,2012-03-31,2012,T1,120190808.567,1,TND,unite,Estime,augmentation (estimation trimestrielle)
SFBT,Bilan - Actif,Immobilisations corporelles aprés amortissements et provisions,Immobilisations corporelles aprés amortissements et provisions,immobilisationscorporellesapresamortissementsetprovisions,2012-09-30,2012,9M,128056092.304,1,TND,unite,Estime,augmentation (estimation trimestrielle)
SFBT,Bilan - Actif,Immobilisations corporelles aprés amortissements et provisions,Immobilisations corporelles aprés amortissements et provisions,immobilisationscorporellesapresamortissementsetprovisions,2013-03-31,2013,T1,130183086.825,1,TND,unite,Estime,augmentation (estimation trimestrielle)
SFBT,Bilan - Actif,Immobilisations corporelles aprés amortissements et provisions,Immobilisations corporelles aprés amortissements et provisions,immobilisationscorporellesapresamortissementsetprovisions,2013-09-30,2013,9M,130778960.938,1,TND,unite,Estime,augmentation (estimation trimestrielle)
SFBT,Bilan - Actif,Immobilisations corporelles aprés amortissements et provisions,Immobilisations corporelles aprés amortissements et provisions,immobilisationscorporellesapresamortissementsetprovisions,2014-03-31,2014,T1,131525689.894,1,TND,unite,Estime,augmentation (estimation trimestrielle)
SFBT,Bilan - Actif,Immobilisations corporelles aprés amortissements et provisions,Immobilisations corporelles aprés amortissements et provisions,immobilisationscorporellesapresamortissementsetprovisions,2014-09-30,2014,9M,137981525.86,1,TND,unite,Estime,augmentation (estimation trimestrielle)
SFBT,Bilan - Actif,Immobilisations corporelles aprés amortissements et provisions,Immobilisations corporelles aprés amortissements et provisions,immobilisationscorporellesapresamortissementsetprovisions,2015-03-31,2015,T1,144033120.104,1,TND,unite,Estime,augmentation (estimation trimestrielle)
SFBT,Bilan - Actif,Immobilisations corporelles aprés amortissements et provisions,Immobilisations corporelles aprés amortissements et provisions,immobilisationscorporellesapresamortissementsetprovisions,2015-09-30,2015,9M,151635419.678,1,TND,unite,Estime,augmentation (estimation trimestrielle)
SFBT,Bilan - Actif,Immobilisations corporelles aprés amortissements et provisions,Immobilisations corporelles aprés amortissements et provisions,immobilisationscorporellesapresamortissementsetprovisions,2016-03-31,2016,T1,159893404.146,1,TND,unite,Estime,augmentation (estimation trimestrielle)
SFBT,Bilan - Actif,Immobilisations corporelles aprés amortissements et provisions,Immobilisations corporelles aprés amortissements et provisions,immobilisationscorporellesapresamortissementsetprovisions,2016-09-30,2016,9M,162612937.127,1,TND,unite,Estime,augmentation (estimation trimestrielle)
SFBT,Bilan - Actif,Immobilisations corporelles aprés amortissements et provisions,Immobilisations corporelles aprés amortissements et provisions,immobilisationscorporellesapresamortissementsetprovisions,2017-03-31,2017,T1,165419473.628,1,TND,unite,Estime,augmentation (estimation trimestrielle)
SFBT,Bilan - Actif,Immobilisations corporelles aprés amortissements et provisions,Immobilisations corporelles aprés amortissements et provisions,immobilisationscorporellesapresamortissementsetprovisions,2017-09-30,2017,9M,191470247.359,1,TND,unite,Estime,augmentation (estimation trimestrielle)
SFBT,Bilan - Actif,Immobilisations corporelles aprés amortissements et provisions,Immobilisations corporelles aprés amortissements et provisions,immobilisationscorporellesapresamortissementsetprovisions,2018-03-31,2018,T1,216729719.843,1,TND,unite,Estime,augmentation (estimation trimestrielle)
SFBT,Bilan - Actif,Immobilisations corporelles aprés amortissements et provisions,Immobilisations corporelles aprés amortissements et provisions,immobilisationscorporellesapresamortissementsetprovisions,2018-09-30,2018,9M,227856075.54,1,TND,unite,Estime,augmentation (estimation trimestrielle)
SFBT,Bilan - Actif,Immobilisations corporelles aprés amortissements et provisions,Immobilisations corporelles aprés amortissements et provisions,immobilisationscorporellesapresamortissementsetprovisions,2019-03-31,2019,T1,229031698.006,1,TND,unite,Estime,augmentation (estimation trimestrielle)
SFBT,Bilan - Actif,Immobilisations corporelles aprés amortissements et provisions,Immobilisations corporelles aprés amortissements et provisions,immobilisationscorporellesapresamortissementsetprovisions,2019-09-30,2019,9M,217852856.363,1,TND,unite,Estime,augmentation (estimation trimestrielle)
SFBT,Bilan - Actif,Immobilisations corporelles aprés amortissements et provisions,Immobilisations corporelles aprés amortissements et provisions,immobilisationscorporellesapresamortissementsetprovisions,2020-03-31,2020,T1,229442723.365,1,TND,unite,Estime,augmentation (estimation trimestrielle)
SFBT,Bilan - Actif,Immobilisations corporelles aprés amortissements et provisions,Immobilisations corporelles aprés amortissements et provisions,immobilisationscorporellesapresamortissementsetprovisions,2020-09-30,2020,9M,248970760.135,1,TND,unite,Estime,augmentation (estimation trimestrielle)
SFBT,Bilan - Actif,Immobilisations corporelles aprés amortissements et provisions,Immobilisations corporelles aprés amortissements et provisions,immobilisationscorporellesapresamortissementsetprovisions,2021-03-31,2021,T1,252880927.638,1,TND,unite,Estime,augmentation (estimation trimestrielle)
SFBT,Bilan - Actif,Immobilisations corporelles aprés amortissements et provisions,Immobilisations corporelles aprés amortissements et provisions,immobilisationscorporellesapresamortissementsetprovisions,2021-09-30,2021,9M,,1,TND,unite,Estime,augmentation (estimation trimestrielle)
SFBT,Bilan - Actif,Immobilisations corporelles aprés amortissements et provisions,Immobilisations corporelles aprés amortissements et provisions,immobilisationscorporellesapresamortissementsetprovisions,2022-03-31,2022,T1,,1,TND,unite,Estime,augmentation (estimation trimestrielle)
SFBT,Bilan - Actif,Immobilisations corporelles aprés amortissements et provisions,Immobilisations corporelles aprés amortissements et provisions,immobilisationscorporellesapresamortissementsetprovisions,2022-09-30,2022,9M,,1,TND,unite,Estime,augmentation (estimation trimestrielle)
SFBT,Bilan - Actif,Immobilisations corporelles aprés amortissements et provisions,Immobilisations corporelles aprés amortissements et provisions,immobilisationscorporellesapresamortissementsetprovisions,2023-03-31,2023,T1,,1,TND,unite,Estime,augmentation (estimation trimestrielle)
SFBT,Bilan - Actif,Immobilisations corporelles aprés amortissements et provisions,Immobilisations corporelles aprés amortissements et provisions,immobilisationscorporellesapresamortissementsetprovisions,2023-09-30,2023,9M,248627735.908,1,TND,unite,Estime,augmentation (estimation trimestrielle)
SFBT,Bilan - Actif,Immobilisations corporelles aprés amortissements et provisions,Immobilisations corporelles aprés amortissements et provisions,immobilisationscorporellesapresamortissementsetprovisions,2024-03-31,2024,T1,246760285.024,1,TND,unite,Estime,augmentation (estimation trimestrielle)
SFBT,Bilan - Actif,Immobilisations corporelles aprés amortissements et provisions,Immobilisations corporelles aprés amortissements et provisions,immobilisationscorporellesapresamortissementsetprovisions,2024-09-30,2024,9M,248154331.625,1,TND,unite,Estime,augmentation (estimation trimestrielle)
SFBT,Bilan - Actif,Immobilisations corporelles aprés amortissements et provisions,Immobilisations corporelles aprés amortissements et provisions,immobilisationscorporellesapresamortissementsetprovisions,2025-03-31,2025,T1,249754623.011,1,TND,unite,Estime,augmentation (estimation trimestrielle)
SFBT,Bilan - Actif,Immobilisations financières,Immobilisations financières,immobilisationsfinancieres,2005-09-30,2005,9M,94662717.138,1,TND,unite,Estime,augmentation (estimation trimestrielle)
SFBT,Bilan - Actif,Immobilisations financières,Immobilisations financières,immobilisationsfinancieres,2006-03-31,2006,T1,96397730.411,1,TND,unite,Estime,augmentation (estimation trimestrielle)
SFBT,Bilan - Actif,Immobilisations financières,Immobilisations financières,immobilisationsfinancieres,2006-09-30,2006,9M,96618112.138,1,TND,unite,Estime,augmentation (estimation trimestrielle)
SFBT,Bilan - Actif,Immobilisations financières,Immobilisations financières,immobilisationsfinancieres,2007-03-31,2007,T1,94068503.395,1,TND,unite,Estime,augmentation (estimation trimestrielle)
SFBT,Bilan - Actif,Immobilisations financières,Immobilisations financières,immobilisationsfinancieres,2007-09-30,2007,9M,96395079.638,1,TND,unite,Estime,augmentation (estimation trimestrielle)
SFBT,Bilan - Actif,Immobilisations financières,Immobilisations financières,immobilisationsfinancieres,2008-03-31,2008,T1,99831901.263,1,TND,unite,Estime,augmentation (estimation trimestrielle)
SFBT,Bilan - Actif,Immobilisations financières,Immobilisations financières,immobilisationsfinancieres,2008-09-30,2008,9M,103127608.763,1,TND,unite,Estime,augmentation (estimation trimestrielle)
SFBT,Bilan - Actif,Immobilisations financières,Immobilisations financières,immobilisationsfinancieres,2009-03-31,2009,T1,106914291.599,1,TND,unite,Estime,augmentation (estimation trimestrielle)
SFBT,Bilan - Actif,Immobilisations financières,Immobilisations financières,immobilisationsfinancieres,2009-09-30,2009,9M,110709569.638,1,TND,unite,Estime,augmentation (estimation trimestrielle)
SFBT,Bilan - Actif,Immobilisations financières,Immobilisations financières,immobilisationsfinancieres,2010-03-31,2010,T1,115905582.58,1,TND,unite,Estime,augmentation (estimation trimestrielle)
SFBT,Bilan - Actif,Immobilisations financières,Immobilisations financières,immobilisationsfinancieres,2010-09-30,2010,9M,118015138.819,1,TND,unite,Estime,augmentation (estimation trimestrielle)
SFBT,Bilan - Actif,Immobilisations financières,Immobilisations financières,immobilisationsfinancieres,2011-03-31,2011,T1,120919163.1,1,TND,unite,Estime,augmentation (estimation trimestrielle)
SFBT,Bilan - Actif,Immobilisations financières,Immobilisations financières,immobilisationsfinancieres,2011-09-30,2011,9M,121250886.617,1,TND,unite,Estime,augmentation (estimation trimestrielle)
SFBT,Bilan - Actif,Immobilisations financières,Immobilisations financières,immobilisationsfinancieres,2012-03-31,2012,T1,123705528.617,1,TND,unite,Estime,augmentation (estimation trimestrielle)
SFBT,Bilan - Actif,Immobilisations financières,Immobilisations financières,immobilisationsfinancieres,2012-09-30,2012,9M,131098736.702,1,TND,unite,Estime,augmentation (estimation trimestrielle)
SFBT,Bilan - Actif,Immobilisations financières,Immobilisations financières,immobilisationsfinancieres,2013-03-31,2013,T1,148182113.977,1,TND,unite,Estime,augmentation (estimation trimestrielle)
SFBT,Bilan - Actif,Immobilisations financières,Immobilisations financières,immobilisationsfinancieres,2013-09-30,2013,9M,167435617.498,1,TND,unite,Estime,augmentation (estimation trimestrielle)
SFBT,Bilan - Actif,Immobilisations financières,Immobilisations financières,immobilisationsfinancieres,2014-03-31,2014,T1,179326581.83,1,TND,unite,Estime,augmentation (estimation trimestrielle)
SFBT,Bilan - Actif,Immobilisations financières,Immobilisations financières,immobilisationsfinancieres,2014-09-30,2014,9M,187766953.92,1,TND,unite,Estime,augmentation (estimation trimestrielle)
SFBT,Bilan - Actif,Immobilisations financières,Immobilisations financières,immobilisationsfinancieres,2015-03-31,2015,T1,193063686.968,1,TND,unite,Estime,augmentation (estimation trimestrielle)
SFBT,Bilan - Actif,Immobilisations financières,Immobilisations financières,immobilisationsfinancieres,2015-09-30,2015,9M,198449087.685,1,TND,unite,Estime,augmentation (estimation trimestrielle)
SFBT,Bilan - Actif,Immobilisations financières,Immobilisations financières,immobilisationsfinancieres,2016-03-31,2016,T1,204050403.12,1,TND,unite,Estime,augmentation (estimation trimestrielle)
SFBT,Bilan - Actif,Immobilisations financières,Immobilisations financières,immobilisationsfinancieres,2016-09-30,2016,9M,220759753.766,1,TND,unite,Estime,augmentation (estimation trimestrielle)
SFBT,Bilan - Actif,Immobilisations financières,Immobilisations financières,immobilisationsfinancieres,2017-03-31,2017,T1,232712639.412,1,TND,unite,Estime,augmentation (estimation trimestrielle)
SFBT,Bilan - Actif,Immobilisations financières,Immobilisations financières,immobilisationsfinancieres,2017-09-30,2017,9M,257534184.412,1,TND,unite,Estime,augmentation (estimation trimestrielle)
SFBT,Bilan - Actif,Immobilisations financières,Immobilisations financières,immobilisationsfinancieres,2018-03-31,2018,T1,273530508.418,1,TND,unite,Estime,augmentation (estimation trimestrielle)
SFBT,Bilan - Actif,Immobilisations financières,Immobilisations financières,immobilisationsfinancieres,2018-09-30,2018,9M,281149507.303,1,TND,unite,Estime,augmentation (estimation trimestrielle)
SFBT,Bilan - Actif,Immobilisations financières,Immobilisations financières,immobilisationsfinancieres,2019-03-31,2019,T1,292764779.557,1,TND,unite,Estime,augmentation (estimation trimestrielle)
SFBT,Bilan - Actif,Immobilisations financières,Immobilisations financières,immobilisationsfinancieres,2019-09-30,2019,9M,285069379.412,1,TND,unite,Estime,augmentation (estimation trimestrielle)
SFBT,Bilan - Actif,Immobilisations financières,Immobilisations financières,immobilisationsfinancieres,2020-03-31,2020,T1,291850372.828,1,TND,unite,Estime,augmentation (estimation trimestrielle)
SFBT,Bilan - Actif,Immobilisations financières,Immobilisations financières,immobilisationsfinancieres,2020-09-30,2020,9M,298238465.91,1,TND,unite,Estime,augmentation (estimation trimestrielle)
SFBT,Bilan - Actif,Immobilisations financières,Immobilisations financières,immobilisationsfinancieres,2021-03-31,2021,T1,297041824.679,1,TND,unite,Estime,augmentation (estimation trimestrielle)
SFBT,Bilan - Actif,Immobilisations financières,Immobilisations financières,immobilisationsfinancieres,2021-09-30,2021,9M,,1,TND,unite,Estime,augmentation (estimation trimestrielle)
SFBT,Bilan - Actif,Immobilisations financières,Immobilisations financières,immobilisationsfinancieres,2022-03-31,2022,T1,,1,TND,unite,Estime,augmentation (estimation trimestrielle)
SFBT,Bilan - Actif,Immobilisations financières,Immobilisations financières,immobilisationsfinancieres,2022-09-30,2022,9M,,1,TND,unite,Estime,augmentation (estimation trimestrielle)
SFBT,Bilan - Actif,Immobilisations financières,Immobilisations financières,immobilisationsfinancieres,2023-03-31,2023,T1,,1,TND,unite,Estime,augmentation (estimation trimestrielle)
SFBT,Bilan - Actif,Immobilisations financières,Immobilisations financières,immobilisationsfinancieres,2023-09-30,2023,9M,308884485.419,1,TND,unite,Estime,augmentation (estimation trimestrielle)
SFBT,Bilan - Actif,Immobilisations financières,Immobilisations financières,immobilisationsfinancieres,2024-03-31,2024,T1,311404014.692,1,TND,unite,Estime,augmentation (estimation trimestrielle)
SFBT,Bilan - Actif,Immobilisations financières,Immobilisations financières,immobilisationsfinancieres,2024-09-30,2024,9M,317067062.656,1,TND,unite,Estime,augmentation (estimation trimestrielle)
SFBT,Bilan - Actif,Immobilisations financières,Immobilisations financières,immobilisationsfinancieres,2025-03-31,2025,T1,325272515.854,1,TND,unite,Estime,augmentation (estimation trimestrielle)
SFBT,Bilan - Actif,Immobilisations financières aprés provisions,Immobilisations financières aprés provisions,immobilisationsfinancieresapresprovisions,2005-09-30,2005,9M,93639357.138,1,TND,unite,Estime,augmentation (estimation trimestrielle)
SFBT,Bilan - Actif,Immobilisations financières aprés provisions,Immobilisations financières aprés provisions,immobilisationsfinancieresapresprovisions,2006-03-31,2006,T1,95084963.45,1,TND,unite,Estime,augmentation (estimation trimestrielle)
SFBT,Bilan - Actif,Immobilisations financières aprés provisions,Immobilisations financières aprés provisions,immobilisationsfinancieresapresprovisions,2006-09-30,2006,9M,95722252.138,1,TND,unite,Estime,augmentation (estimation trimestrielle)
SFBT,Bilan - Actif,Immobilisations financières aprés provisions,Immobilisations financières aprés provisions,immobilisationsfinancieresapresprovisions,2007-03-31,2007,T1,93869158.091,1,TND,unite,Estime,augmentation (estimation trimestrielle)
SFBT,Bilan - Actif,Immobilisations financières aprés provisions,Immobilisations financières aprés provisions,immobilisationsfinancieresapresprovisions,2007-09-30,2007,9M,95905079.638,1,TND,unite,Estime,augmentation (estimation trimestrielle)
SFBT,Bilan - Actif,Immobilisations financières aprés provisions,Immobilisations financières aprés provisions,immobilisationsfinancieresapresprovisions,2008-03-31,2008,T1,99126901.263,1,TND,unite,Estime,augmentation (estimation trimestrielle)
SFBT,Bilan - Actif,Immobilisations financières aprés provisions,Immobilisations financières aprés provisions,immobilisationsfinancieresapresprovisions,2008-09-30,2008,9M,102662608.763,1,TND,unite,Estime,augmentation (estimation trimestrielle)
SFBT,Bilan - Actif,Immobilisations financières aprés provisions,Immobilisations financières aprés provisions,immobilisationsfinancieresapresprovisions,2009-03-31,2009,T1,106414291.599,1,TND,unite,Estime,augmentation (estimation trimestrielle)
SFBT,Bilan - Actif,Immobilisations financières aprés provisions,Immobilisations financières aprés provisions,immobilisationsfinancieresapresprovisions,2009-09-30,2009,9M,109709569.638,1,TND,unite,Estime,augmentation (estimation trimestrielle)
SFBT,Bilan - Actif,Immobilisations financières aprés provisions,Immobilisations financières aprés provisions,immobilisationsfinancieresapresprovisions,2010-03-31,2010,T1,114156963.796,1,TND,unite,Estime,augmentation (estimation trimestrielle)
SFBT,Bilan - Actif,Immobilisations financières aprés provisions,Immobilisations financières aprés provisions,immobilisationsfinancieresapresprovisions,2010-09-30,2010,9M,116015138.819,1,TND,unite,Estime,augmentation (estimation trimestrielle)
SFBT,Bilan - Actif,Immobilisations financières aprés provisions,Immobilisations financières aprés provisions,immobilisationsfinancieresapresprovisions,2011-03-31,2011,T1,118173306.746,1,TND,unite,Estime,augmentation (estimation trimestrielle)
SFBT,Bilan - Actif,Immobilisations financières aprés provisions,Immobilisations financières aprés provisions,immobilisationsfinancieresapresprovisions,2011-09-30,2011,9M,117400886.617,1,TND,unite,Estime,augmentation (estimation trimestrielle)
SFBT,Bilan - Actif,Immobilisations financières aprés provisions,Immobilisations financières aprés provisions,immobilisationsfinancieresapresprovisions,2012-03-31,2012,T1,119505528.617,1,TND,unite,Estime,augmentation (estimation trimestrielle)
SFBT,Bilan - Actif,Immobilisations financières aprés provisions,Immobilisations financières aprés provisions,immobilisationsfinancieresapresprovisions,2012-09-30,2012,9M,126148736.702,1,TND,unite,Estime,augmentation (estimation trimestrielle)
SFBT,Bilan - Actif,Immobilisations financières aprés provisions,Immobilisations financières aprés provisions,immobilisationsfinancieresapresprovisions,2013-03-31,2013,T1,141736257.623,1,TND,unite,Estime,augmentation (estimation trimestrielle)
SFBT,Bilan - Actif,Immobilisations financières aprés provisions,Immobilisations financières aprés provisions,immobilisationsfinancieresapresprovisions,2013-09-30,2013,9M,159088454.998,1,TND,unite,Estime,augmentation (estimation trimestrielle)
SFBT,Bilan - Actif,Immobilisations financières aprés provisions,Immobilisations financières aprés provisions,immobilisationsfinancieresapresprovisions,2014-03-31,2014,T1,169832256.83,1,TND,unite,Estime,augmentation (estimation trimestrielle)
SFBT,Bilan - Actif,Immobilisations financières aprés provisions,Immobilisations financières aprés provisions,immobilisationsfinancieresapresprovisions,2014-09-30,2014,9M,178147678.92,1,TND,unite,Estime,augmentation (estimation trimestrielle)
SFBT,Bilan - Actif,Immobilisations financières aprés provisions,Immobilisations financières aprés provisions,immobilisationsfinancieresapresprovisions,2015-03-31,2015,T1,183319461.968,1,TND,unite,Estime,augmentation (estimation trimestrielle)
SFBT,Bilan - Actif,Immobilisations financières aprés provisions,Immobilisations financières aprés provisions,immobilisationsfinancieresapresprovisions,2015-09-30,2015,9M,188704862.685,1,TND,unite,Estime,augmentation (estimation trimestrielle)
SFBT,Bilan - Actif,Immobilisations financières aprés provisions,Immobilisations financières aprés provisions,immobilisationsfinancieresapresprovisions,2016-03-31,2016,T1,194306178.12,1,TND,unite,Estime,augmentation (estimation trimestrielle)
SFBT,Bilan - Actif,Immobilisations financières aprés provisions,Immobilisations financières aprés provisions,immobilisationsfinancieresapresprovisions,2016-09-30,2016,9M,211015528.766,1,TND,unite,Estime,augmentation (estimation trimestrielle)
SFBT,Bilan - Actif,Immobilisations financières aprés provisions,Immobilisations financières aprés provisions,immobilisationsfinancieresapresprovisions,2017-03-31,2017,T1,222968414.412,1,TND,unite,Estime,augmentation (estimation trimestrielle)
SFBT,Bilan - Actif,Immobilisations financières aprés provisions,Immobilisations financières aprés provisions,immobilisationsfinancieresapresprovisions,2017-09-30,2017,9M,246304959.412,1,TND,unite,Estime,augmentation (estimation trimestrielle)
SFBT,Bilan - Actif,Immobilisations financières aprés provisions,Immobilisations financières aprés provisions,immobilisationsfinancieresapresprovisions,2018-03-31,2018,T1,260816283.418,1,TND,unite,Estime,augmentation (estimation trimestrielle)
SFBT,Bilan - Actif,Immobilisations financières aprés provisions,Immobilisations financières aprés provisions,immobilisationsfinancieresapresprovisions,2018-09-30,2018,9M,268435282.303,1,TND,unite,Estime,augmentation (estimation trimestrielle)
SFBT,Bilan - Actif,Immobilisations financières aprés provisions,Immobilisations financières aprés provisions,immobilisationsfinancieresapresprovisions,2019-03-31,2019,T1,280050554.557,1,TND,unite,Estime,augmentation (estimation trimestrielle)
SFBT,Bilan - Actif,Immobilisations financières aprés provisions,Immobilisations financières aprés provisions,immobilisationsfinancieresapresprovisions,2019-09-30,2019,9M,272355154.412,1,TND,unite,Estime,augmentation (estimation trimestrielle)
SFBT,Bilan - Actif,Immobilisations financières aprés provisions,Immobilisations financières aprés provisions,immobilisationsfinancieresapresprovisions,2020-03-31,2020,T1,279115690.328,1,TND,unite,Estime,augmentation (estimation trimestrielle)
SFBT,Bilan - Actif,Immobilisations financières aprés provisions,Immobilisations financières aprés provisions,immobilisationsfinancieresapresprovisions,2020-09-30,2020,9M,285503783.41,1,TND,unite,Estime,augmentation (estimation trimestrielle)
SFBT,Bilan - Actif,Immobilisations financières aprés provisions,Immobilisations financières aprés provisions,immobilisationsfinancieresapresprovisions,2021-03-31,2021,T1,284307255.204,1,TND,unite,Estime,augmentation (estimation trimestrielle)
SFBT,Bilan - Actif,Immobilisations financières aprés provisions,Immobilisations financières aprés provisions,immobilisationsfinancieresapresprovisions,2021-09-30,2021,9M,,1,TND,unite,Estime,augmentation (estimation trimestrielle)
SFBT,Bilan - Actif,Immobilisations financières aprés provisions,Immobilisations financières aprés provisions,immobilisationsfinancieresapresprovisions,2022-03-31,2022,T1,,1,TND,unite,Estime,augmentation (estimation trimestrielle)
SFBT,Bilan - Actif,Immobilisations financières aprés provisions,Immobilisations financières aprés provisions,immobilisationsfinancieresapresprovisions,2022-09-30,2022,9M,,1,TND,unite,Estime,augmentation (estimation trimestrielle)
SFBT,Bilan - Actif,Immobilisations financières aprés provisions,Immobilisations financières aprés provisions,immobilisationsfinancieresapresprovisions,2023-03-31,2023,T1,,1,TND,unite,Estime,augmentation (estimation trimestrielle)
SFBT,Bilan - Actif,Immobilisations financières aprés provisions,Immobilisations financières aprés provisions,immobilisationsfinancieresapresprovisions,2023-09-30,2023,9M,287359510.704,1,TND,unite,Estime,augmentation (estimation trimestrielle)
SFBT,Bilan - Actif,Immobilisations financières aprés provisions,Immobilisations financières aprés provisions,immobilisationsfinancieresapresprovisions,2024-03-31,2024,T1,296725660.929,1,TND,unite,Estime,augmentation (estimation trimestrielle)
SFBT,Bilan - Actif,Immobilisations financières aprés provisions,Immobilisations financières aprés provisions,immobilisationsfinancieresapresprovisions,2024-09-30,2024,9M,302638708.893,1,TND,unite,Estime,augmentation (estimation trimestrielle)
SFBT,Bilan - Actif,Immobilisations financières aprés provisions,Immobilisations financières aprés provisions,immobilisationsfinancieresapresprovisions,2025-03-31,2025,T1,311094162.091,1,TND,unite,Estime,augmentation (estimation trimestrielle)
SFBT,Bilan - Actif,Immobilisations incorporelle,Immobilisations incorporelle,immobilisationsincorporelles,2005-09-30,2005,9M,276979.892,1,TND,unite,Estime,augmentation (estimation trimestrielle)
SFBT,Bilan - Actif,Immobilisations incorporelle,Immobilisations incorporelle,immobilisationsincorporelles,2006-03-31,2006,T1,302345.108,1,TND,unite,Estime,augmentation (estimation trimestrielle)
SFBT,Bilan - Actif,Immobilisations incorporelle,Immobilisations incorporelle,immobilisationsincorporelles,2006-09-30,2006,9M,316999.2,1,TND,unite,Estime,augmentation (estimation trimestrielle)
SFBT,Bilan - Actif,Immobilisations incorporelle,Immobilisations incorporelle,immobilisationsincorporelles,2007-03-31,2007,T1,327946.335,1,TND,unite,Estime,augmentation (estimation trimestrielle)
SFBT,Bilan - Actif,Immobilisations incorporelle,Immobilisations incorporelle,immobilisationsincorporelles,2007-09-30,2007,9M,367616.927,1,TND,unite,Estime,augmentation (estimation trimestrielle)
SFBT,Bilan - Actif,Immobilisations incorporelle,Immobilisations incorporelle,immobilisationsincorporelles,2008-03-31,2008,T1,402596.459,1,TND,unite,Estime,augmentation (estimation trimestrielle)
SFBT,Bilan - Actif,Immobilisations incorporelle,Immobilisations incorporelle,immobilisationsincorporelles,2008-09-30,2008,9M,418346.459,1,TND,unite,Estime,augmentation (estimation trimestrielle)
SFBT,Bilan - Actif,Immobilisations incorporelle,Immobilisations incorporelle,immobilisationsincorporelles,2009-03-31,2009,T1,432846.459,1,TND,unite,Estime,augmentation (estimation trimestrielle)
SFBT,Bilan - Actif,Immobilisations incorporelle,Immobilisations incorporelle,immobilisationsincorporelles,2009-09-30,2009,9M,463951.209,1,TND,unite,Estime,augmentation (estimation trimestrielle)
SFBT,Bilan - Actif,Immobilisations incorporelle,Immobilisations incorporelle,immobilisationsincorporelles,2010-03-31,2010,T1,495055.979,1,TND,unite,Estime,augmentation (estimation trimestrielle)
SFBT,Bilan - Actif,Immobilisations incorporelle,Immobilisations incorporelle,immobilisationsincorporelles,2010-09-30,2010,9M,518654.504,1,TND,unite,Estime,augmentation (estimation trimestrielle)
SFBT,Bilan - Actif,Immobilisations incorporelle,Immobilisations incorporelle,immobilisationsincorporelles,2011-03-31,2011,T1,542253.005,1,TND,unite,Estime,augmentation (estimation trimestrielle)
SFBT,Bilan - Actif,Immobilisations incorporelle,Immobilisations incorporelle,immobilisationsincorporelles,2011-09-30,2011,9M,567253.005,1,TND,unite,Estime,augmentation (estimation trimestrielle)
SFBT,Bilan - Actif,Immobilisations incorporelle,Immobilisations incorporelle,immobilisationsincorporelles,2012-03-31,2012,T1,676298.505,1,TND,unite,Estime,augmentation (estimation trimestrielle)
SFBT,Bilan - Actif,Immobilisations incorporelle,Immobilisations incorporelle,immobilisationsincorporelles,2012-09-30,2012,9M,763981.363,1,TND,unite,Estime,augmentation (estimation trimestrielle)
SFBT,Bilan - Actif,Immobilisations incorporelle,Immobilisations incorporelle,immobilisationsincorporelles,2013-03-31,2013,T1,1190208.641,1,TND,unite,Estime,augmentation (estimation trimestrielle)
SFBT,Bilan - Actif,Immobilisations incorporelle,Immobilisations incorporelle,immobilisationsincorporelles,2013-09-30,2013,9M,1604307.363,1,TND,unite,Estime,augmentation (estimation trimestrielle)
SFBT,Bilan - Actif,Immobilisations incorporelle,Immobilisations incorporelle,immobilisationsincorporelles,2014-03-31,2014,T1,1605055.927,1,TND,unite,Estime,augmentation (estimation trimestrielle)
SFBT,Bilan - Actif,Immobilisations incorporelle,Immobilisations incorporelle,immobilisationsincorporelles,2014-09-30,2014,9M,,1,TND,unite,Estime,augmentation (estimation trimestrielle)
SFBT,Bilan - Actif,Immobilisations incorporelle,Immobilisations incorporelle,immobilisationsincorporelles,2015-03-31,2015,T1,,1,TND,unite,Estime,augmentation (estimation trimestrielle)
SFBT,Bilan - Actif,Immobilisations incorporelle,Immobilisations incorporelle,immobilisationsincorporelles,2015-09-30,2015,9M,2673730.244,1,TND,unite,Estime,augmentation (estimation trimestrielle)
SFBT,Bilan - Actif,Immobilisations incorporelle,Immobilisations incorporelle,immobilisationsincorporelles,2016-03-31,2016,T1,2886691.411,1,TND,unite,Estime,augmentation (estimation trimestrielle)
SFBT,Bilan - Actif,Immobilisations incorporelle,Immobilisations incorporelle,immobilisationsincorporelles,2016-09-30,2016,9M,,1,TND,unite,Estime,augmentation (estimation trimestrielle)
SFBT,Bilan - Actif,Immobilisations incorporelle,Immobilisations incorporelle,immobilisationsincorporelles,2017-03-31,2017,T1,,1,TND,unite,Estime,augmentation (estimation trimestrielle)
SFBT,Bilan - Actif,Immobilisations incorporelle,Immobilisations incorporelle,immobilisationsincorporelles,2017-09-30,2017,9M,3622906.411,1,TND,unite,Estime,augmentation (estimation trimestrielle)
SFBT,Bilan - Actif,Immobilisations incorporelle,Immobilisations incorporelle,immobilisationsincorporelles,2018-03-31,2018,T1,3691532.836,1,TND,unite,Estime,augmentation (estimation trimestrielle)
SFBT,Bilan - Actif,Immobilisations incorporelle,Immobilisations incorporelle,immobilisationsincorporelles,2018-09-30,2018,9M,3924125.061,1,TND,unite,Estime,augmentation (estimation trimestrielle)
SFBT,Bilan - Actif,Immobilisations incorporelle,Immobilisations incorporelle,immobilisationsincorporelles,2019-03-31,2019,T1,4116470.249,1,TND,unite,Estime,augmentation (estimation trimestrielle)
SFBT,Bilan - Actif,Immobilisations incorporelle,Immobilisations incorporelle,immobilisationsincorporelles,2019-09-30,2019,9M,3883130.686,1,TND,unite,Estime,augmentation (estimation trimestrielle)
SFBT,Bilan - Actif,Immobilisations incorporelle,Immobilisations incorporelle,immobilisationsincorporelles,2020-03-31,2020,T1,4082074.436,1,TND,unite,Estime,augmentation (estimation trimestrielle)
SFBT,Bilan - Actif,Immobilisations incorporelle,Immobilisations incorporelle,immobilisationsincorporelles,2020-09-30,2020,9M,4856304.885,1,TND,unite,Estime,augmentation (estimation trimestrielle)
SFBT,Bilan - Actif,Immobilisations incorporelle,Immobilisations incorporelle,immobilisationsincorporelles,2021-03-31,2021,T1,5337772.049,1,TND,unite,Estime,augmentation (estimation trimestrielle)
SFBT,Bilan - Actif,Immobilisations incorporelle,Immobilisations incorporelle,immobilisationsincorporelles,2021-09-30,2021,9M,,1,TND,unite,Estime,augmentation (estimation trimestrielle)
SFBT,Bilan - Actif,Immobilisations incorporelles aprés amortissements,Immobilisations incorporelles aprés amortissements,immobilisationsincorporellesapresamortissements,2005-09-30,2005,9M,76219.343,1,TND,unite,Estime,augmentation (estimation trimestrielle)
SFBT,Bilan - Actif,Immobilisations incorporelles aprés amortissements,Immobilisations incorporelles aprés amortissements,immobilisationsincorporellesapresamortissements,2006-03-31,2006,T1,73456.579,1,TND,unite,Estime,augmentation (estimation trimestrielle)
SFBT,Bilan - Actif,Immobilisations incorporelles aprés amortissements,Immobilisations incorporelles aprés amortissements,immobilisationsincorporellesapresamortissements,2006-09-30,2006,9M,72916.599,1,TND,unite,Estime,augmentation (estimation trimestrielle)
SFBT,Bilan - Actif,Immobilisations incorporelles aprés amortissements,Immobilisations incorporelles aprés amortissements,immobilisationsincorporellesapresamortissements,2007-03-31,2007,T1,62597.732,1,TND,unite,Estime,augmentation (estimation trimestrielle)
SFBT,Bilan - Actif,Immobilisations incorporelles aprés amortissements,Immobilisations incorporelles aprés amortissements,immobilisationsincorporellesapresamortissements,2007-09-30,2007,9M,85944.883,1,TND,unite,Estime,augmentation (estimation trimestrielle)
SFBT,Bilan - Actif,Immobilisations incorporelles aprés amortissements,Immobilisations incorporelles aprés amortissements,immobilisationsincorporellesapresamortissements,2008-03-31,2008,T1,104099.321,1,TND,unite,Estime,augmentation (estimation trimestrielle)
SFBT,Bilan - Actif,Immobilisations incorporelles aprés amortissements,Immobilisations incorporelles aprés amortissements,immobilisationsincorporellesapresamortissements,2008-09-30,2008,9M,96365.582,1,TND,unite,Estime,augmentation (estimation trimestrielle)
SFBT,Bilan - Actif,Immobilisations incorporelles aprés amortissements,Immobilisations incorporelles aprés amortissements,immobilisationsincorporellesapresamortissements,2009-03-31,2009,T1,85174.367,1,TND,unite,Estime,augmentation (estimation trimestrielle)
SFBT,Bilan - Actif,Immobilisations incorporelles aprés amortissements,Immobilisations incorporelles aprés amortissements,immobilisationsincorporellesapresamortissements,2009-09-30,2009,9M,92144.763,1,TND,unite,Estime,augmentation (estimation trimestrielle)
SFBT,Bilan - Actif,Immobilisations incorporelles aprés amortissements,Immobilisations incorporelles aprés amortissements,immobilisationsincorporellesapresamortissements,2010-03-31,2010,T1,93721.669,1,TND,unite,Estime,augmentation (estimation trimestrielle)
SFBT,Bilan - Actif,Immobilisations incorporelles aprés amortissements,Immobilisations incorporelles aprés amortissements,immobilisationsincorporellesapresamortissements,2010-09-30,2010,9M,91391.421,1,TND,unite,Estime,augmentation (estimation trimestrielle)
SFBT,Bilan - Actif,Immobilisations incorporelles aprés amortissements,Immobilisations incorporelles aprés amortissements,immobilisationsincorporellesapresamortissements,2011-03-31,2011,T1,91548.158,1,TND,unite,Estime,augmentation (estimation trimestrielle)
SFBT,Bilan - Actif,Immobilisations incorporelles aprés amortissements,Immobilisations incorporelles aprés amortissements,immobilisationsincorporellesapresamortissements,2011-09-30,2011,9M,91340.384,1,TND,unite,Estime,augmentation (estimation trimestrielle)
SFBT,Bilan - Actif,Immobilisations incorporelles aprés amortissements,Immobilisations incorporelles aprés amortissements,immobilisationsincorporellesapresamortissements,2012-03-31,2012,T1,160278.884,1,TND,unite,Estime,augmentation (estimation trimestrielle)
SFBT,Bilan - Actif,Immobilisations incorporelles aprés amortissements,Immobilisations incorporelles aprés amortissements,immobilisationsincorporellesapresamortissements,2012-09-30,2012,9M,195803.844,1,TND,unite,Estime,augmentation (estimation trimestrielle)
SFBT,Bilan - Actif,Immobilisations incorporelles aprés amortissements,Immobilisations incorporelles aprés amortissements,immobilisationsincorporellesapresamortissements,2013-03-31,2013,T1,570971.771,1,TND,unite,Estime,augmentation (estimation trimestrielle)
SFBT,Bilan - Actif,Immobilisations incorporelles aprés amortissements,Immobilisations incorporelles aprés amortissements,immobilisationsincorporellesapresamortissements,2013-09-30,2013,9M,930575.174,1,TND,unite,Estime,augmentation (estimation trimestrielle)
SFBT,Bilan - Actif,Immobilisations incorporelles aprés amortissements,Immobilisations incorporelles aprés amortissements,immobilisationsincorporellesapresamortissements,2014-03-31,2014,T1,876922.057,1,TND,unite,Estime,augmentation (estimation trimestrielle)
SFBT,Bilan - Actif,Immobilisations incorporelles aprés amortissements,Immobilisations incorporelles aprés amortissements,immobilisationsincorporellesapresamortissements,2014-09-30,2014,9M,1158976.406,1,TND,unite,Estime,augmentation (estimation trimestrielle)
SFBT,Bilan - Actif,Immobilisations incorporelles aprés amortissements,Immobilisations incorporelles aprés amortissements,immobilisationsincorporellesapresamortissements,2015-03-31,2015,T1,1593736.452,1,TND,unite,Estime,augmentation (estimation trimestrielle)
SFBT,Bilan - Actif,Immobilisations incorporelles aprés amortissements,Immobilisations incorporelles aprés amortissements,immobilisationsincorporellesapresamortissements,2015-09-30,2015,9M,,1,TND,unite,Estime,augmentation (estimation trimestrielle)
SFBT,Bilan - Actif,Immobilisations incorporelles aprés amortissements,Immobilisations incorporelles aprés amortissements,immobilisationsincorporellesapresamortissements,2016-03-31,2016,T1,,1,TND,unite,Estime,augmentation (estimation trimestrielle)
SFBT,Bilan - Actif,Immobilisations incorporelles aprés amortissements,Immobilisations incorporelles aprés amortissements,immobilisationsincorporellesapresamortissements,2016-09-30,2016,9M,2131124.538,1,TND,unite,Estime,augmentation (estimation trimestrielle)
SFBT,Bilan - Actif,Immobilisations incorporelles aprés amortissements,Immobilisations incorporelles aprés amortissements,immobilisationsincorporellesapresamortissements,2017-03-31,2017,T1,1963907.493,1,TND,unite,Estime,augmentation (estimation trimestrielle)
SFBT,Bilan - Actif,Immobilisations incorporelles aprés amortissements,Immobilisations incorporelles aprés amortissements,immobilisationsincorporellesapresamortissements,2017-09-30,2017,9M,1196307.965,1,TND,unite,Estime,augmentation (estimation trimestrielle)
SFBT,Bilan - Actif,Immobilisations incorporelles aprés amortissements,Immobilisations incorporelles aprés amortissements,immobilisationsincorporellesapresamortissements,2018-03-31,2018,T1,816264.625,1,TND,unite,Estime,augmentation (estimation trimestrielle)
SFBT,Bilan - Actif,Immobilisations incorporelles aprés amortissements,Immobilisations incorporelles aprés amortissements,immobilisationsincorporellesapresamortissements,2018-09-30,2018,9M,755971.465,1,TND,unite,Estime,augmentation (estimation trimestrielle)
SFBT,Bilan - Actif,Immobilisations incorporelles aprés amortissements,Immobilisations incorporelles aprés amortissements,immobilisationsincorporellesapresamortissements,2019-03-31,2019,T1,486576.244,1,TND,unite,Estime,augmentation (estimation trimestrielle)
SFBT,Bilan - Actif,Immobilisations incorporelles aprés amortissements,Immobilisations incorporelles aprés amortissements,immobilisationsincorporellesapresamortissements,2019-09-30,2019,9M,547709.465,1,TND,unite,Estime,augmentation (estimation trimestrielle)
SFBT,Bilan - Actif,Immobilisations incorporelles aprés amortissements,Immobilisations incorporelles aprés amortissements,immobilisationsincorporellesapresamortissements,2020-03-31,2020,T1,637979.465,1,TND,unite,Estime,augmentation (estimation trimestrielle)
SFBT,Bilan - Actif,Immobilisations incorporelles aprés amortissements,Immobilisations incorporelles aprés amortissements,immobilisationsincorporellesapresamortissements,2020-09-30,2020,9M,1016076.763,1,TND,unite,Estime,augmentation (estimation trimestrielle)
SFBT,Bilan - Actif,Immobilisations incorporelles aprés amortissements,Immobilisations incorporelles aprés amortissements,immobilisationsincorporellesapresamortissements,2021-03-31,2021,T1,1358955.011,1,TND,unite,Estime,augmentation (estimation trimestrielle)
SFBT,Bilan - Actif,Immobilisations incorporelles aprés amortissements,Immobilisations incorporelles aprés amortissements,immobilisationsincorporellesapresamortissements,2021-09-30,2021,9M,,1,TND,unite,Estime,augmentation (estimation trimestrielle)
SFBT,Bilan - Actif,Liquidités et équivalents de liquidités,Liquidités et équivalents de liquidités,liquiditesetequivalentsdeliquidites,2005-09-30,2005,9M,7068805.245,1,TND,unite,Estime,augmentation (estimation trimestrielle)
SFBT,Bilan - Actif,Liquidités et équivalents de liquidités,Liquidités et équivalents de liquidités,liquiditesetequivalentsdeliquidites,2006-03-31,2006,T1,8488128.651,1,TND,unite,Estime,augmentation (estimation trimestrielle)
SFBT,Bilan - Actif,Liquidités et équivalents de liquidités,Liquidités et équivalents de liquidités,liquiditesetequivalentsdeliquidites,2006-09-30,2006,9M,5732196.831,1,TND,unite,Estime,augmentation (estimation trimestrielle)
SFBT,Bilan - Actif,Liquidités et équivalents de liquidités,Liquidités et équivalents de liquidités,liquiditesetequivalentsdeliquidites,2007-03-31,2007,T1,2995105.531,1,TND,unite,Estime,augmentation (estimation trimestrielle)
SFBT,Bilan - Actif,Liquidités et équivalents de liquidités,Liquidités et équivalents de liquidités,liquiditesetequivalentsdeliquidites,2007-09-30,2007,9M,4759863.583,1,TND,unite,Estime,augmentation (estimation trimestrielle)
SFBT,Bilan - Actif,Liquidités et équivalents de liquidités,Liquidités et équivalents de liquidités,liquiditesetequivalentsdeliquidites,2008-03-31,2008,T1,11849784.247,1,TND,unite,Estime,augmentation (estimation trimestrielle)
SFBT,Bilan - Actif,Liquidités et équivalents de liquidités,Liquidités et équivalents de liquidités,liquiditesetequivalentsdeliquidites,2008-09-30,2008,9M,10047808.716,1,TND,unite,Estime,augmentation (estimation trimestrielle)
SFBT,Bilan - Actif,Liquidités et équivalents de liquidités,Liquidités et équivalents de liquidités,liquiditesetequivalentsdeliquidites,2009-03-31,2009,T1,6741623.885,1,TND,unite,Estime,augmentation (estimation trimestrielle)
SFBT,Bilan - Actif,Liquidités et équivalents de liquidités,Liquidités et équivalents de liquidités,liquiditesetequivalentsdeliquidites,2009-09-30,2009,9M,19563529.968,1,TND,unite,Estime,augmentation (estimation trimestrielle)
SFBT,Bilan - Actif,Liquidités et équivalents de liquidités,Liquidités et équivalents de liquidités,liquiditesetequivalentsdeliquidites,2010-03-31,2010,T1,19933328.907,1,TND,unite,Estime,augmentation (estimation trimestrielle)
SFBT,Bilan - Actif,Liquidités et équivalents de liquidités,Liquidités et équivalents de liquidités,liquiditesetequivalentsdeliquidites,2010-09-30,2010,9M,12649411.306,1,TND,unite,Estime,augmentation (estimation trimestrielle)
SFBT,Bilan - Actif,Liquidités et équivalents de liquidités,Liquidités et équivalents de liquidités,liquiditesetequivalentsdeliquidites,2011-03-31,2011,T1,9690936.557,1,TND,unite,Estime,augmentation (estimation trimestrielle)
SFBT,Bilan - Actif,Liquidités et équivalents de liquidités,Liquidités et équivalents de liquidités,liquiditesetequivalentsdeliquidites,2011-09-30,2011,9M,7493622.986,1,TND,unite,Estime,augmentation (estimation trimestrielle)
SFBT,Bilan - Actif,Liquidités et équivalents de liquidités,Liquidités et équivalents de liquidités,liquiditesetequivalentsdeliquidites,2012-03-31,2012,T1,14741751.486,1,TND,unite,Estime,augmentation (estimation trimestrielle)
SFBT,Bilan - Actif,Liquidités et équivalents de liquidités,Liquidités et équivalents de liquidités,liquiditesetequivalentsdeliquidites,2012-09-30,2012,9M,15539254.514,1,TND,unite,Estime,augmentation (estimation trimestrielle)
SFBT,Bilan - Actif,Liquidités et équivalents de liquidités,Liquidités et équivalents de liquidités,liquiditesetequivalentsdeliquidites,2013-03-31,2013,T1,7535511.445,1,TND,unite,Estime,augmentation (estimation trimestrielle)
SFBT,Bilan - Actif,Liquidités et équivalents de liquidités,Liquidités et équivalents de liquidités,liquiditesetequivalentsdeliquidites,2013-09-30,2013,9M,11483808.893,1,TND,unite,Estime,augmentation (estimation trimestrielle)
SFBT,Bilan - Actif,Liquidités et équivalents de liquidités,Liquidités et équivalents de liquidités,liquiditesetequivalentsdeliquidites,2014-03-31,2014,T1,14436543.168,1,TND,unite,Estime,augmentation (estimation trimestrielle)
SFBT,Bilan - Actif,Liquidités et équivalents de liquidités,Liquidités et équivalents de liquidités,liquiditesetequivalentsdeliquidites,2014-09-30,2014,9M,23659704.564,1,TND,unite,Estime,augmentation (estimation trimestrielle)
SFBT,Bilan - Actif,Liquidités et équivalents de liquidités,Liquidités et équivalents de liquidités,liquiditesetequivalentsdeliquidites,2015-03-31,2015,T1,23879641.563,1,TND,unite,Estime,augmentation (estimation trimestrielle)
SFBT,Bilan - Actif,Liquidités et équivalents de liquidités,Liquidités et équivalents de liquidités,liquiditesetequivalentsdeliquidites,2015-09-30,2015,9M,36756790.295,1,TND,unite,Estime,augmentation (estimation trimestrielle)
SFBT,Bilan - Actif,Liquidités et équivalents de liquidités,Liquidités et équivalents de liquidités,liquiditesetequivalentsdeliquidites,2016-03-31,2016,T1,43812311.42,1,TND,unite,Estime,augmentation (estimation trimestrielle)
SFBT,Bilan - Actif,Liquidités et équivalents de liquidités,Liquidités et équivalents de liquidités,liquiditesetequivalentsdeliquidites,2016-09-30,2016,9M,57408650.689,1,TND,unite,Estime,augmentation (estimation trimestrielle)
SFBT,Bilan - Actif,Liquidités et équivalents de liquidités,Liquidités et équivalents de liquidités,liquiditesetequivalentsdeliquidites,2017-03-31,2017,T1,64859372.798,1,TND,unite,Estime,augmentation (estimation trimestrielle)
SFBT,Bilan - Actif,Liquidités et équivalents de liquidités,Liquidités et équivalents de liquidités,liquiditesetequivalentsdeliquidites,2017-09-30,2017,9M,82729244.297,1,TND,unite,Estime,augmentation (estimation trimestrielle)
SFBT,Bilan - Actif,Liquidités et équivalents de liquidités,Liquidités et équivalents de liquidités,liquiditesetequivalentsdeliquidites,2018-03-31,2018,T1,94702216.756,1,TND,unite,Estime,augmentation (estimation trimestrielle)
SFBT,Bilan - Actif,Liquidités et équivalents de liquidités,Liquidités et équivalents de liquidités,liquiditesetequivalentsdeliquidites,2018-09-30,2018,9M,122264270.767,1,TND,unite,Estime,augmentation (estimation trimestrielle)
SFBT,Bilan - Actif,Liquidités et équivalents de liquidités,Liquidités et équivalents de liquidités,liquiditesetequivalentsdeliquidites,2019-03-31,2019,T1,130003893.923,1,TND,unite,Estime,augmentation (estimation trimestrielle)
SFBT,Bilan - Actif,Liquidités et équivalents de liquidités,Liquidités et équivalents de liquidités,liquiditesetequivalentsdeliquidites,2019-09-30,2019,9M,101986799.645,1,TND,unite,Estime,augmentation (estimation trimestrielle)
SFBT,Bilan - Actif,Liquidités et équivalents de liquidités,Liquidités et équivalents de liquidités,liquiditesetequivalentsdeliquidites,2020-03-31,2020,T1,167342868.289,1,TND,unite,Estime,augmentation (estimation trimestrielle)
SFBT,Bilan - Actif,Liquidités et équivalents de liquidités,Liquidités et équivalents de liquidités,liquiditesetequivalentsdeliquidites,2020-09-30,2020,9M,222080848.472,1,TND,unite,Estime,augmentation (estimation trimestrielle)
SFBT,Bilan - Actif,Liquidités et équivalents de liquidités,Liquidités et équivalents de liquidités,liquiditesetequivalentsdeliquidites,2021-03-31,2021,T1,192555811.848,1,TND,unite,Estime,augmentation (estimation trimestrielle)
SFBT,Bilan - Actif,Liquidités et équivalents de liquidités,Liquidités et équivalents de liquidités,liquiditesetequivalentsdeliquidites,2021-09-30,2021,9M,,1,TND,unite,Estime,augmentation (estimation trimestrielle)
SFBT,Bilan - Actif,Liquidités et équivalents de liquidités,Liquidités et équivalents de liquidités,liquiditesetequivalentsdeliquidites,2022-03-31,2022,T1,,1,TND,unite,Estime,augmentation (estimation trimestrielle)
SFBT,Bilan - Actif,Liquidités et équivalents de liquidités,Liquidités et équivalents de liquidités,liquiditesetequivalentsdeliquidites,2022-09-30,2022,9M,,1,TND,unite,Estime,augmentation (estimation trimestrielle)
SFBT,Bilan - Actif,Liquidités et équivalents de liquidités,Liquidités et équivalents de liquidités,liquiditesetequivalentsdeliquidites,2023-03-31,2023,T1,,1,TND,unite,Estime,augmentation (estimation trimestrielle)
SFBT,Bilan - Actif,Liquidités et équivalents de liquidités,Liquidités et équivalents de liquidités,liquiditesetequivalentsdeliquidites,2023-09-30,2023,9M,96430888.06,1,TND,unite,Estime,augmentation (estimation trimestrielle)
SFBT,Bilan - Actif,Liquidités et équivalents de liquidités,Liquidités et équivalents de liquidités,liquiditesetequivalentsdeliquidites,2024-03-31,2024,T1,93367915.117,1,TND,unite,Estime,augmentation (estimation trimestrielle)
SFBT,Bilan - Actif,Liquidités et équivalents de liquidités,Liquidités et équivalents de liquidités,liquiditesetequivalentsdeliquidites,2024-09-30,2024,9M,102666658.842,1,TND,unite,Estime,augmentation (estimation trimestrielle)
SFBT,Bilan - Actif,Liquidités et équivalents de liquidités,Liquidités et équivalents de liquidités,liquiditesetequivalentsdeliquidites,2025-03-31,2025,T1,161487158.221,1,TND,unite,Estime,augmentation (estimation trimestrielle)
SFBT,Bilan - Actif,Placements et autres actifs financiers,Placements et autres actifs financiers,placementsetautresactifsfinanciers,2005-09-30,2005,9M,3516687.889,1,TND,unite,Estime,augmentation (estimation trimestrielle)
SFBT,Bilan - Actif,Placements et autres actifs financiers,Placements et autres actifs financiers,placementsetautresactifsfinanciers,2006-03-31,2006,T1,3423896.517,1,TND,unite,Estime,augmentation (estimation trimestrielle)
SFBT,Bilan - Actif,Placements et autres actifs financiers,Placements et autres actifs financiers,placementsetautresactifsfinanciers,2006-09-30,2006,9M,3423516.246,1,TND,unite,Estime,augmentation (estimation trimestrielle)
SFBT,Bilan - Actif,Placements et autres actifs financiers,Placements et autres actifs financiers,placementsetautresactifsfinanciers,2007-03-31,2007,T1,6386083.159,1,TND,unite,Estime,augmentation (estimation trimestrielle)
SFBT,Bilan - Actif,Placements et autres actifs financiers,Placements et autres actifs financiers,placementsetautresactifsfinanciers,2007-09-30,2007,9M,8382487.247,1,TND,unite,Estime,augmentation (estimation trimestrielle)
SFBT,Bilan - Actif,Placements et autres actifs financiers,Placements et autres actifs financiers,placementsetautresactifsfinanciers,2008-03-31,2008,T1,5400819.628,1,TND,unite,Estime,augmentation (estimation trimestrielle)
SFBT,Bilan - Actif,Placements et autres actifs financiers,Placements et autres actifs financiers,placementsetautresactifsfinanciers,2008-09-30,2008,9M,3871940.867,1,TND,unite,Estime,augmentation (estimation trimestrielle)
SFBT,Bilan - Actif,Placements et autres actifs financiers,Placements et autres actifs financiers,placementsetautresactifsfinanciers,2009-03-31,2009,T1,7535229.176,1,TND,unite,Estime,augmentation (estimation trimestrielle)
SFBT,Bilan - Actif,Placements et autres actifs financiers,Placements et autres actifs financiers,placementsetautresactifsfinanciers,2009-09-30,2009,9M,9005098.159,1,TND,unite,Estime,augmentation (estimation trimestrielle)
SFBT,Bilan - Actif,Placements et autres actifs financiers,Placements et autres actifs financiers,placementsetautresactifsfinanciers,2010-03-31,2010,T1,8024161.881,1,TND,unite,Estime,augmentation (estimation trimestrielle)
SFBT,Bilan - Actif,Placements et autres actifs financiers,Placements et autres actifs financiers,placementsetautresactifsfinanciers,2010-09-30,2010,9M,8094734.391,1,TND,unite,Estime,augmentation (estimation trimestrielle)
SFBT,Bilan - Actif,Placements et autres actifs financiers,Placements et autres actifs financiers,placementsetautresactifsfinanciers,2011-03-31,2011,T1,6892615.162,1,TND,unite,Estime,augmentation (estimation trimestrielle)
SFBT,Bilan - Actif,Placements et autres actifs financiers,Placements et autres actifs financiers,placementsetautresactifsfinanciers,2011-09-30,2011,9M,5950767.985,1,TND,unite,Estime,augmentation (estimation trimestrielle)
SFBT,Bilan - Actif,Placements et autres actifs financiers,Placements et autres actifs financiers,placementsetautresactifsfinanciers,2012-03-31,2012,T1,8541723.985,1,TND,unite,Estime,augmentation (estimation trimestrielle)
SFBT,Bilan - Actif,Placements et autres actifs financiers,Placements et autres actifs financiers,placementsetautresactifsfinanciers,2012-09-30,2012,9M,7879214.627,1,TND,unite,Estime,augmentation (estimation trimestrielle)
SFBT,Bilan - Actif,Placements et autres actifs financiers,Placements et autres actifs financiers,placementsetautresactifsfinanciers,2013-03-31,2013,T1,4080778.244,1,TND,unite,Estime,augmentation (estimation trimestrielle)
SFBT,Bilan - Actif,Placements et autres actifs financiers,Placements et autres actifs financiers,placementsetautresactifsfinanciers,2013-09-30,2013,9M,3878009.399,1,TND,unite,Estime,augmentation (estimation trimestrielle)
SFBT,Bilan - Actif,Placements et autres actifs financiers,Placements et autres actifs financiers,placementsetautresactifsfinanciers,2014-03-31,2014,T1,3376064.235,1,TND,unite,Estime,augmentation (estimation trimestrielle)
SFBT,Bilan - Actif,Placements et autres actifs financiers,Placements et autres actifs financiers,placementsetautresactifsfinanciers,2014-09-30,2014,9M,3379574.521,1,TND,unite,Estime,augmentation (estimation trimestrielle)
SFBT,Bilan - Actif,Placements et autres actifs financiers,Placements et autres actifs financiers,placementsetautresactifsfinanciers,2015-03-31,2015,T1,3767355.051,1,TND,unite,Estime,augmentation (estimation trimestrielle)
SFBT,Bilan - Actif,Placements et autres actifs financiers,Placements et autres actifs financiers,placementsetautresactifsfinanciers,2015-09-30,2015,9M,3763360.803,1,TND,unite,Estime,augmentation (estimation trimestrielle)
SFBT,Bilan - Actif,Placements et autres actifs financiers,Placements et autres actifs financiers,placementsetautresactifsfinanciers,2016-03-31,2016,T1,3776335.703,1,TND,unite,Estime,augmentation (estimation trimestrielle)
SFBT,Bilan - Actif,Placements et autres actifs financiers,Placements et autres actifs financiers,placementsetautresactifsfinanciers,2016-09-30,2016,9M,3773631.265,1,TND,unite,Estime,augmentation (estimation trimestrielle)
SFBT,Bilan - Actif,Placements et autres actifs financiers,Placements et autres actifs financiers,placementsetautresactifsfinanciers,2017-03-31,2017,T1,3742185.117,1,TND,unite,Estime,augmentation (estimation trimestrielle)
SFBT,Bilan - Actif,Placements et autres actifs financiers,Placements et autres actifs financiers,placementsetautresactifsfinanciers,2017-09-30,2017,9M,3702060.434,1,TND,unite,Estime,augmentation (estimation trimestrielle)
SFBT,Bilan - Actif,Placements et autres actifs financiers,Placements et autres actifs financiers,placementsetautresactifsfinanciers,2018-03-31,2018,T1,3675583.05,1,TND,unite,Estime,augmentation (estimation trimestrielle)
SFBT,Bilan - Actif,Placements et autres actifs financiers,Placements et autres actifs financiers,placementsetautresactifsfinanciers,2018-09-30,2018,9M,3675583.05,1,TND,unite,Estime,augmentation (estimation trimestrielle)
SFBT,Bilan - Actif,Placements et autres actifs financiers,Placements et autres actifs financiers,placementsetautresactifsfinanciers,2019-03-31,2019,T1,3675583.05,1,TND,unite,Estime,augmentation (estimation trimestrielle)
SFBT,Bilan - Actif,Placements et autres actifs financiers,Placements et autres actifs financiers,placementsetautresactifsfinanciers,2019-09-30,2019,9M,3675583.05,1,TND,unite,Estime,augmentation (estimation trimestrielle)
SFBT,Bilan - Actif,Placements et autres actifs financiers,Placements et autres actifs financiers,placementsetautresactifsfinanciers,2020-03-31,2020,T1,1848967.525,1,TND,unite,Estime,augmentation (estimation trimestrielle)
SFBT,Bilan - Actif,Placements et autres actifs financiers,Placements et autres actifs financiers,placementsetautresactifsfinanciers,2020-09-30,2020,9M,1848967.525,1,TND,unite,Estime,augmentation (estimation trimestrielle)
SFBT,Bilan - Actif,Placements et autres actifs financiers,Placements et autres actifs financiers,placementsetautresactifsfinanciers,2021-03-31,2021,T1,1859059.323,1,TND,unite,Estime,augmentation (estimation trimestrielle)
SFBT,Bilan - Actif,Placements et autres actifs financiers,Placements et autres actifs financiers,placementsetautresactifsfinanciers,2021-09-30,2021,9M,,1,TND,unite,Estime,augmentation (estimation trimestrielle)
SFBT,Bilan - Actif,Placements et autres actifs financiers,Placements et autres actifs financiers,placementsetautresactifsfinanciers,2022-03-31,2022,T1,,1,TND,unite,Estime,augmentation (estimation trimestrielle)
SFBT,Bilan - Actif,Placements et autres actifs financiers,Placements et autres actifs financiers,placementsetautresactifsfinanciers,2022-09-30,2022,9M,,1,TND,unite,Estime,augmentation (estimation trimestrielle)
SFBT,Bilan - Actif,Placements et autres actifs financiers,Placements et autres actifs financiers,placementsetautresactifsfinanciers,2023-03-31,2023,T1,,1,TND,unite,Estime,augmentation (estimation trimestrielle)
SFBT,Bilan - Actif,Placements et autres actifs financiers,Placements et autres actifs financiers,placementsetautresactifsfinanciers,2023-09-30,2023,9M,174844465.268,1,TND,unite,Estime,augmentation (estimation trimestrielle)
SFBT,Bilan - Actif,Placements et autres actifs financiers,Placements et autres actifs financiers,placementsetautresactifsfinanciers,2024-03-31,2024,T1,183361940.199,1,TND,unite,Estime,augmentation (estimation trimestrielle)
SFBT,Bilan - Actif,Placements et autres actifs financiers,Placements et autres actifs financiers,placementsetautresactifsfinanciers,2024-09-30,2024,9M,214786493.568,1,TND,unite,Estime,augmentation (estimation trimestrielle)
SFBT,Bilan - Actif,Placements et autres actifs financiers,Placements et autres actifs financiers,placementsetautresactifsfinanciers,2025-03-31,2025,T1,173000393.579,1,TND,unite,Estime,augmentation (estimation trimestrielle)
SFBT,Bilan - Actif,Placements et autres actifs financiers aprés provisions,Placements et autres actifs financiers aprés provisions,placementsetautresactifsfinanciersapresprovisions,2005-09-30,2005,9M,3506347.889,1,TND,unite,Estime,augmentation (estimation trimestrielle)
SFBT,Bilan - Actif,Placements et autres actifs financiers aprés provisions,Placements et autres actifs financiers aprés provisions,placementsetautresactifsfinanciersapresprovisions,2010-03-31,2010,T1,8024161.881,1,TND,unite,Estime,augmentation (estimation trimestrielle)
SFBT,Bilan - Actif,Placements et autres actifs financiers aprés provisions,Placements et autres actifs financiers aprés provisions,placementsetautresactifsfinanciersapresprovisions,2010-09-30,2010,9M,7844734.391,1,TND,unite,Estime,augmentation (estimation trimestrielle)
SFBT,Bilan - Actif,Placements et autres actifs financiers aprés provisions,Placements et autres actifs financiers aprés provisions,placementsetautresactifsfinanciersapresprovisions,2011-03-31,2011,T1,6641233.946,1,TND,unite,Estime,augmentation (estimation trimestrielle)
SFBT,Bilan - Actif,Placements et autres actifs financiers aprés provisions,Placements et autres actifs financiers aprés provisions,placementsetautresactifsfinanciersapresprovisions,2011-09-30,2011,9M,5950767.985,1,TND,unite,Estime,augmentation (estimation trimestrielle)
SFBT,Bilan - Actif,Placements et autres actifs financiers aprés provisions,Placements et autres actifs financiers aprés provisions,placementsetautresactifsfinanciersapresprovisions,2012-03-31,2012,T1,8541723.985,1,TND,unite,Estime,augmentation (estimation trimestrielle)
SFBT,Bilan - Actif,Placements et autres actifs financiers aprés provisions,Placements et autres actifs financiers aprés provisions,placementsetautresactifsfinanciersapresprovisions,2012-09-30,2012,9M,7879214.627,1,TND,unite,Estime,augmentation (estimation trimestrielle)
SFBT,Bilan - Actif,Placements et autres actifs financiers aprés provisions,Placements et autres actifs financiers aprés provisions,placementsetautresactifsfinanciersapresprovisions,2013-03-31,2013,T1,4021606.974,1,TND,unite,Estime,augmentation (estimation trimestrielle)
SFBT,Bilan - Actif,Placements et autres actifs financiers aprés provisions,Placements et autres actifs financiers aprés provisions,placementsetautresactifsfinanciersapresprovisions,2013-09-30,2013,9M,3711248.399,1,TND,unite,Estime,augmentation (estimation trimestrielle)
SFBT,Bilan - Actif,Placements et autres actifs financiers aprés provisions,Placements et autres actifs financiers aprés provisions,placementsetautresactifsfinanciersapresprovisions,2014-03-31,2014,T1,3161542.235,1,TND,unite,Estime,augmentation (estimation trimestrielle)
SFBT,Bilan - Actif,Placements et autres actifs financiers aprés provisions,Placements et autres actifs financiers aprés provisions,placementsetautresactifsfinanciersapresprovisions,2014-09-30,2014,9M,3260413.521,1,TND,unite,Estime,augmentation (estimation trimestrielle)
SFBT,Bilan - Actif,Placements et autres actifs financiers aprés provisions,Placements et autres actifs financiers aprés provisions,placementsetautresactifsfinanciersapresprovisions,2015-03-31,2015,T1,3743555.051,1,TND,unite,Estime,augmentation (estimation trimestrielle)
SFBT,Bilan - Actif,Placements et autres actifs financiers aprés provisions,Placements et autres actifs financiers aprés provisions,placementsetautresactifsfinanciersapresprovisions,2015-09-30,2015,9M,3731003.303,1,TND,unite,Estime,augmentation (estimation trimestrielle)
SFBT,Bilan - Actif,Placements et autres actifs financiers aprés provisions,Placements et autres actifs financiers aprés provisions,placementsetautresactifsfinanciersapresprovisions,2016-03-31,2016,T1,3735420.703,1,TND,unite,Estime,augmentation (estimation trimestrielle)
SFBT,Bilan - Actif,Placements et autres actifs financiers aprés provisions,Placements et autres actifs financiers aprés provisions,placementsetautresactifsfinanciersapresprovisions,2016-09-30,2016,9M,3732716.265,1,TND,unite,Estime,augmentation (estimation trimestrielle)
SFBT,Bilan - Actif,Placements et autres actifs financiers aprés provisions,Placements et autres actifs financiers aprés provisions,placementsetautresactifsfinanciersapresprovisions,2017-03-31,2017,T1,3701270.117,1,TND,unite,Estime,augmentation (estimation trimestrielle)
SFBT,Bilan - Actif,Placements et autres actifs financiers aprés provisions,Placements et autres actifs financiers aprés provisions,placementsetautresactifsfinanciersapresprovisions,2017-09-30,2017,9M,3661145.434,1,TND,unite,Estime,augmentation (estimation trimestrielle)
SFBT,Bilan - Actif,Placements et autres actifs financiers aprés provisions,Placements et autres actifs financiers aprés provisions,placementsetautresactifsfinanciersapresprovisions,2018-03-31,2018,T1,3634668.05,1,TND,unite,Estime,augmentation (estimation trimestrielle)
SFBT,Bilan - Actif,Placements et autres actifs financiers aprés provisions,Placements et autres actifs financiers aprés provisions,placementsetautresactifsfinanciersapresprovisions,2018-09-30,2018,9M,3634668.05,1,TND,unite,Estime,augmentation (estimation trimestrielle)
SFBT,Bilan - Actif,Placements et autres actifs financiers aprés provisions,Placements et autres actifs financiers aprés provisions,placementsetautresactifsfinanciersapresprovisions,2019-03-31,2019,T1,3634668.05,1,TND,unite,Estime,augmentation (estimation trimestrielle)
SFBT,Bilan - Actif,Placements et autres actifs financiers aprés provisions,Placements et autres actifs financiers aprés provisions,placementsetautresactifsfinanciersapresprovisions,2019-09-30,2019,9M,3634668.05,1,TND,unite,Estime,augmentation (estimation trimestrielle)
SFBT,Bilan - Actif,Placements et autres actifs financiers aprés provisions,Placements et autres actifs financiers aprés provisions,placementsetautresactifsfinanciersapresprovisions,2020-03-31,2020,T1,1828510.025,1,TND,unite,Estime,augmentation (estimation trimestrielle)
SFBT,Bilan - Actif,Placements et autres actifs financiers aprés provisions,Placements et autres actifs financiers aprés provisions,placementsetautresactifsfinanciersapresprovisions,2020-09-30,2020,9M,1828510.025,1,TND,unite,Estime,augmentation (estimation trimestrielle)
SFBT,Bilan - Actif,Placements et autres actifs financiers aprés provisions,Placements et autres actifs financiers aprés provisions,placementsetautresactifsfinanciersapresprovisions,2021-03-31,2021,T1,1838488.799,1,TND,unite,Estime,augmentation (estimation trimestrielle)
SFBT,Bilan - Actif,Placements et autres actifs financiers aprés provisions,Placements et autres actifs financiers aprés provisions,placementsetautresactifsfinanciersapresprovisions,2021-09-30,2021,9M,,1,TND,unite,Estime,augmentation (estimation trimestrielle)
SFBT,Bilan - Actif,Placements et autres actifs financiers aprés provisions,Placements et autres actifs financiers aprés provisions,placementsetautresactifsfinanciersapresprovisions,2022-03-31,2022,T1,,1,TND,unite,Estime,augmentation (estimation trimestrielle)
SFBT,Bilan - Actif,Placements et autres actifs financiers aprés provisions,Placements et autres actifs financiers aprés provisions,placementsetautresactifsfinanciersapresprovisions,2022-09-30,2022,9M,,1,TND,unite,Estime,augmentation (estimation trimestrielle)
SFBT,Bilan - Actif,Placements et autres actifs financiers aprés provisions,Placements et autres actifs financiers aprés provisions,placementsetautresactifsfinanciersapresprovisions,2023-03-31,2023,T1,,1,TND,unite,Estime,augmentation (estimation trimestrielle)
SFBT,Bilan - Actif,Placements et autres actifs financiers aprés provisions,Placements et autres actifs financiers aprés provisions,placementsetautresactifsfinanciersapresprovisions,2023-09-30,2023,9M,174494465.268,1,TND,unite,Estime,augmentation (estimation trimestrielle)
SFBT,Bilan - Actif,Placements et autres actifs financiers aprés provisions,Placements et autres actifs financiers aprés provisions,placementsetautresactifsfinanciersapresprovisions,2024-03-31,2024,T1,183011940.199,1,TND,unite,Estime,augmentation (estimation trimestrielle)
SFBT,Bilan - Actif,Placements et autres actifs financiers aprés provisions,Placements et autres actifs financiers aprés provisions,placementsetautresactifsfinanciersapresprovisions,2024-09-30,2024,9M,214436493.568,1,TND,unite,Estime,augmentation (estimation trimestrielle)
SFBT,Bilan - Actif,Placements et autres actifs financiers aprés provisions,Placements et autres actifs financiers aprés provisions,placementsetautresactifsfinanciersapresprovisions,2025-03-31,2025,T1,172650393.579,1,TND,unite,Estime,augmentation (estimation trimestrielle)
SFBT,Bilan - Actif,Provisions des autres actifs courants,Provisions des autres actifs courants,provisionsdesautresactifscourants,2014-03-31,2014,T1,-84210.0,1,TND,unite,Estime,augmentation (estimation trimestrielle)
SFBT,Bilan - Actif,Provisions des autres actifs courants,Provisions des autres actifs courants,provisionsdesautresactifscourants,2014-09-30,2014,9M,-84210.0,1,TND,unite,Estime,augmentation (estimation trimestrielle)
SFBT,Bilan - Actif,Provisions des autres actifs courants,Provisions des autres actifs courants,provisionsdesautresactifscourants,2015-03-31,2015,T1,-84210.0,1,TND,unite,Estime,augmentation (estimation trimestrielle)
SFBT,Bilan - Actif,Provisions des autres actifs courants,Provisions des autres actifs courants,provisionsdesautresactifscourants,2015-09-30,2015,9M,,1,TND,unite,Estime,augmentation (estimation trimestrielle)
SFBT,Bilan - Actif,Provisions des autres actifs courants,Provisions des autres actifs courants,provisionsdesautresactifscourants,2016-03-31,2016,T1,,1,TND,unite,Estime,augmentation (estimation trimestrielle)
SFBT,Bilan - Actif,Provisions des autres actifs courants,Provisions des autres actifs courants,provisionsdesautresactifscourants,2016-09-30,2016,9M,-215798.5,1,TND,unite,Estime,augmentation (estimation trimestrielle)
SFBT,Bilan - Actif,Provisions des autres actifs courants,Provisions des autres actifs courants,provisionsdesautresactifscourants,2017-03-31,2017,T1,-216525.508,1,TND,unite,Estime,augmentation (estimation trimestrielle)
SFBT,Bilan - Actif,Provisions des autres actifs courants,Provisions des autres actifs courants,provisionsdesautresactifscourants,2017-09-30,2017,9M,-215798.5,1,TND,unite,Estime,augmentation (estimation trimestrielle)
SFBT,Bilan - Actif,Provisions des autres actifs courants,Provisions des autres actifs courants,provisionsdesautresactifscourants,2018-03-31,2018,T1,-347387.0,1,TND,unite,Estime,augmentation (estimation trimestrielle)
SFBT,Bilan - Actif,Provisions des autres actifs courants,Provisions des autres actifs courants,provisionsdesautresactifscourants,2018-09-30,2018,9M,-347387.0,1,TND,unite,Estime,augmentation (estimation trimestrielle)
SFBT,Bilan - Actif,Provisions des autres actifs courants,Provisions des autres actifs courants,provisionsdesautresactifscourants,2019-03-31,2019,T1,-347387.0,1,TND,unite,Estime,augmentation (estimation trimestrielle)
SFBT,Bilan - Actif,Provisions des autres actifs courants,Provisions des autres actifs courants,provisionsdesautresactifscourants,2019-09-30,2019,9M,-347387.0,1,TND,unite,Estime,augmentation (estimation trimestrielle)
SFBT,Bilan - Actif,Provisions des autres actifs courants,Provisions des autres actifs courants,provisionsdesautresactifscourants,2020-03-31,2020,T1,-347387.0,1,TND,unite,Estime,augmentation (estimation trimestrielle)
SFBT,Bilan - Actif,Provisions des autres actifs courants,Provisions des autres actifs courants,provisionsdesautresactifscourants,2020-09-30,2020,9M,-347387.0,1,TND,unite,Estime,augmentation (estimation trimestrielle)
SFBT,Bilan - Actif,Provisions des autres actifs courants,Provisions des autres actifs courants,provisionsdesautresactifscourants,2021-03-31,2021,T1,-347387.0,1,TND,unite,Estime,augmentation (estimation trimestrielle)
SFBT,Bilan - Actif,Provisions des autres actifs courants,Provisions des autres actifs courants,provisionsdesautresactifscourants,2021-09-30,2021,9M,,1,TND,unite,Estime,augmentation (estimation trimestrielle)
SFBT,Bilan - Actif,Provisions des autres actifs courants,Provisions des autres actifs courants,provisionsdesautresactifscourants,2022-03-31,2022,T1,,1,TND,unite,Estime,augmentation (estimation trimestrielle)
SFBT,Bilan - Actif,Provisions des autres actifs courants,Provisions des autres actifs courants,provisionsdesautresactifscourants,2022-09-30,2022,9M,,1,TND,unite,Estime,augmentation (estimation trimestrielle)
SFBT,Bilan - Actif,Provisions des autres actifs courants,Provisions des autres actifs courants,provisionsdesautresactifscourants,2023-03-31,2023,T1,,1,TND,unite,Estime,augmentation (estimation trimestrielle)
SFBT,Bilan - Actif,Provisions des autres actifs courants,Provisions des autres actifs courants,provisionsdesautresactifscourants,2023-09-30,2023,9M,-347387.0,1,TND,unite,Estime,augmentation (estimation trimestrielle)
SFBT,Bilan - Actif,Provisions des autres actifs courants,Provisions des autres actifs courants,provisionsdesautresactifscourants,2024-03-31,2024,T1,-496758.528,1,TND,unite,Estime,augmentation (estimation trimestrielle)
SFBT,Bilan - Actif,Provisions des autres actifs courants,Provisions des autres actifs courants,provisionsdesautresactifscourants,2024-09-30,2024,9M,-994873.11,1,TND,unite,Estime,augmentation (estimation trimestrielle)
SFBT,Bilan - Actif,Provisions des autres actifs courants,Provisions des autres actifs courants,provisionsdesautresactifscourants,2025-03-31,2025,T1,-2163133.236,1,TND,unite,Estime,augmentation (estimation trimestrielle)
SFBT,Bilan - Actif,Provisions des clients et comptes rattachés,Provisions des clients et comptes rattachés,provisionsdesclientsetcomptesrattaches,2005-09-30,2005,9M,-5086066.077,1,TND,unite,Estime,augmentation (estimation trimestrielle)
SFBT,Bilan - Actif,Provisions des clients et comptes rattachés,Provisions des clients et comptes rattachés,provisionsdesclientsetcomptesrattaches,2006-03-31,2006,T1,-5980152.234,1,TND,unite,Estime,augmentation (estimation trimestrielle)
SFBT,Bilan - Actif,Provisions des clients et comptes rattachés,Provisions des clients et comptes rattachés,provisionsdesclientsetcomptesrattaches,2006-09-30,2006,9M,-6347660.698,1,TND,unite,Estime,augmentation (estimation trimestrielle)
SFBT,Bilan - Actif,Provisions des clients et comptes rattachés,Provisions des clients et comptes rattachés,provisionsdesclientsetcomptesrattaches,2007-03-31,2007,T1,-6717104.931,1,TND,unite,Estime,augmentation (estimation trimestrielle)
SFBT,Bilan - Actif,Provisions des clients et comptes rattachés,Provisions des clients et comptes rattachés,provisionsdesclientsetcomptesrattaches,2007-09-30,2007,9M,-6916086.547,1,TND,unite,Estime,augmentation (estimation trimestrielle)
SFBT,Bilan - Actif,Provisions des clients et comptes rattachés,Provisions des clients et comptes rattachés,provisionsdesclientsetcomptesrattaches,2008-03-31,2008,T1,-7074891.334,1,TND,unite,Estime,augmentation (estimation trimestrielle)
SFBT,Bilan - Actif,Provisions des clients et comptes rattachés,Provisions des clients et comptes rattachés,provisionsdesclientsetcomptesrattaches,2008-09-30,2008,9M,-7440942.417,1,TND,unite,Estime,augmentation (estimation trimestrielle)
SFBT,Bilan - Actif,Provisions des clients et comptes rattachés,Provisions des clients et comptes rattachés,provisionsdesclientsetcomptesrattaches,2009-03-31,2009,T1,-7809158.13,1,TND,unite,Estime,augmentation (estimation trimestrielle)
SFBT,Bilan - Actif,Provisions des clients et comptes rattachés,Provisions des clients et comptes rattachés,provisionsdesclientsetcomptesrattaches,2009-09-30,2009,9M,-7757281.274,1,TND,unite,Estime,augmentation (estimation trimestrielle)
SFBT,Bilan - Actif,Provisions des clients et comptes rattachés,Provisions des clients et comptes rattachés,provisionsdesclientsetcomptesrattaches,2010-03-31,2010,T1,-7700302.429,1,TND,unite,Estime,augmentation (estimation trimestrielle)
SFBT,Bilan - Actif,Provisions des clients et comptes rattachés,Provisions des clients et comptes rattachés,provisionsdesclientsetcomptesrattaches,2010-09-30,2010,9M,-7815860.719,1,TND,unite,Estime,augmentation (estimation trimestrielle)
SFBT,Bilan - Actif,Provisions des clients et comptes rattachés,Provisions des clients et comptes rattachés,provisionsdesclientsetcomptesrattaches,2011-03-31,2011,T1,-7873185.806,1,TND,unite,Estime,augmentation (estimation trimestrielle)
SFBT,Bilan - Actif,Provisions des clients et comptes rattachés,Provisions des clients et comptes rattachés,provisionsdesclientsetcomptesrattaches,2011-09-30,2011,9M,-8001824.765,1,TND,unite,Estime,augmentation (estimation trimestrielle)
SFBT,Bilan - Actif,Provisions des clients et comptes rattachés,Provisions des clients et comptes rattachés,provisionsdesclientsetcomptesrattaches,2012-03-31,2012,T1,-8196067.765,1,TND,unite,Estime,augmentation (estimation trimestrielle)
SFBT,Bilan - Actif,Provisions des clients et comptes rattachés,Provisions des clients et comptes rattachés,provisionsdesclientsetcomptesrattaches,2012-09-30,2012,9M,-8495234.966,1,TND,unite,Estime,augmentation (estimation trimestrielle)
SFBT,Bilan - Actif,Provisions des clients et comptes rattachés,Provisions des clients et comptes rattachés,provisionsdesclientsetcomptesrattaches,2013-03-31,2013,T1,-8869545.573,1,TND,unite,Estime,augmentation (estimation trimestrielle)
SFBT,Bilan - Actif,Provisions des clients et comptes rattachés,Provisions des clients et comptes rattachés,provisionsdesclientsetcomptesrattaches,2013-09-30,2013,9M,-8951716.84,1,TND,unite,Estime,augmentation (estimation trimestrielle)
SFBT,Bilan - Actif,Provisions des clients et comptes rattachés,Provisions des clients et comptes rattachés,provisionsdesclientsetcomptesrattaches,2014-03-31,2014,T1,-8885196.094,1,TND,unite,Estime,augmentation (estimation trimestrielle)
SFBT,Bilan - Actif,Provisions des clients et comptes rattachés,Provisions des clients et comptes rattachés,provisionsdesclientsetcomptesrattaches,2014-09-30,2014,9M,-9078803.68,1,TND,unite,Estime,augmentation (estimation trimestrielle)
SFBT,Bilan - Actif,Provisions des clients et comptes rattachés,Provisions des clients et comptes rattachés,provisionsdesclientsetcomptesrattaches,2015-03-31,2015,T1,-9357096.813,1,TND,unite,Estime,augmentation (estimation trimestrielle)
SFBT,Bilan - Actif,Provisions des clients et comptes rattachés,Provisions des clients et comptes rattachés,provisionsdesclientsetcomptesrattaches,2015-09-30,2015,9M,-9695643.091,1,TND,unite,Estime,augmentation (estimation trimestrielle)
SFBT,Bilan - Actif,Provisions des clients et comptes rattachés,Provisions des clients et comptes rattachés,provisionsdesclientsetcomptesrattaches,2016-03-31,2016,T1,-9951485.494,1,TND,unite,Estime,augmentation (estimation trimestrielle)
SFBT,Bilan - Actif,Provisions des clients et comptes rattachés,Provisions des clients et comptes rattachés,provisionsdesclientsetcomptesrattaches,2016-09-30,2016,9M,-9988185.466,1,TND,unite,Estime,augmentation (estimation trimestrielle)
SFBT,Bilan - Actif,Provisions des clients et comptes rattachés,Provisions des clients et comptes rattachés,provisionsdesclientsetcomptesrattaches,2017-03-31,2017,T1,-10030016.043,1,TND,unite,Estime,augmentation (estimation trimestrielle)
SFBT,Bilan - Actif,Provisions des clients et comptes rattachés,Provisions des clients et comptes rattachés,provisionsdesclientsetcomptesrattaches,2017-09-30,2017,9M,-10412621.058,1,TND,unite,Estime,augmentation (estimation trimestrielle)
SFBT,Bilan - Actif,Provisions des clients et comptes rattachés,Provisions des clients et comptes rattachés,provisionsdesclientsetcomptesrattaches,2018-03-31,2018,T1,-10434059.004,1,TND,unite,Estime,augmentation (estimation trimestrielle)
SFBT,Bilan - Actif,Provisions des clients et comptes rattachés,Provisions des clients et comptes rattachés,provisionsdesclientsetcomptesrattaches,2018-09-30,2018,9M,-10621812.089,1,TND,unite,Estime,augmentation (estimation trimestrielle)
SFBT,Bilan - Actif,Provisions des clients et comptes rattachés,Provisions des clients et comptes rattachés,provisionsdesclientsetcomptesrattaches,2019-03-31,2019,T1,-10950012.49,1,TND,unite,Estime,augmentation (estimation trimestrielle)
SFBT,Bilan - Actif,Provisions des clients et comptes rattachés,Provisions des clients et comptes rattachés,provisionsdesclientsetcomptesrattaches,2019-09-30,2019,9M,-10759413.632,1,TND,unite,Estime,augmentation (estimation trimestrielle)
SFBT,Bilan - Actif,Provisions des clients et comptes rattachés,Provisions des clients et comptes rattachés,provisionsdesclientsetcomptesrattaches,2020-03-31,2020,T1,-10940792.5,1,TND,unite,Estime,augmentation (estimation trimestrielle)
SFBT,Bilan - Actif,Provisions des clients et comptes rattachés,Provisions des clients et comptes rattachés,provisionsdesclientsetcomptesrattaches,2020-09-30,2020,9M,-13761827.446,1,TND,unite,Estime,augmentation (estimation trimestrielle)
SFBT,Bilan - Actif,Provisions des clients et comptes rattachés,Provisions des clients et comptes rattachés,provisionsdesclientsetcomptesrattaches,2021-03-31,2021,T1,-16299613.111,1,TND,unite,Estime,augmentation (estimation trimestrielle)
SFBT,Bilan - Actif,Provisions des clients et comptes rattachés,Provisions des clients et comptes rattachés,provisionsdesclientsetcomptesrattaches,2021-09-30,2021,9M,,1,TND,unite,Estime,augmentation (estimation trimestrielle)
SFBT,Bilan - Actif,Provisions des clients et comptes rattachés,Provisions des clients et comptes rattachés,provisionsdesclientsetcomptesrattaches,2022-03-31,2022,T1,,1,TND,unite,Estime,augmentation (estimation trimestrielle)
SFBT,Bilan - Actif,Provisions des clients et comptes rattachés,Provisions des clients et comptes rattachés,provisionsdesclientsetcomptesrattaches,2022-09-30,2022,9M,,1,TND,unite,Estime,augmentation (estimation trimestrielle)
SFBT,Bilan - Actif,Provisions des clients et comptes rattachés,Provisions des clients et comptes rattachés,provisionsdesclientsetcomptesrattaches,2023-03-31,2023,T1,,1,TND,unite,Estime,augmentation (estimation trimestrielle)
SFBT,Bilan - Actif,Provisions des clients et comptes rattachés,Provisions des clients et comptes rattachés,provisionsdesclientsetcomptesrattaches,2023-09-30,2023,9M,-16262339.397,1,TND,unite,Estime,augmentation (estimation trimestrielle)
SFBT,Bilan - Actif,Provisions des clients et comptes rattachés,Provisions des clients et comptes rattachés,provisionsdesclientsetcomptesrattaches,2024-03-31,2024,T1,-16307093.995,1,TND,unite,Estime,augmentation (estimation trimestrielle)
SFBT,Bilan - Actif,Provisions des clients et comptes rattachés,Provisions des clients et comptes rattachés,provisionsdesclientsetcomptesrattaches,2024-09-30,2024,9M,-16368192.883,1,TND,unite,Estime,augmentation (estimation trimestrielle)
SFBT,Bilan - Actif,Provisions des clients et comptes rattachés,Provisions des clients et comptes rattachés,provisionsdesclientsetcomptesrattaches,2025-03-31,2025,T1,-16336231.796,1,TND,unite,Estime,augmentation (estimation trimestrielle)
SFBT,Bilan - Actif,Provisions des immobilisations financières,Provisions des immobilisations financières,provisionsdesimmobilisationsfinancieres,2005-09-30,2005,9M,-1023360.0,1,TND,unite,Estime,augmentation (estimation trimestrielle)
SFBT,Bilan - Actif,Provisions des immobilisations financières,Provisions des immobilisations financières,provisionsdesimmobilisationsfinancieres,2006-03-31,2006,T1,-1312766.961,1,TND,unite,Estime,augmentation (estimation trimestrielle)
SFBT,Bilan - Actif,Provisions des immobilisations financières,Provisions des immobilisations financières,provisionsdesimmobilisationsfinancieres,2008-03-31,2008,T1,-705000.0,1,TND,unite,Estime,augmentation (estimation trimestrielle)
SFBT,Bilan - Actif,Provisions des immobilisations financières,Provisions des immobilisations financières,provisionsdesimmobilisationsfinancieres,2008-09-30,2008,9M,-465000.0,1,TND,unite,Estime,augmentation (estimation trimestrielle)
SFBT,Bilan - Actif,Provisions des immobilisations financières,Provisions des immobilisations financières,provisionsdesimmobilisationsfinancieres,2009-03-31,2009,T1,-500000.0,1,TND,unite,Estime,augmentation (estimation trimestrielle)
SFBT,Bilan - Actif,Provisions des immobilisations financières,Provisions des immobilisations financières,provisionsdesimmobilisationsfinancieres,2009-09-30,2009,9M,-1000000.0,1,TND,unite,Estime,augmentation (estimation trimestrielle)
SFBT,Bilan - Actif,Provisions des immobilisations financières,Provisions des immobilisations financières,provisionsdesimmobilisationsfinancieres,2010-03-31,2010,T1,-1748618.785,1,TND,unite,Estime,augmentation (estimation trimestrielle)
SFBT,Bilan - Actif,Provisions des immobilisations financières,Provisions des immobilisations financières,provisionsdesimmobilisationsfinancieres,2010-09-30,2010,9M,-2000000.0,1,TND,unite,Estime,augmentation (estimation trimestrielle)
SFBT,Bilan - Actif,Provisions des immobilisations financières,Provisions des immobilisations financières,provisionsdesimmobilisationsfinancieres,2011-03-31,2011,T1,-2745856.354,1,TND,unite,Estime,augmentation (estimation trimestrielle)
SFBT,Bilan - Actif,Provisions des immobilisations financières,Provisions des immobilisations financières,provisionsdesimmobilisationsfinancieres,2011-09-30,2011,9M,-3850000.0,1,TND,unite,Estime,augmentation (estimation trimestrielle)
SFBT,Bilan - Actif,Provisions des immobilisations financières,Provisions des immobilisations financières,provisionsdesimmobilisationsfinancieres,2012-03-31,2012,T1,-4200000.0,1,TND,unite,Estime,augmentation (estimation trimestrielle)
SFBT,Bilan - Actif,Provisions des immobilisations financières,Provisions des immobilisations financières,provisionsdesimmobilisationsfinancieres,2012-09-30,2012,9M,-4950000.0,1,TND,unite,Estime,augmentation (estimation trimestrielle)
SFBT,Bilan - Actif,Provisions des immobilisations financières,Provisions des immobilisations financières,provisionsdesimmobilisationsfinancieres,2013-03-31,2013,T1,-6445856.354,1,TND,unite,Estime,augmentation (estimation trimestrielle)
SFBT,Bilan - Actif,Provisions des immobilisations financières,Provisions des immobilisations financières,provisionsdesimmobilisationsfinancieres,2013-09-30,2013,9M,-8347162.5,1,TND,unite,Estime,augmentation (estimation trimestrielle)
SFBT,Bilan - Actif,Provisions des immobilisations financières,Provisions des immobilisations financières,provisionsdesimmobilisationsfinancieres,2014-03-31,2014,T1,-9494325.0,1,TND,unite,Estime,augmentation (estimation trimestrielle)
SFBT,Bilan - Actif,Provisions des immobilisations financières,Provisions des immobilisations financières,provisionsdesimmobilisationsfinancieres,2014-09-30,2014,9M,-9619275.0,1,TND,unite,Estime,augmentation (estimation trimestrielle)
SFBT,Bilan - Actif,Provisions des immobilisations financières,Provisions des immobilisations financières,provisionsdesimmobilisationsfinancieres,2015-03-31,2015,T1,-9744225.0,1,TND,unite,Estime,augmentation (estimation trimestrielle)
SFBT,Bilan - Actif,Provisions des immobilisations financières,Provisions des immobilisations financières,provisionsdesimmobilisationsfinancieres,2015-09-30,2015,9M,-9744225.0,1,TND,unite,Estime,augmentation (estimation trimestrielle)
SFBT,Bilan - Actif,Provisions des immobilisations financières,Provisions des immobilisations financières,provisionsdesimmobilisationsfinancieres,2016-03-31,2016,T1,-9744225.0,1,TND,unite,Estime,augmentation (estimation trimestrielle)
SFBT,Bilan - Actif,Provisions des immobilisations financières,Provisions des immobilisations financières,provisionsdesimmobilisationsfinancieres,2016-09-30,2016,9M,-9744225.0,1,TND,unite,Estime,augmentation (estimation trimestrielle)
SFBT,Bilan - Actif,Provisions des immobilisations financières,Provisions des immobilisations financières,provisionsdesimmobilisationsfinancieres,2017-03-31,2017,T1,-9744225.0,1,TND,unite,Estime,augmentation (estimation trimestrielle)
SFBT,Bilan - Actif,Provisions des immobilisations financières,Provisions des immobilisations financières,provisionsdesimmobilisationsfinancieres,2017-09-30,2017,9M,-11229225.0,1,TND,unite,Estime,augmentation (estimation trimestrielle)
SFBT,Bilan - Actif,Provisions des immobilisations financières,Provisions des immobilisations financières,provisionsdesimmobilisationsfinancieres,2018-03-31,2018,T1,-12714225.0,1,TND,unite,Estime,augmentation (estimation trimestrielle)
SFBT,Bilan - Actif,Provisions des immobilisations financières,Provisions des immobilisations financières,provisionsdesimmobilisationsfinancieres,2018-09-30,2018,9M,-12714225.0,1,TND,unite,Estime,augmentation (estimation trimestrielle)
SFBT,Bilan - Actif,Provisions des immobilisations financières,Provisions des immobilisations financières,provisionsdesimmobilisationsfinancieres,2019-03-31,2019,T1,-12714225.0,1,TND,unite,Estime,augmentation (estimation trimestrielle)
SFBT,Bilan - Actif,Provisions des immobilisations financières,Provisions des immobilisations financières,provisionsdesimmobilisationsfinancieres,2019-09-30,2019,9M,-12714225.0,1,TND,unite,Estime,augmentation (estimation trimestrielle)
SFBT,Bilan - Actif,Provisions des immobilisations financières,Provisions des immobilisations financières,provisionsdesimmobilisationsfinancieres,2020-03-31,2020,T1,-12734682.5,1,TND,unite,Estime,augmentation (estimation trimestrielle)
SFBT,Bilan - Actif,Provisions des immobilisations financières,Provisions des immobilisations financières,provisionsdesimmobilisationsfinancieres,2020-09-30,2020,9M,-12734682.5,1,TND,unite,Estime,augmentation (estimation trimestrielle)
SFBT,Bilan - Actif,Provisions des immobilisations financières,Provisions des immobilisations financières,provisionsdesimmobilisationsfinancieres,2021-03-31,2021,T1,-12734569.475,1,TND,unite,Estime,augmentation (estimation trimestrielle)
SFBT,Bilan - Actif,Provisions des immobilisations financières,Provisions des immobilisations financières,provisionsdesimmobilisationsfinancieres,2021-09-30,2021,9M,,1,TND,unite,Estime,augmentation (estimation trimestrielle)
SFBT,Bilan - Actif,Provisions des immobilisations financières,Provisions des immobilisations financières,provisionsdesimmobilisationsfinancieres,2022-03-31,2022,T1,,1,TND,unite,Estime,augmentation (estimation trimestrielle)
SFBT,Bilan - Actif,Provisions des immobilisations financières,Provisions des immobilisations financières,provisionsdesimmobilisationsfinancieres,2022-09-30,2022,9M,,1,TND,unite,Estime,augmentation (estimation trimestrielle)
SFBT,Bilan - Actif,Provisions des immobilisations financières,Provisions des immobilisations financières,provisionsdesimmobilisationsfinancieres,2023-03-31,2023,T1,,1,TND,unite,Estime,augmentation (estimation trimestrielle)
SFBT,Bilan - Actif,Provisions des immobilisations financières,Provisions des immobilisations financières,provisionsdesimmobilisationsfinancieres,2023-09-30,2023,9M,-21524974.715,1,TND,unite,Estime,augmentation (estimation trimestrielle)
SFBT,Bilan - Actif,Provisions des immobilisations financières,Provisions des immobilisations financières,provisionsdesimmobilisationsfinancieres,2024-03-31,2024,T1,-14678353.763,1,TND,unite,Estime,augmentation (estimation trimestrielle)
SFBT,Bilan - Actif,Provisions des immobilisations financières,Provisions des immobilisations financières,provisionsdesimmobilisationsfinancieres,2024-09-30,2024,9M,-14428353.763,1,TND,unite,Estime,augmentation (estimation trimestrielle)
SFBT,Bilan - Actif,Provisions des immobilisations financières,Provisions des immobilisations financières,provisionsdesimmobilisationsfinancieres,2025-03-31,2025,T1,-14178353.763,1,TND,unite,Estime,augmentation (estimation trimestrielle)
SFBT,Bilan - Actif,Provisions des placements et autres actifs financiers,Provisions des placements et autres actifs financiers,provisionsdesplacementsetautresactifsfinanciers,2013-09-30,2013,9M,-166761.0,1,TND,unite,Estime,augmentation (estimation trimestrielle)
SFBT,Bilan - Actif,Provisions des placements et autres actifs financiers,Provisions des placements et autres actifs financiers,provisionsdesplacementsetautresactifsfinanciers,2014-03-31,2014,T1,-214522.0,1,TND,unite,Estime,augmentation (estimation trimestrielle)
SFBT,Bilan - Actif,Provisions des placements et autres actifs financiers,Provisions des placements et autres actifs financiers,provisionsdesplacementsetautresactifsfinanciers,2014-09-30,2014,9M,-119161.0,1,TND,unite,Estime,augmentation (estimation trimestrielle)
SFBT,Bilan - Actif,Provisions des placements et autres actifs financiers,Provisions des placements et autres actifs financiers,provisionsdesplacementsetautresactifsfinanciers,2015-03-31,2015,T1,-23800.0,1,TND,unite,Estime,augmentation (estimation trimestrielle)
SFBT,Bilan - Actif,Provisions des placements et autres actifs financiers,Provisions des placements et autres actifs financiers,provisionsdesplacementsetautresactifsfinanciers,2015-09-30,2015,9M,-32357.5,1,TND,unite,Estime,augmentation (estimation trimestrielle)
SFBT,Bilan - Actif,Provisions des placements et autres actifs financiers,Provisions des placements et autres actifs financiers,provisionsdesplacementsetautresactifsfinanciers,2016-03-31,2016,T1,-40915.0,1,TND,unite,Estime,augmentation (estimation trimestrielle)
SFBT,Bilan - Actif,Provisions des placements et autres actifs financiers,Provisions des placements et autres actifs financiers,provisionsdesplacementsetautresactifsfinanciers,2016-09-30,2016,9M,-40915.0,1,TND,unite,Estime,augmentation (estimation trimestrielle)
SFBT,Bilan - Actif,Provisions des placements et autres actifs financiers,Provisions des placements et autres actifs financiers,provisionsdesplacementsetautresactifsfinanciers,2017-03-31,2017,T1,-40915.0,1,TND,unite,Estime,augmentation (estimation trimestrielle)
SFBT,Bilan - Actif,Provisions des placements et autres actifs financiers,Provisions des placements et autres actifs financiers,provisionsdesplacementsetautresactifsfinanciers,2017-09-30,2017,9M,-40915.0,1,TND,unite,Estime,augmentation (estimation trimestrielle)
SFBT,Bilan - Actif,Provisions des placements et autres actifs financiers,Provisions des placements et autres actifs financiers,provisionsdesplacementsetautresactifsfinanciers,2018-03-31,2018,T1,-40915.0,1,TND,unite,Estime,augmentation (estimation trimestrielle)
SFBT,Bilan - Actif,Provisions des placements et autres actifs financiers,Provisions des placements et autres actifs financiers,provisionsdesplacementsetautresactifsfinanciers,2018-09-30,2018,9M,-40915.0,1,TND,unite,Estime,augmentation (estimation trimestrielle)
SFBT,Bilan - Actif,Provisions des placements et autres actifs financiers,Provisions des placements et autres actifs financiers,provisionsdesplacementsetautresactifsfinanciers,2019-03-31,2019,T1,-40915.0,1,TND,unite,Estime,augmentation (estimation trimestrielle)
SFBT,Bilan - Actif,Provisions des placements et autres actifs financiers,Provisions des placements et autres actifs financiers,provisionsdesplacementsetautresactifsfinanciers,2019-09-30,2019,9M,-40915.0,1,TND,unite,Estime,augmentation (estimation trimestrielle)
SFBT,Bilan - Actif,Provisions des placements et autres actifs financiers,Provisions des placements et autres actifs financiers,provisionsdesplacementsetautresactifsfinanciers,2022-03-31,2022,T1,,1,TND,unite,Estime,augmentation (estimation trimestrielle)
SFBT,Bilan - Actif,Provisions des placements et autres actifs financiers,Provisions des placements et autres actifs financiers,provisionsdesplacementsetautresactifsfinanciers,2022-09-30,2022,9M,,1,TND,unite,Estime,augmentation (estimation trimestrielle)
SFBT,Bilan - Actif,Provisions des placements et autres actifs financiers,Provisions des placements et autres actifs financiers,provisionsdesplacementsetautresactifsfinanciers,2023-03-31,2023,T1,,1,TND,unite,Estime,augmentation (estimation trimestrielle)
SFBT,Bilan - Actif,Provisions des placements et autres actifs financiers,Provisions des placements et autres actifs financiers,provisionsdesplacementsetautresactifsfinanciers,2023-09-30,2023,9M,-350000.0,1,TND,unite,Estime,augmentation (estimation trimestrielle)
SFBT,Bilan - Actif,Provisions des placements et autres actifs financiers,Provisions des placements et autres actifs financiers,provisionsdesplacementsetautresactifsfinanciers,2024-03-31,2024,T1,-350000.0,1,TND,unite,Estime,augmentation (estimation trimestrielle)
SFBT,Bilan - Actif,Provisions des placements et autres actifs financiers,Provisions des placements et autres actifs financiers,provisionsdesplacementsetautresactifsfinanciers,2024-09-30,2024,9M,-350000.0,1,TND,unite,Estime,augmentation (estimation trimestrielle)
SFBT,Bilan - Actif,Provisions des placements et autres actifs financiers,Provisions des placements et autres actifs financiers,provisionsdesplacementsetautresactifsfinanciers,2025-03-31,2025,T1,-350000.0,1,TND,unite,Estime,augmentation (estimation trimestrielle)
SFBT,Bilan - Actif,Provisions sur stocks,Provisions sur stocks,provisionssurstocks,2005-09-30,2005,9M,-204036.421,1,TND,unite,Estime,augmentation (estimation trimestrielle)
SFBT,Bilan - Actif,Provisions sur stocks,Provisions sur stocks,provisionssurstocks,2006-03-31,2006,T1,-258507.926,1,TND,unite,Estime,augmentation (estimation trimestrielle)
SFBT,Bilan - Actif,Provisions sur stocks,Provisions sur stocks,provisionssurstocks,2006-09-30,2006,9M,-241568.894,1,TND,unite,Estime,augmentation (estimation trimestrielle)
SFBT,Bilan - Actif,Provisions sur stocks,Provisions sur stocks,provisionssurstocks,2007-03-31,2007,T1,-257396.161,1,TND,unite,Estime,augmentation (estimation trimestrielle)
SFBT,Bilan - Actif,Provisions sur stocks,Provisions sur stocks,provisionssurstocks,2007-09-30,2007,9M,-257396.161,1,TND,unite,Estime,augmentation (estimation trimestrielle)
SFBT,Bilan - Actif,Provisions sur stocks,Provisions sur stocks,provisionssurstocks,2008-03-31,2008,T1,-257396.161,1,TND,unite,Estime,augmentation (estimation trimestrielle)
SFBT,Bilan - Actif,Provisions sur stocks,Provisions sur stocks,provisionssurstocks,2008-09-30,2008,9M,-257396.161,1,TND,unite,Estime,augmentation (estimation trimestrielle)
SFBT,Bilan - Actif,Provisions sur stocks,Provisions sur stocks,provisionssurstocks,2009-03-31,2009,T1,-257396.161,1,TND,unite,Estime,augmentation (estimation trimestrielle)
SFBT,Bilan - Actif,Provisions sur stocks,Provisions sur stocks,provisionssurstocks,2009-09-30,2009,9M,-257396.161,1,TND,unite,Estime,augmentation (estimation trimestrielle)
SFBT,Bilan - Actif,Provisions sur stocks,Provisions sur stocks,provisionssurstocks,2010-03-31,2010,T1,-257396.081,1,TND,unite,Estime,augmentation (estimation trimestrielle)
SFBT,Bilan - Actif,Provisions sur stocks,Provisions sur stocks,provisionssurstocks,2010-09-30,2010,9M,-257396.08,1,TND,unite,Estime,augmentation (estimation trimestrielle)
SFBT,Bilan - Actif,Provisions sur stocks,Provisions sur stocks,provisionssurstocks,2011-03-31,2011,T1,-257396.081,1,TND,unite,Estime,augmentation (estimation trimestrielle)
SFBT,Bilan - Actif,Provisions sur stocks,Provisions sur stocks,provisionssurstocks,2011-09-30,2011,9M,-307396.081,1,TND,unite,Estime,augmentation (estimation trimestrielle)
SFBT,Bilan - Actif,Provisions sur stocks,Provisions sur stocks,provisionssurstocks,2012-03-31,2012,T1,-357396.081,1,TND,unite,Estime,augmentation (estimation trimestrielle)
SFBT,Bilan - Actif,Provisions sur stocks,Provisions sur stocks,provisionssurstocks,2012-09-30,2012,9M,-357396.081,1,TND,unite,Estime,augmentation (estimation trimestrielle)
SFBT,Bilan - Actif,Provisions sur stocks,Provisions sur stocks,provisionssurstocks,2013-03-31,2013,T1,-492925.639,1,TND,unite,Estime,augmentation (estimation trimestrielle)
SFBT,Bilan - Actif,Provisions sur stocks,Provisions sur stocks,provisionssurstocks,2013-09-30,2013,9M,-717318.08,1,TND,unite,Estime,augmentation (estimation trimestrielle)
SFBT,Bilan - Actif,Provisions sur stocks,Provisions sur stocks,provisionssurstocks,2014-03-31,2014,T1,-619421.857,1,TND,unite,Estime,augmentation (estimation trimestrielle)
SFBT,Bilan - Actif,Provisions sur stocks,Provisions sur stocks,provisionssurstocks,2014-09-30,2014,9M,-488664.183,1,TND,unite,Estime,augmentation (estimation trimestrielle)
SFBT,Bilan - Actif,Provisions sur stocks,Provisions sur stocks,provisionssurstocks,2015-03-31,2015,T1,-545218.183,1,TND,unite,Estime,augmentation (estimation trimestrielle)
SFBT,Bilan - Actif,Provisions sur stocks,Provisions sur stocks,provisionssurstocks,2015-09-30,2015,9M,-693218.183,1,TND,unite,Estime,augmentation (estimation trimestrielle)
SFBT,Bilan - Actif,Provisions sur stocks,Provisions sur stocks,provisionssurstocks,2016-03-31,2016,T1,-841218.183,1,TND,unite,Estime,augmentation (estimation trimestrielle)
SFBT,Bilan - Actif,Provisions sur stocks,Provisions sur stocks,provisionssurstocks,2016-09-30,2016,9M,-916769.683,1,TND,unite,Estime,augmentation (estimation trimestrielle)
SFBT,Bilan - Actif,Provisions sur stocks,Provisions sur stocks,provisionssurstocks,2017-03-31,2017,T1,-992321.183,1,TND,unite,Estime,augmentation (estimation trimestrielle)
SFBT,Bilan - Actif,Provisions sur stocks,Provisions sur stocks,provisionssurstocks,2017-09-30,2017,9M,-981219.683,1,TND,unite,Estime,augmentation (estimation trimestrielle)
SFBT,Bilan - Actif,Provisions sur stocks,Provisions sur stocks,provisionssurstocks,2018-03-31,2018,T1,-970118.183,1,TND,unite,Estime,augmentation (estimation trimestrielle)
SFBT,Bilan - Actif,Provisions sur stocks,Provisions sur stocks,provisionssurstocks,2018-09-30,2018,9M,-970118.183,1,TND,unite,Estime,augmentation (estimation trimestrielle)
SFBT,Bilan - Actif,Provisions sur stocks,Provisions sur stocks,provisionssurstocks,2019-03-31,2019,T1,-970118.183,1,TND,unite,Estime,augmentation (estimation trimestrielle)
SFBT,Bilan - Actif,Provisions sur stocks,Provisions sur stocks,provisionssurstocks,2019-09-30,2019,9M,-970118.183,1,TND,unite,Estime,augmentation (estimation trimestrielle)
SFBT,Bilan - Actif,Provisions sur stocks,Provisions sur stocks,provisionssurstocks,2020-03-31,2020,T1,-970118.183,1,TND,unite,Estime,augmentation (estimation trimestrielle)
SFBT,Bilan - Actif,Provisions sur stocks,Provisions sur stocks,provisionssurstocks,2020-09-30,2020,9M,-970118.183,1,TND,unite,Estime,augmentation (estimation trimestrielle)
SFBT,Bilan - Actif,Provisions sur stocks,Provisions sur stocks,provisionssurstocks,2021-03-31,2021,T1,-970118.183,1,TND,unite,Estime,augmentation (estimation trimestrielle)
SFBT,Bilan - Actif,Provisions sur stocks,Provisions sur stocks,provisionssurstocks,2021-09-30,2021,9M,,1,TND,unite,Estime,augmentation (estimation trimestrielle)
SFBT,Bilan - Actif,Provisions sur stocks,Provisions sur stocks,provisionssurstocks,2022-03-31,2022,T1,,1,TND,unite,Estime,augmentation (estimation trimestrielle)
SFBT,Bilan - Actif,Provisions sur stocks,Provisions sur stocks,provisionssurstocks,2022-09-30,2022,9M,,1,TND,unite,Estime,augmentation (estimation trimestrielle)
SFBT,Bilan - Actif,Provisions sur stocks,Provisions sur stocks,provisionssurstocks,2023-03-31,2023,T1,,1,TND,unite,Estime,augmentation (estimation trimestrielle)
SFBT,Bilan - Actif,Provisions sur stocks,Provisions sur stocks,provisionssurstocks,2023-09-30,2023,9M,-970118.183,1,TND,unite,Estime,augmentation (estimation trimestrielle)
SFBT,Bilan - Actif,Provisions sur stocks,Provisions sur stocks,provisionssurstocks,2024-03-31,2024,T1,-970118.183,1,TND,unite,Estime,augmentation (estimation trimestrielle)
SFBT,Bilan - Actif,Provisions sur stocks,Provisions sur stocks,provisionssurstocks,2024-09-30,2024,9M,-2528561.783,1,TND,unite,Estime,augmentation (estimation trimestrielle)
SFBT,Bilan - Actif,Provisions sur stocks,Provisions sur stocks,provisionssurstocks,2025-03-31,2025,T1,-4087005.383,1,TND,unite,Estime,augmentation (estimation trimestrielle)
SFBT,Bilan - Actif,Résultat Net de l'exercice,Résultat Net de l'exercice,resultatnetdelexercice,2005-09-30,2005,9M,30929860.431,1,TND,unite,Estime,augmentation (estimation trimestrielle)
SFBT,Bilan - Actif,Résultat Net de l'exercice,Résultat Net de l'exercice,resultatnetdelexercice,2006-03-31,2006,T1,33014999.794,1,TND,unite,Estime,augmentation (estimation trimestrielle)
SFBT,Bilan - Actif,Résultat Net de l'exercice,Résultat Net de l'exercice,resultatnetdelexercice,2006-09-30,2006,9M,35263144.447,1,TND,unite,Estime,augmentation (estimation trimestrielle)
SFBT,Bilan - Actif,Résultat Net de l'exercice,Résultat Net de l'exercice,resultatnetdelexercice,2007-03-31,2007,T1,36444037.89,1,TND,unite,Estime,augmentation (estimation trimestrielle)
SFBT,Bilan - Actif,Résultat de la période,Résultat de la période,resultatdelexercice,2010-03-31,2010,T1,46509172.786,1,TND,unite,Estime,augmentation (estimation trimestrielle)
SFBT,Bilan - Actif,Résultat de la période,Résultat de la période,resultatdelexercice,2010-09-30,2010,9M,47188783.609,1,TND,unite,Estime,augmentation (estimation trimestrielle)
SFBT,Bilan - Actif,Résultat de la période,Résultat de la période,resultatdelexercice,2011-03-31,2011,T1,50399349.187,1,TND,unite,Estime,augmentation (estimation trimestrielle)
SFBT,Bilan - Actif,Résultat de la période,Résultat de la période,resultatdelexercice,2011-09-30,2011,9M,54383090.193,1,TND,unite,Estime,augmentation (estimation trimestrielle)
SFBT,Bilan - Actif,Résultat de la période,Résultat de la période,resultatdelexercice,2012-03-31,2012,T1,56154484.193,1,TND,unite,Estime,augmentation (estimation trimestrielle)
SFBT,Bilan - Actif,Résultat de la période,Résultat de la période,resultatdelexercice,2012-09-30,2012,9M,61571879.873,1,TND,unite,Estime,augmentation (estimation trimestrielle)
SFBT,Bilan - Actif,Résultat de la période,Résultat de la période,resultatdelexercice,2013-03-31,2013,T1,72708098.475,1,TND,unite,Estime,augmentation (estimation trimestrielle)
SFBT,Bilan - Actif,Résultat de la période,Résultat de la période,resultatdelexercice,2013-09-30,2013,9M,83846601.641,1,TND,unite,Estime,augmentation (estimation trimestrielle)
SFBT,Bilan - Actif,Résultat de la période,Résultat de la période,resultatdelexercice,2014-03-31,2014,T1,87083430.215,1,TND,unite,Estime,augmentation (estimation trimestrielle)
SFBT,Bilan - Actif,Résultat de la période,Résultat de la période,resultatdelexercice,2014-09-30,2014,9M,91368306.688,1,TND,unite,Estime,augmentation (estimation trimestrielle)
SFBT,Bilan - Actif,Résultat de la période,Résultat de la période,resultatdelexercice,2015-03-31,2015,T1,93371084.404,1,TND,unite,Estime,augmentation (estimation trimestrielle)
SFBT,Bilan - Actif,Résultat de la période,Résultat de la période,resultatdelexercice,2015-09-30,2015,9M,96939009.767,1,TND,unite,Estime,augmentation (estimation trimestrielle)
SFBT,Bilan - Actif,Résultat de la période,Résultat de la période,resultatdelexercice,2016-03-31,2016,T1,100469087.466,1,TND,unite,Estime,augmentation (estimation trimestrielle)
SFBT,Bilan - Actif,Résultat de la période,Résultat de la période,resultatdelexercice,2016-09-30,2016,9M,112984736.605,1,TND,unite,Estime,augmentation (estimation trimestrielle)
SFBT,Bilan - Actif,Résultat de la période,Résultat de la période,resultatdelexercice,2017-03-31,2017,T1,116661590.741,1,TND,unite,Estime,augmentation (estimation trimestrielle)
SFBT,Bilan - Actif,Résultat de la période,Résultat de la période,resultatdelexercice,2017-09-30,2017,9M,125356570.641,1,TND,unite,Estime,augmentation (estimation trimestrielle)
SFBT,Bilan - Actif,Résultat de la période,Résultat de la période,resultatdelexercice,2018-03-31,2018,T1,133130007.25,1,TND,unite,Estime,augmentation (estimation trimestrielle)
SFBT,Bilan - Actif,Résultat de la période,Résultat de la période,resultatdelexercice,2018-09-30,2018,9M,144570169.364,1,TND,unite,Estime,augmentation (estimation trimestrielle)
SFBT,Bilan - Actif,Résultat de la période,Résultat de la période,resultatdelexercice,2019-03-31,2019,T1,147480827.858,1,TND,unite,Estime,augmentation (estimation trimestrielle)
SFBT,Bilan - Actif,Résultat de la période,Résultat de la période,resultatdelexercice,2019-09-30,2019,9M,162352548.883,1,TND,unite,Estime,augmentation (estimation trimestrielle)
SFBT,Bilan - Actif,Résultat de la période,Résultat de la période,resultatdelexercice,2020-03-31,2020,T1,162536163.338,1,TND,unite,Estime,augmentation (estimation trimestrielle)
SFBT,Bilan - Actif,Résultat de la période,Résultat de la période,resultatdelexercice,2020-09-30,2020,9M,158933569.977,1,TND,unite,Estime,augmentation (estimation trimestrielle)
SFBT,Bilan - Actif,Résultat de la période,Résultat de la période,resultatdelexercice,2021-03-31,2021,T1,165635637.76,1,TND,unite,Estime,augmentation (estimation trimestrielle)
SFBT,Bilan - Actif,Résultat de la période,Résultat de la période,resultatdelexercice,2021-09-30,2021,9M,,1,TND,unite,Estime,augmentation (estimation trimestrielle)
SFBT,Bilan - Actif,Résultat de la période,Résultat de la période,resultatdelexercice,2022-03-31,2022,T1,,1,TND,unite,Estime,augmentation (estimation trimestrielle)
SFBT,Bilan - Actif,Résultat de la période,Résultat de la période,resultatdelexercice,2022-09-30,2022,9M,,1,TND,unite,Estime,augmentation (estimation trimestrielle)
SFBT,Bilan - Actif,Résultat de la période,Résultat de la période,resultatdelexercice,2023-03-31,2023,T1,,1,TND,unite,Estime,augmentation (estimation trimestrielle)
SFBT,Bilan - Actif,Résultat de la période,Résultat de la période,resultatdelexercice,2023-09-30,2023,9M,201874704.882,1,TND,unite,Estime,augmentation (estimation trimestrielle)
SFBT,Bilan - Actif,Résultat de la période,Résultat de la période,resultatdelexercice,2024-03-31,2024,T1,204080461.667,1,TND,unite,Estime,augmentation (estimation trimestrielle)
SFBT,Bilan - Actif,Résultat de la période,Résultat de la période,resultatdelexercice,2024-09-30,2024,9M,203389613.624,1,TND,unite,Estime,augmentation (estimation trimestrielle)
SFBT,Bilan - Actif,Résultat de la période,Résultat de la période,resultatdelexercice,2025-03-31,2025,T1,211122795.689,1,TND,unite,Estime,augmentation (estimation trimestrielle)
SFBT,Bilan - Actif,Stocks,Stocks,stocks,2005-09-30,2005,9M,17910573.472,1,TND,unite,Estime,augmentation (estimation trimestrielle)
SFBT,Bilan - Actif,Stocks,Stocks,stocks,2006-03-31,2006,T1,20174522.513,1,TND,unite,Estime,augmentation (estimation trimestrielle)
SFBT,Bilan - Actif,Stocks,Stocks,stocks,2006-09-30,2006,9M,19954167.964,1,TND,unite,Estime,augmentation (estimation trimestrielle)
SFBT,Bilan - Actif,Stocks,Stocks,stocks,2007-03-31,2007,T1,20375421.249,1,TND,unite,Estime,augmentation (estimation trimestrielle)
SFBT,Bilan - Actif,Stocks,Stocks,stocks,2007-09-30,2007,9M,22117579.677,1,TND,unite,Estime,augmentation (estimation trimestrielle)
SFBT,Bilan - Actif,Stocks,Stocks,stocks,2008-03-31,2008,T1,21866516.935,1,TND,unite,Estime,augmentation (estimation trimestrielle)
SFBT,Bilan - Actif,Stocks,Stocks,stocks,2008-09-30,2008,9M,23002241.572,1,TND,unite,Estime,augmentation (estimation trimestrielle)
SFBT,Bilan - Actif,Stocks,Stocks,stocks,2009-03-31,2009,T1,24345917.956,1,TND,unite,Estime,augmentation (estimation trimestrielle)
SFBT,Bilan - Actif,Stocks,Stocks,stocks,2009-09-30,2009,9M,24397108.966,1,TND,unite,Estime,augmentation (estimation trimestrielle)
SFBT,Bilan - Actif,Stocks,Stocks,stocks,2010-03-31,2010,T1,29389539.911,1,TND,unite,Estime,augmentation (estimation trimestrielle)
SFBT,Bilan - Actif,Stocks,Stocks,stocks,2010-09-30,2010,9M,35104911.33,1,TND,unite,Estime,augmentation (estimation trimestrielle)
SFBT,Bilan - Actif,Stocks,Stocks,stocks,2011-03-31,2011,T1,36055379.945,1,TND,unite,Estime,augmentation (estimation trimestrielle)
SFBT,Bilan - Actif,Stocks,Stocks,stocks,2011-09-30,2011,9M,36353820.807,1,TND,unite,Estime,augmentation (estimation trimestrielle)
SFBT,Bilan - Actif,Stocks,Stocks,stocks,2012-03-31,2012,T1,39160527.807,1,TND,unite,Estime,augmentation (estimation trimestrielle)
SFBT,Bilan - Actif,Stocks,Stocks,stocks,2012-09-30,2012,9M,41376892.577,1,TND,unite,Estime,augmentation (estimation trimestrielle)
SFBT,Bilan - Actif,Stocks,Stocks,stocks,2013-03-31,2013,T1,44068509.42,1,TND,unite,Estime,augmentation (estimation trimestrielle)
SFBT,Bilan - Actif,Stocks,Stocks,stocks,2013-09-30,2013,9M,46644449.608,1,TND,unite,Estime,augmentation (estimation trimestrielle)
SFBT,Bilan - Actif,Stocks,Stocks,stocks,2014-03-31,2014,T1,48289729.564,1,TND,unite,Estime,augmentation (estimation trimestrielle)
SFBT,Bilan - Actif,Stocks,Stocks,stocks,2014-09-30,2014,9M,51648380.698,1,TND,unite,Estime,augmentation (estimation trimestrielle)
SFBT,Bilan - Actif,Stocks,Stocks,stocks,2015-03-31,2015,T1,58445356.748,1,TND,unite,Estime,augmentation (estimation trimestrielle)
SFBT,Bilan - Actif,Stocks,Stocks,stocks,2015-09-30,2015,9M,66446602.811,1,TND,unite,Estime,augmentation (estimation trimestrielle)
SFBT,Bilan - Actif,Stocks,Stocks,stocks,2016-03-31,2016,T1,72265672.216,1,TND,unite,Estime,augmentation (estimation trimestrielle)
SFBT,Bilan - Actif,Stocks,Stocks,stocks,2016-09-30,2016,9M,71773877.547,1,TND,unite,Estime,augmentation (estimation trimestrielle)
SFBT,Bilan - Actif,Stocks,Stocks,stocks,2017-03-31,2017,T1,70760268.08,1,TND,unite,Estime,augmentation (estimation trimestrielle)
SFBT,Bilan - Actif,Stocks,Stocks,stocks,2017-09-30,2017,9M,78923369.86,1,TND,unite,Estime,augmentation (estimation trimestrielle)
SFBT,Bilan - Actif,Stocks,Stocks,stocks,2018-03-31,2018,T1,85236404.126,1,TND,unite,Estime,augmentation (estimation trimestrielle)
SFBT,Bilan - Actif,Stocks,Stocks,stocks,2018-09-30,2018,9M,84125376.449,1,TND,unite,Estime,augmentation (estimation trimestrielle)
SFBT,Bilan - Actif,Stocks,Stocks,stocks,2019-03-31,2019,T1,94687808.906,1,TND,unite,Estime,augmentation (estimation trimestrielle)
SFBT,Bilan - Actif,Stocks,Stocks,stocks,2019-09-30,2019,9M,95884956.727,1,TND,unite,Estime,augmentation (estimation trimestrielle)
SFBT,Bilan - Actif,Stocks,Stocks,stocks,2020-03-31,2020,T1,93620626.431,1,TND,unite,Estime,augmentation (estimation trimestrielle)
SFBT,Bilan - Actif,Stocks,Stocks,stocks,2020-09-30,2020,9M,92594182.007,1,TND,unite,Estime,augmentation (estimation trimestrielle)
SFBT,Bilan - Actif,Stocks,Stocks,stocks,2021-03-31,2021,T1,91073924.2,1,TND,unite,Estime,augmentation (estimation trimestrielle)
SFBT,Bilan - Actif,Stocks,Stocks,stocks,2021-09-30,2021,9M,,1,TND,unite,Estime,augmentation (estimation trimestrielle)
SFBT,Bilan - Actif,Stocks,Stocks,stocks,2022-03-31,2022,T1,,1,TND,unite,Estime,augmentation (estimation trimestrielle)
SFBT,Bilan - Actif,Stocks,Stocks,stocks,2022-09-30,2022,9M,,1,TND,unite,Estime,augmentation (estimation trimestrielle)
SFBT,Bilan - Actif,Stocks,Stocks,stocks,2023-03-31,2023,T1,,1,TND,unite,Estime,augmentation (estimation trimestrielle)
SFBT,Bilan - Actif,Stocks,Stocks,stocks,2023-09-30,2023,9M,144501663.941,1,TND,unite,Estime,augmentation (estimation trimestrielle)
SFBT,Bilan - Actif,Stocks,Stocks,stocks,2024-03-31,2024,T1,146068912.227,1,TND,unite,Estime,augmentation (estimation trimestrielle)
SFBT,Bilan - Actif,Stocks,Stocks,stocks,2024-09-30,2024,9M,155739281.315,1,TND,unite,Estime,augmentation (estimation trimestrielle)
SFBT,Bilan - Actif,Stocks,Stocks,stocks,2025-03-31,2025,T1,168744108.839,1,TND,unite,Estime,augmentation (estimation trimestrielle)
SFBT,Bilan - Actif,Stocks aprés provisions,Stocks aprés provisions,stocksapresprovisions,2005-09-30,2005,9M,17706537.05,1,TND,unite,Estime,augmentation (estimation trimestrielle)
SFBT,Bilan - Actif,Stocks aprés provisions,Stocks aprés provisions,stocksapresprovisions,2006-03-31,2006,T1,19916014.587,1,TND,unite,Estime,augmentation (estimation trimestrielle)
SFBT,Bilan - Actif,Stocks aprés provisions,Stocks aprés provisions,stocksapresprovisions,2006-09-30,2006,9M,19712599.069,1,TND,unite,Estime,augmentation (estimation trimestrielle)
SFBT,Bilan - Actif,Stocks aprés provisions,Stocks aprés provisions,stocksapresprovisions,2007-03-31,2007,T1,20118025.088,1,TND,unite,Estime,augmentation (estimation trimestrielle)
SFBT,Bilan - Actif,Stocks aprés provisions,Stocks aprés provisions,stocksapresprovisions,2007-09-30,2007,9M,21860183.516,1,TND,unite,Estime,augmentation (estimation trimestrielle)
SFBT,Bilan - Actif,Stocks aprés provisions,Stocks aprés provisions,stocksapresprovisions,2008-03-31,2008,T1,21609120.774,1,TND,unite,Estime,augmentation (estimation trimestrielle)
SFBT,Bilan - Actif,Stocks aprés provisions,Stocks aprés provisions,stocksapresprovisions,2008-09-30,2008,9M,22744845.411,1,TND,unite,Estime,augmentation (estimation trimestrielle)
SFBT,Bilan - Actif,Stocks aprés provisions,Stocks aprés provisions,stocksapresprovisions,2009-03-31,2009,T1,24088521.795,1,TND,unite,Estime,augmentation (estimation trimestrielle)
SFBT,Bilan - Actif,Stocks aprés provisions,Stocks aprés provisions,stocksapresprovisions,2009-09-30,2009,9M,24139712.806,1,TND,unite,Estime,augmentation (estimation trimestrielle)
SFBT,Bilan - Actif,Stocks aprés provisions,Stocks aprés provisions,stocksapresprovisions,2010-03-31,2010,T1,29132143.83,1,TND,unite,Estime,augmentation (estimation trimestrielle)
SFBT,Bilan - Actif,Stocks aprés provisions,Stocks aprés provisions,stocksapresprovisions,2010-09-30,2010,9M,34847515.249,1,TND,unite,Estime,augmentation (estimation trimestrielle)
SFBT,Bilan - Actif,Stocks aprés provisions,Stocks aprés provisions,stocksapresprovisions,2011-03-31,2011,T1,35797983.864,1,TND,unite,Estime,augmentation (estimation trimestrielle)
SFBT,Bilan - Actif,Stocks aprés provisions,Stocks aprés provisions,stocksapresprovisions,2011-09-30,2011,9M,36046424.727,1,TND,unite,Estime,augmentation (estimation trimestrielle)
SFBT,Bilan - Actif,Stocks aprés provisions,Stocks aprés provisions,stocksapresprovisions,2012-03-31,2012,T1,38803131.727,1,TND,unite,Estime,augmentation (estimation trimestrielle)
SFBT,Bilan - Actif,Stocks aprés provisions,Stocks aprés provisions,stocksapresprovisions,2012-09-30,2012,9M,41019496.497,1,TND,unite,Estime,augmentation (estimation trimestrielle)
SFBT,Bilan - Actif,Stocks aprés provisions,Stocks aprés provisions,stocksapresprovisions,2013-03-31,2013,T1,43575583.781,1,TND,unite,Estime,augmentation (estimation trimestrielle)
SFBT,Bilan - Actif,Stocks aprés provisions,Stocks aprés provisions,stocksapresprovisions,2013-09-30,2013,9M,45927131.527,1,TND,unite,Estime,augmentation (estimation trimestrielle)
SFBT,Bilan - Actif,Stocks aprés provisions,Stocks aprés provisions,stocksapresprovisions,2014-03-31,2014,T1,47670307.707,1,TND,unite,Estime,augmentation (estimation trimestrielle)
SFBT,Bilan - Actif,Stocks aprés provisions,Stocks aprés provisions,stocksapresprovisions,2014-09-30,2014,9M,51159716.515,1,TND,unite,Estime,augmentation (estimation trimestrielle)
SFBT,Bilan - Actif,Stocks aprés provisions,Stocks aprés provisions,stocksapresprovisions,2015-03-31,2015,T1,57900138.565,1,TND,unite,Estime,augmentation (estimation trimestrielle)
SFBT,Bilan - Actif,Stocks aprés provisions,Stocks aprés provisions,stocksapresprovisions,2015-09-30,2015,9M,65753384.627,1,TND,unite,Estime,augmentation (estimation trimestrielle)
SFBT,Bilan - Actif,Stocks aprés provisions,Stocks aprés provisions,stocksapresprovisions,2016-03-31,2016,T1,71424454.034,1,TND,unite,Estime,augmentation (estimation trimestrielle)
SFBT,Bilan - Actif,Stocks aprés provisions,Stocks aprés provisions,stocksapresprovisions,2016-09-30,2016,9M,70857107.865,1,TND,unite,Estime,augmentation (estimation trimestrielle)
SFBT,Bilan - Actif,Stocks aprés provisions,Stocks aprés provisions,stocksapresprovisions,2017-03-31,2017,T1,69767946.897,1,TND,unite,Estime,augmentation (estimation trimestrielle)
SFBT,Bilan - Actif,Stocks aprés provisions,Stocks aprés provisions,stocksapresprovisions,2017-09-30,2017,9M,77942150.177,1,TND,unite,Estime,augmentation (estimation trimestrielle)
SFBT,Bilan - Actif,Stocks aprés provisions,Stocks aprés provisions,stocksapresprovisions,2018-03-31,2018,T1,84266285.943,1,TND,unite,Estime,augmentation (estimation trimestrielle)
SFBT,Bilan - Actif,Stocks aprés provisions,Stocks aprés provisions,stocksapresprovisions,2018-09-30,2018,9M,83155258.265,1,TND,unite,Estime,augmentation (estimation trimestrielle)
SFBT,Bilan - Actif,Stocks aprés provisions,Stocks aprés provisions,stocksapresprovisions,2019-03-31,2019,T1,93717690.723,1,TND,unite,Estime,augmentation (estimation trimestrielle)
SFBT,Bilan - Actif,Stocks aprés provisions,Stocks aprés provisions,stocksapresprovisions,2019-09-30,2019,9M,94914838.544,1,TND,unite,Estime,augmentation (estimation trimestrielle)
SFBT,Bilan - Actif,Stocks aprés provisions,Stocks aprés provisions,stocksapresprovisions,2020-03-31,2020,T1,92650508.248,1,TND,unite,Estime,augmentation (estimation trimestrielle)
SFBT,Bilan - Actif,Stocks aprés provisions,Stocks aprés provisions,stocksapresprovisions,2020-09-30,2020,9M,91624063.824,1,TND,unite,Estime,augmentation (estimation trimestrielle)
SFBT,Bilan - Actif,Stocks aprés provisions,Stocks aprés provisions,stocksapresprovisions,2021-03-31,2021,T1,90103806.017,1,TND,unite,Estime,augmentation (estimation trimestrielle)
SFBT,Bilan - Actif,Stocks aprés provisions,Stocks aprés provisions,stocksapresprovisions,2021-09-30,2021,9M,,1,TND,unite,Estime,augmentation (estimation trimestrielle)
SFBT,Bilan - Actif,Stocks aprés provisions,Stocks aprés provisions,stocksapresprovisions,2022-03-31,2022,T1,,1,TND,unite,Estime,augmentation (estimation trimestrielle)
SFBT,Bilan - Actif,Stocks aprés provisions,Stocks aprés provisions,stocksapresprovisions,2022-09-30,2022,9M,,1,TND,unite,Estime,augmentation (estimation trimestrielle)
SFBT,Bilan - Actif,Stocks aprés provisions,Stocks aprés provisions,stocksapresprovisions,2023-03-31,2023,T1,,1,TND,unite,Estime,augmentation (estimation trimestrielle)
SFBT,Bilan - Actif,Stocks aprés provisions,Stocks aprés provisions,stocksapresprovisions,2023-09-30,2023,9M,143531545.757,1,TND,unite,Estime,augmentation (estimation trimestrielle)
SFBT,Bilan - Actif,Stocks aprés provisions,Stocks aprés provisions,stocksapresprovisions,2024-03-31,2024,T1,145098794.044,1,TND,unite,Estime,augmentation (estimation trimestrielle)
SFBT,Bilan - Actif,Stocks aprés provisions,Stocks aprés provisions,stocksapresprovisions,2024-09-30,2024,9M,153210719.532,1,TND,unite,Estime,augmentation (estimation trimestrielle)
SFBT,Bilan - Actif,Stocks aprés provisions,Stocks aprés provisions,stocksapresprovisions,2025-03-31,2025,T1,164657103.456,1,TND,unite,Estime,augmentation (estimation trimestrielle)
SFBT,Bilan - Actif,Total des actifs,Total des actifs,totaldesactifs,2005-09-30,2005,9M,213460678.555,1,TND,unite,Estime,augmentation (estimation trimestrielle)
SFBT,Bilan - Actif,Total des actifs,Total des actifs,totaldesactifs,2006-03-31,2006,T1,222252055.058,1,TND,unite,Estime,augmentation (estimation trimestrielle)
SFBT,Bilan - Actif,Total des actifs,Total des actifs,totaldesactifs,2006-09-30,2006,9M,225846046.29,1,TND,unite,Estime,augmentation (estimation trimestrielle)
SFBT,Bilan - Actif,Total des actifs,Total des actifs,totaldesactifs,2007-03-31,2007,T1,227574587.218,1,TND,unite,Estime,augmentation (estimation trimestrielle)
SFBT,Bilan - Actif,Total des actifs,Total des actifs,totaldesactifs,2007-09-30,2007,9M,235386143.28,1,TND,unite,Estime,augmentation (estimation trimestrielle)
SFBT,Bilan - Actif,Total des actifs,Total des actifs,totaldesactifs,2008-03-31,2008,T1,247898600.98,1,TND,unite,Estime,augmentation (estimation trimestrielle)
SFBT,Bilan - Actif,Total des actifs,Total des actifs,totaldesactifs,2008-09-30,2008,9M,252615773.641,1,TND,unite,Estime,augmentation (estimation trimestrielle)
SFBT,Bilan - Actif,Total des actifs,Total des actifs,totaldesactifs,2009-03-31,2009,T1,261748423.127,1,TND,unite,Estime,augmentation (estimation trimestrielle)
SFBT,Bilan - Actif,Total des actifs,Total des actifs,totaldesactifs,2009-09-30,2009,9M,284722932.814,1,TND,unite,Estime,augmentation (estimation trimestrielle)
SFBT,Bilan - Actif,Total des actifs,Total des actifs,totaldesactifs,2010-03-31,2010,T1,299947210.689,1,TND,unite,Estime,augmentation (estimation trimestrielle)
SFBT,Bilan - Actif,Total des actifs,Total des actifs,totaldesactifs,2010-09-30,2010,9M,318019215.806,1,TND,unite,Estime,augmentation (estimation trimestrielle)
SFBT,Bilan - Actif,Total des actifs,Total des actifs,totaldesactifs,2011-03-31,2011,T1,336076590.579,1,TND,unite,Estime,augmentation (estimation trimestrielle)
SFBT,Bilan - Actif,Total des actifs,Total des actifs,totaldesactifs,2011-09-30,2011,9M,345533046.978,1,TND,unite,Estime,augmentation (estimation trimestrielle)
SFBT,Bilan - Actif,Total des actifs,Total des actifs,totaldesactifs,2012-03-31,2012,T1,373951325.478,1,TND,unite,Estime,augmentation (estimation trimestrielle)
SFBT,Bilan - Actif,Total des actifs,Total des actifs,totaldesactifs,2012-09-30,2012,9M,389070435.035,1,TND,unite,Estime,augmentation (estimation trimestrielle)
SFBT,Bilan - Actif,Total des actifs,Total des actifs,totaldesactifs,2013-03-31,2013,T1,394373741.61,1,TND,unite,Estime,augmentation (estimation trimestrielle)
SFBT,Bilan - Actif,Total des actifs,Total des actifs,totaldesactifs,2013-09-30,2013,9M,424474137.612,1,TND,unite,Estime,augmentation (estimation trimestrielle)
SFBT,Bilan - Actif,Total des actifs,Total des actifs,totaldesactifs,2014-03-31,2014,T1,450927922.464,1,TND,unite,Estime,augmentation (estimation trimestrielle)
SFBT,Bilan - Actif,Total des actifs,Total des actifs,totaldesactifs,2014-09-30,2014,9M,476558629.526,1,TND,unite,Estime,augmentation (estimation trimestrielle)
SFBT,Bilan - Actif,Total des actifs,Total des actifs,totaldesactifs,2015-03-31,2015,T1,501101974.599,1,TND,unite,Estime,augmentation (estimation trimestrielle)
SFBT,Bilan - Actif,Total des actifs,Total des actifs,totaldesactifs,2015-09-30,2015,9M,534220783.049,1,TND,unite,Estime,augmentation (estimation trimestrielle)
SFBT,Bilan - Actif,Total des actifs,Total des actifs,totaldesactifs,2016-03-31,2016,T1,554317944.776,1,TND,unite,Estime,augmentation (estimation trimestrielle)
SFBT,Bilan - Actif,Total des actifs,Total des actifs,totaldesactifs,2016-09-30,2016,9M,594263891.171,1,TND,unite,Estime,augmentation (estimation trimestrielle)
SFBT,Bilan - Actif,Total des actifs,Total des actifs,totaldesactifs,2017-03-31,2017,T1,621237390.954,1,TND,unite,Estime,augmentation (estimation trimestrielle)
SFBT,Bilan - Actif,Total des actifs,Total des actifs,totaldesactifs,2017-09-30,2017,9M,705110985.752,1,TND,unite,Estime,augmentation (estimation trimestrielle)
SFBT,Bilan - Actif,Total des actifs,Total des actifs,totaldesactifs,2018-03-31,2018,T1,771446882.857,1,TND,unite,Estime,augmentation (estimation trimestrielle)
SFBT,Bilan - Actif,Total des actifs,Total des actifs,totaldesactifs,2018-09-30,2018,9M,830660095.781,1,TND,unite,Estime,augmentation (estimation trimestrielle)
SFBT,Bilan - Actif,Total des actifs,Total des actifs,totaldesactifs,2019-03-31,2019,T1,870462982.476,1,TND,unite,Estime,augmentation (estimation trimestrielle)
SFBT,Bilan - Actif,Total des actifs,Total des actifs,totaldesactifs,2019-09-30,2019,9M,810872256.452,1,TND,unite,Estime,augmentation (estimation trimestrielle)
SFBT,Bilan - Actif,Total des actifs,Total des actifs,totaldesactifs,2020-03-31,2020,T1,920048489.199,1,TND,unite,Estime,augmentation (estimation trimestrielle)
SFBT,Bilan - Actif,Total des actifs,Total des actifs,totaldesactifs,2020-09-30,2020,9M,1008272578.176,1,TND,unite,Estime,augmentation (estimation trimestrielle)
SFBT,Bilan - Actif,Total des actifs,Total des actifs,totaldesactifs,2021-03-31,2021,T1,966700605.159,1,TND,unite,Estime,augmentation (estimation trimestrielle)
SFBT,Bilan - Actif,Total des actifs,Total des actifs,totaldesactifs,2021-09-30,2021,9M,,1,TND,unite,Estime,augmentation (estimation trimestrielle)
SFBT,Bilan - Actif,Total des actifs,Total des actifs,totaldesactifs,2022-03-31,2022,T1,,1,TND,unite,Estime,augmentation (estimation trimestrielle)
SFBT,Bilan - Actif,Total des actifs,Total des actifs,totaldesactifs,2022-09-30,2022,9M,,1,TND,unite,Estime,augmentation (estimation trimestrielle)
SFBT,Bilan - Actif,Total des actifs,Total des actifs,totaldesactifs,2023-03-31,2023,T1,,1,TND,unite,Estime,augmentation (estimation trimestrielle)
SFBT,Bilan - Actif,Total des actifs,Total des actifs,totaldesactifs,2023-09-30,2023,9M,1127813714.256,1,TND,unite,Estime,augmentation (estimation trimestrielle)
SFBT,Bilan - Actif,Total des actifs,Total des actifs,totaldesactifs,2024-03-31,2024,T1,1178999292.832,1,TND,unite,Estime,augmentation (estimation trimestrielle)
SFBT,Bilan - Actif,Total des actifs,Total des actifs,totaldesactifs,2024-09-30,2024,9M,1233802671.355,1,TND,unite,Estime,augmentation (estimation trimestrielle)
SFBT,Bilan - Actif,Total des actifs,Total des actifs,totaldesactifs,2025-03-31,2025,T1,1266158247.682,1,TND,unite,Estime,augmentation (estimation trimestrielle)
SFBT,Bilan - Actif,Total des actifs courants,Total des actifs courants,totaldesactifscourants,2005-09-30,2005,9M,59464799.999,1,TND,unite,Estime,augmentation (estimation trimestrielle)
SFBT,Bilan - Actif,Total des actifs courants,Total des actifs courants,totaldesactifscourants,2006-03-31,2006,T1,63989963.775,1,TND,unite,Estime,augmentation (estimation trimestrielle)
SFBT,Bilan - Actif,Total des actifs courants,Total des actifs courants,totaldesactifscourants,2006-09-30,2006,9M,63242077.209,1,TND,unite,Estime,augmentation (estimation trimestrielle)
SFBT,Bilan - Actif,Total des actifs courants,Total des actifs courants,totaldesactifscourants,2007-03-31,2007,T1,66944898.86,1,TND,unite,Estime,augmentation (estimation trimestrielle)
SFBT,Bilan - Actif,Total des actifs courants,Total des actifs courants,totaldesactifscourants,2007-09-30,2007,9M,70526292.162,1,TND,unite,Estime,augmentation (estimation trimestrielle)
SFBT,Bilan - Actif,Total des actifs courants,Total des actifs courants,totaldesactifscourants,2008-03-31,2008,T1,75876186.821,1,TND,unite,Estime,augmentation (estimation trimestrielle)
SFBT,Bilan - Actif,Total des actifs courants,Total des actifs courants,totaldesactifscourants,2008-09-30,2008,9M,75122766.372,1,TND,unite,Estime,augmentation (estimation trimestrielle)
SFBT,Bilan - Actif,Total des actifs courants,Total des actifs courants,totaldesactifscourants,2009-03-31,2009,T1,77835352.781,1,TND,unite,Estime,augmentation (estimation trimestrielle)
SFBT,Bilan - Actif,Total des actifs courants,Total des actifs courants,totaldesactifscourants,2009-09-30,2009,9M,95772334.936,1,TND,unite,Estime,augmentation (estimation trimestrielle)
SFBT,Bilan - Actif,Total des actifs courants,Total des actifs courants,totaldesactifscourants,2010-03-31,2010,T1,103814026.423,1,TND,unite,Estime,augmentation (estimation trimestrielle)
SFBT,Bilan - Actif,Total des actifs courants,Total des actifs courants,totaldesactifscourants,2010-09-30,2010,9M,113950598.118,1,TND,unite,Estime,augmentation (estimation trimestrielle)
SFBT,Bilan - Actif,Total des actifs courants,Total des actifs courants,totaldesactifscourants,2011-03-31,2011,T1,117104497.853,1,TND,unite,Estime,augmentation (estimation trimestrielle)
SFBT,Bilan - Actif,Total des actifs courants,Total des actifs courants,totaldesactifscourants,2011-09-30,2011,9M,114369945.502,1,TND,unite,Estime,augmentation (estimation trimestrielle)
SFBT,Bilan - Actif,Total des actifs courants,Total des actifs courants,totaldesactifscourants,2012-03-31,2012,T1,131579016.502,1,TND,unite,Estime,augmentation (estimation trimestrielle)
SFBT,Bilan - Actif,Total des actifs courants,Total des actifs courants,totaldesactifscourants,2012-09-30,2012,9M,132099965.345,1,TND,unite,Estime,augmentation (estimation trimestrielle)
SFBT,Bilan - Actif,Total des actifs courants,Total des actifs courants,totaldesactifscourants,2013-03-31,2013,T1,119389418.364,1,TND,unite,Estime,augmentation (estimation trimestrielle)
SFBT,Bilan - Actif,Total des actifs courants,Total des actifs courants,totaldesactifscourants,2013-09-30,2013,9M,131178203.692,1,TND,unite,Estime,augmentation (estimation trimestrielle)
SFBT,Bilan - Actif,Total des actifs courants,Total des actifs courants,totaldesactifscourants,2014-03-31,2014,T1,146155988.093,1,TND,unite,Estime,augmentation (estimation trimestrielle)
SFBT,Bilan - Actif,Total des actifs courants,Total des actifs courants,totaldesactifscourants,2014-09-30,2014,9M,156837242.879,1,TND,unite,Estime,augmentation (estimation trimestrielle)
SFBT,Bilan - Actif,Total des actifs courants,Total des actifs courants,totaldesactifscourants,2015-03-31,2015,T1,169775540.84,1,TND,unite,Estime,augmentation (estimation trimestrielle)
SFBT,Bilan - Actif,Total des actifs courants,Total des actifs courants,totaldesactifscourants,2015-09-30,2015,9M,189674459.441,1,TND,unite,Estime,augmentation (estimation trimestrielle)
SFBT,Bilan - Actif,Total des actifs courants,Total des actifs courants,totaldesactifscourants,2016-03-31,2016,T1,195809056.866,1,TND,unite,Estime,augmentation (estimation trimestrielle)
SFBT,Bilan - Actif,Total des actifs courants,Total des actifs courants,totaldesactifscourants,2016-09-30,2016,9M,215989452.925,1,TND,unite,Estime,augmentation (estimation trimestrielle)
SFBT,Bilan - Actif,Total des actifs courants,Total des actifs courants,totaldesactifscourants,2017-03-31,2017,T1,227695059.601,1,TND,unite,Estime,augmentation (estimation trimestrielle)
SFBT,Bilan - Actif,Total des actifs courants,Total des actifs courants,totaldesactifscourants,2017-09-30,2017,9M,262569201.199,1,TND,unite,Estime,augmentation (estimation trimestrielle)
SFBT,Bilan - Actif,Total des actifs courants,Total des actifs courants,totaldesactifscourants,2018-03-31,2018,T1,289240460.963,1,TND,unite,Estime,augmentation (estimation trimestrielle)
SFBT,Bilan - Actif,Total des actifs courants,Total des actifs courants,totaldesactifscourants,2018-09-30,2018,9M,329658666.309,1,TND,unite,Estime,augmentation (estimation trimestrielle)
SFBT,Bilan - Actif,Total des actifs courants,Total des actifs courants,totaldesactifscourants,2019-03-31,2019,T1,356608152.852,1,TND,unite,Estime,augmentation (estimation trimestrielle)
SFBT,Bilan - Actif,Total des actifs courants,Total des actifs courants,totaldesactifscourants,2019-09-30,2019,9M,315940703.458,1,TND,unite,Estime,augmentation (estimation trimestrielle)
SFBT,Bilan - Actif,Total des actifs courants,Total des actifs courants,totaldesactifscourants,2020-03-31,2020,T1,406919479.78,1,TND,unite,Estime,augmentation (estimation trimestrielle)
SFBT,Bilan - Actif,Total des actifs courants,Total des actifs courants,totaldesactifscourants,2020-09-30,2020,9M,468907127.107,1,TND,unite,Estime,augmentation (estimation trimestrielle)
SFBT,Bilan - Actif,Total des actifs courants,Total des actifs courants,totaldesactifscourants,2021-03-31,2021,T1,424600283.074,1,TND,unite,Estime,augmentation (estimation trimestrielle)
SFBT,Bilan - Actif,Total des actifs courants,Total des actifs courants,totaldesactifscourants,2021-09-30,2021,9M,,1,TND,unite,Estime,augmentation (estimation trimestrielle)
SFBT,Bilan - Actif,Total des actifs courants,Total des actifs courants,totaldesactifscourants,2022-03-31,2022,T1,,1,TND,unite,Estime,augmentation (estimation trimestrielle)
SFBT,Bilan - Actif,Total des actifs courants,Total des actifs courants,totaldesactifscourants,2022-09-30,2022,9M,,1,TND,unite,Estime,augmentation (estimation trimestrielle)
SFBT,Bilan - Actif,Total des actifs courants,Total des actifs courants,totaldesactifscourants,2023-03-31,2023,T1,,1,TND,unite,Estime,augmentation (estimation trimestrielle)
SFBT,Bilan - Actif,Total des actifs courants,Total des actifs courants,totaldesactifscourants,2023-09-30,2023,9M,590999378.945,1,TND,unite,Estime,augmentation (estimation trimestrielle)
SFBT,Bilan - Actif,Total des actifs courants,Total des actifs courants,totaldesactifscourants,2024-03-31,2024,T1,634488627.432,1,TND,unite,Estime,augmentation (estimation trimestrielle)
SFBT,Bilan - Actif,Total des actifs courants,Total des actifs courants,totaldesactifscourants,2024-09-30,2024,9M,681682256.247,1,TND,unite,Estime,augmentation (estimation trimestrielle)
SFBT,Bilan - Actif,Total des actifs courants,Total des actifs courants,totaldesactifscourants,2025-03-31,2025,T1,703087144.577,1,TND,unite,Estime,augmentation (estimation trimestrielle)
SFBT,Bilan - Actif,Total des actifs immobilisés,Total des actifs immobilisés,totaldesactifsimmobilises,2005-09-30,2005,9M,152167912.654,1,TND,unite,Estime,augmentation (estimation trimestrielle)
SFBT,Bilan - Actif,Total des actifs immobilisés,Total des actifs immobilisés,totaldesactifsimmobilises,2006-03-31,2006,T1,156360224.748,1,TND,unite,Estime,augmentation (estimation trimestrielle)
SFBT,Bilan - Actif,Total des actifs immobilisés,Total des actifs immobilisés,totaldesactifsimmobilises,2006-09-30,2006,9M,160613718.835,1,TND,unite,Estime,augmentation (estimation trimestrielle)
SFBT,Bilan - Actif,Total des actifs immobilisés,Total des actifs immobilisés,totaldesactifsimmobilises,2007-03-31,2007,T1,158622540.699,1,TND,unite,Estime,augmentation (estimation trimestrielle)
SFBT,Bilan - Actif,Total des actifs immobilisés,Total des actifs immobilisés,totaldesactifsimmobilises,2007-09-30,2007,9M,162892804.181,1,TND,unite,Estime,augmentation (estimation trimestrielle)
SFBT,Bilan - Actif,Total des actifs immobilisés,Total des actifs immobilisés,totaldesactifsimmobilises,2008-03-31,2008,T1,170139124.134,1,TND,unite,Estime,augmentation (estimation trimestrielle)
SFBT,Bilan - Actif,Total des actifs immobilisés,Total des actifs immobilisés,totaldesactifsimmobilises,2008-09-30,2008,9M,175685852.562,1,TND,unite,Estime,augmentation (estimation trimestrielle)
SFBT,Bilan - Actif,Total des actifs immobilisés,Total des actifs immobilisés,totaldesactifsimmobilises,2009-03-31,2009,T1,182292122.234,1,TND,unite,Estime,augmentation (estimation trimestrielle)
SFBT,Bilan - Actif,Total des actifs immobilisés,Total des actifs immobilisés,totaldesactifsimmobilises,2009-09-30,2009,9M,187306234.219,1,TND,unite,Estime,augmentation (estimation trimestrielle)
SFBT,Bilan - Actif,Total des actifs immobilisés,Total des actifs immobilisés,totaldesactifsimmobilises,2010-03-31,2010,T1,194339903.125,1,TND,unite,Estime,augmentation (estimation trimestrielle)
SFBT,Bilan - Actif,Total des actifs immobilisés,Total des actifs immobilisés,totaldesactifsimmobilises,2010-09-30,2010,9M,202166976.186,1,TND,unite,Estime,augmentation (estimation trimestrielle)
SFBT,Bilan - Actif,Total des actifs immobilisés,Total des actifs immobilisés,totaldesactifsimmobilises,2011-03-31,2011,T1,216912149.143,1,TND,unite,Estime,augmentation (estimation trimestrielle)
SFBT,Bilan - Actif,Total des actifs immobilisés,Total des actifs immobilisés,totaldesactifsimmobilises,2011-09-30,2011,9M,228678332.068,1,TND,unite,Estime,augmentation (estimation trimestrielle)
SFBT,Bilan - Actif,Total des actifs immobilisés,Total des actifs immobilisés,totaldesactifsimmobilises,2012-03-31,2012,T1,239856616.068,1,TND,unite,Estime,augmentation (estimation trimestrielle)
SFBT,Bilan - Actif,Total des actifs immobilisés,Total des actifs immobilisés,totaldesactifsimmobilises,2012-09-30,2012,9M,254400632.85,1,TND,unite,Estime,augmentation (estimation trimestrielle)
SFBT,Bilan - Actif,Total des actifs immobilisés,Total des actifs immobilisés,totaldesactifsimmobilises,2013-03-31,2013,T1,272490316.716,1,TND,unite,Estime,augmentation (estimation trimestrielle)
SFBT,Bilan - Actif,Total des actifs immobilisés,Total des actifs immobilisés,totaldesactifsimmobilises,2013-09-30,2013,9M,290797991.61,1,TND,unite,Estime,augmentation (estimation trimestrielle)
SFBT,Bilan - Actif,Total des actifs immobilisés,Total des actifs immobilisés,totaldesactifsimmobilises,2014-03-31,2014,T1,302234868.781,1,TND,unite,Estime,augmentation (estimation trimestrielle)
SFBT,Bilan - Actif,Total des actifs immobilisés,Total des actifs immobilisés,totaldesactifsimmobilises,2014-09-30,2014,9M,317288181.187,1,TND,unite,Estime,augmentation (estimation trimestrielle)
SFBT,Bilan - Actif,Total des actifs immobilisés,Total des actifs immobilisés,totaldesactifsimmobilises,2015-03-31,2015,T1,328946318.524,1,TND,unite,Estime,augmentation (estimation trimestrielle)
SFBT,Bilan - Actif,Total des actifs immobilisés,Total des actifs immobilisés,totaldesactifsimmobilises,2015-09-30,2015,9M,342153042.383,1,TND,unite,Estime,augmentation (estimation trimestrielle)
SFBT,Bilan - Actif,Total des actifs immobilisés,Total des actifs immobilisés,totaldesactifsimmobilises,2016-03-31,2016,T1,356190630.676,1,TND,unite,Estime,augmentation (estimation trimestrielle)
SFBT,Bilan - Actif,Total des actifs immobilisés,Total des actifs immobilisés,totaldesactifsimmobilises,2016-09-30,2016,9M,375759590.43,1,TND,unite,Estime,augmentation (estimation trimestrielle)
SFBT,Bilan - Actif,Total des actifs immobilisés,Total des actifs immobilisés,totaldesactifsimmobilises,2017-03-31,2017,T1,390351795.533,1,TND,unite,Estime,augmentation (estimation trimestrielle)
SFBT,Bilan - Actif,Total des actifs immobilisés,Total des actifs immobilisés,totaldesactifsimmobilises,2017-09-30,2017,9M,438971514.735,1,TND,unite,Estime,augmentation (estimation trimestrielle)
SFBT,Bilan - Actif,Total des actifs immobilisés,Total des actifs immobilisés,totaldesactifsimmobilises,2018-03-31,2018,T1,478362267.886,1,TND,unite,Estime,augmentation (estimation trimestrielle)
SFBT,Bilan - Actif,Total des actifs immobilisés,Total des actifs immobilisés,totaldesactifsimmobilises,2018-09-30,2018,9M,497047329.308,1,TND,unite,Estime,augmentation (estimation trimestrielle)
SFBT,Bilan - Actif,Total des actifs immobilisés,Total des actifs immobilisés,totaldesactifsimmobilises,2019-03-31,2019,T1,509568828.807,1,TND,unite,Estime,augmentation (estimation trimestrielle)
SFBT,Bilan - Actif,Total des actifs immobilisés,Total des actifs immobilisés,totaldesactifsimmobilises,2019-09-30,2019,9M,490755720.239,1,TND,unite,Estime,augmentation (estimation trimestrielle)
SFBT,Bilan - Actif,Total des actifs immobilisés,Total des actifs immobilisés,totaldesactifsimmobilises,2020-03-31,2020,T1,509196393.158,1,TND,unite,Estime,augmentation (estimation trimestrielle)
SFBT,Bilan - Actif,Total des actifs immobilisés,Total des actifs immobilisés,totaldesactifsimmobilises,2020-09-30,2020,9M,535490620.308,1,TND,unite,Estime,augmentation (estimation trimestrielle)
SFBT,Bilan - Actif,Total des actifs immobilisés,Total des actifs immobilisés,totaldesactifsimmobilises,2021-03-31,2021,T1,538547137.853,1,TND,unite,Estime,augmentation (estimation trimestrielle)
SFBT,Bilan - Actif,Total des actifs immobilisés,Total des actifs immobilisés,totaldesactifsimmobilises,2021-09-30,2021,9M,,1,TND,unite,Estime,augmentation (estimation trimestrielle)
SFBT,Bilan - Actif,Total des actifs immobilisés,Total des actifs immobilisés,totaldesactifsimmobilises,2022-03-31,2022,T1,,1,TND,unite,Estime,augmentation (estimation trimestrielle)
SFBT,Bilan - Actif,Total des actifs immobilisés,Total des actifs immobilisés,totaldesactifsimmobilises,2022-09-30,2022,9M,,1,TND,unite,Estime,augmentation (estimation trimestrielle)
SFBT,Bilan - Actif,Total des actifs immobilisés,Total des actifs immobilisés,totaldesactifsimmobilises,2023-03-31,2023,T1,,1,TND,unite,Estime,augmentation (estimation trimestrielle)
SFBT,Bilan - Actif,Total des actifs immobilisés,Total des actifs immobilisés,totaldesactifsimmobilises,2023-09-30,2023,9M,536522010.077,1,TND,unite,Estime,augmentation (estimation trimestrielle)
SFBT,Bilan - Actif,Total des actifs immobilisés,Total des actifs immobilisés,totaldesactifsimmobilises,2024-03-31,2024,T1,543863398.428,1,TND,unite,Estime,augmentation (estimation trimestrielle)
SFBT,Bilan - Actif,Total des actifs immobilisés,Total des actifs immobilisés,totaldesactifsimmobilises,2024-09-30,2024,9M,551078530.316,1,TND,unite,Estime,augmentation (estimation trimestrielle)
SFBT,Bilan - Actif,Total des actifs immobilisés,Total des actifs immobilisés,totaldesactifsimmobilises,2025-03-31,2025,T1,561145108.209,1,TND,unite,Estime,augmentation (estimation trimestrielle)
SFBT,Bilan - Actif,Total des actifs non courants,Total des actifs non courants,totaldesactifsnoncourants,2005-09-30,2005,9M,153995878.556,1,TND,unite,Estime,augmentation (estimation trimestrielle)
SFBT,Bilan - Actif,Total des actifs non courants,Total des actifs non courants,totaldesactifsnoncourants,2006-03-31,2006,T1,158262091.283,1,TND,unite,Estime,augmentation (estimation trimestrielle)
SFBT,Bilan - Actif,Total des actifs non courants,Total des actifs non courants,totaldesactifsnoncourants,2006-09-30,2006,9M,162603969.081,1,TND,unite,Estime,augmentation (estimation trimestrielle)
SFBT,Bilan - Actif,Total des actifs non courants,Total des actifs non courants,totaldesactifsnoncourants,2007-03-31,2007,T1,160629688.357,1,TND,unite,Estime,augmentation (estimation trimestrielle)
SFBT,Bilan - Actif,Total des actifs non courants,Total des actifs non courants,totaldesactifsnoncourants,2007-09-30,2007,9M,164859851.117,1,TND,unite,Estime,augmentation (estimation trimestrielle)
SFBT,Bilan - Actif,Total des actifs non courants,Total des actifs non courants,totaldesactifsnoncourants,2008-03-31,2008,T1,172022414.159,1,TND,unite,Estime,augmentation (estimation trimestrielle)
SFBT,Bilan - Actif,Total des actifs non courants,Total des actifs non courants,totaldesactifsnoncourants,2008-09-30,2008,9M,177493007.27,1,TND,unite,Estime,augmentation (estimation trimestrielle)
SFBT,Bilan - Actif,Total des actifs non courants,Total des actifs non courants,totaldesactifsnoncourants,2009-03-31,2009,T1,183913070.346,1,TND,unite,Estime,augmentation (estimation trimestrielle)
SFBT,Bilan - Actif,Total des actifs non courants,Total des actifs non courants,totaldesactifsnoncourants,2009-09-30,2009,9M,188950597.878,1,TND,unite,Estime,augmentation (estimation trimestrielle)
SFBT,Bilan - Actif,Total des actifs non courants,Total des actifs non courants,totaldesactifsnoncourants,2010-03-31,2010,T1,196133184.265,1,TND,unite,Estime,augmentation (estimation trimestrielle)
SFBT,Bilan - Actif,Total des actifs non courants,Total des actifs non courants,totaldesactifsnoncourants,2010-09-30,2010,9M,204068617.688,1,TND,unite,Estime,augmentation (estimation trimestrielle)
SFBT,Bilan - Actif,Total des actifs non courants,Total des actifs non courants,totaldesactifsnoncourants,2011-03-31,2011,T1,218972092.725,1,TND,unite,Estime,augmentation (estimation trimestrielle)
SFBT,Bilan - Actif,Total des actifs non courants,Total des actifs non courants,totaldesactifsnoncourants,2011-09-30,2011,9M,231163101.475,1,TND,unite,Estime,augmentation (estimation trimestrielle)
SFBT,Bilan - Actif,Total des actifs non courants,Total des actifs non courants,totaldesactifsnoncourants,2012-03-31,2012,T1,242372308.975,1,TND,unite,Estime,augmentation (estimation trimestrielle)
SFBT,Bilan - Actif,Total des actifs non courants,Total des actifs non courants,totaldesactifsnoncourants,2012-09-30,2012,9M,256970469.69,1,TND,unite,Estime,augmentation (estimation trimestrielle)
SFBT,Bilan - Actif,Total des actifs non courants,Total des actifs non courants,totaldesactifsnoncourants,2013-03-31,2013,T1,274984323.246,1,TND,unite,Estime,augmentation (estimation trimestrielle)
SFBT,Bilan - Actif,Total des actifs non courants,Total des actifs non courants,totaldesactifsnoncourants,2013-09-30,2013,9M,293295933.921,1,TND,unite,Estime,augmentation (estimation trimestrielle)
SFBT,Bilan - Actif,Total des actifs non courants,Total des actifs non courants,totaldesactifsnoncourants,2014-03-31,2014,T1,304771934.371,1,TND,unite,Estime,augmentation (estimation trimestrielle)
SFBT,Bilan - Actif,Total des actifs non courants,Total des actifs non courants,totaldesactifsnoncourants,2014-09-30,2014,9M,319721386.647,1,TND,unite,Estime,augmentation (estimation trimestrielle)
SFBT,Bilan - Actif,Total des actifs non courants,Total des actifs non courants,totaldesactifsnoncourants,2015-03-31,2015,T1,331326433.759,1,TND,unite,Estime,augmentation (estimation trimestrielle)
SFBT,Bilan - Actif,Total des actifs non courants,Total des actifs non courants,totaldesactifsnoncourants,2015-09-30,2015,9M,344546323.609,1,TND,unite,Estime,augmentation (estimation trimestrielle)
SFBT,Bilan - Actif,Total des actifs non courants,Total des actifs non courants,totaldesactifsnoncourants,2016-03-31,2016,T1,358508887.91,1,TND,unite,Estime,augmentation (estimation trimestrielle)
SFBT,Bilan - Actif,Total des actifs non courants,Total des actifs non courants,totaldesactifsnoncourants,2016-09-30,2016,9M,378274438.245,1,TND,unite,Estime,augmentation (estimation trimestrielle)
SFBT,Bilan - Actif,Total des actifs non courants,Total des actifs non courants,totaldesactifsnoncourants,2017-03-31,2017,T1,393542331.354,1,TND,unite,Estime,augmentation (estimation trimestrielle)
SFBT,Bilan - Actif,Total des actifs non courants,Total des actifs non courants,totaldesactifsnoncourants,2017-09-30,2017,9M,442541784.552,1,TND,unite,Estime,augmentation (estimation trimestrielle)
SFBT,Bilan - Actif,Total des actifs non courants,Total des actifs non courants,totaldesactifsnoncourants,2018-03-31,2018,T1,482206421.894,1,TND,unite,Estime,augmentation (estimation trimestrielle)
SFBT,Bilan - Actif,Total des actifs non courants,Total des actifs non courants,totaldesactifsnoncourants,2018-09-30,2018,9M,501001429.472,1,TND,unite,Estime,augmentation (estimation trimestrielle)
SFBT,Bilan - Actif,Total des actifs non courants,Total des actifs non courants,totaldesactifsnoncourants,2019-03-31,2019,T1,513854829.624,1,TND,unite,Estime,augmentation (estimation trimestrielle)
SFBT,Bilan - Actif,Total des actifs non courants,Total des actifs non courants,totaldesactifsnoncourants,2019-09-30,2019,9M,494931552.994,1,TND,unite,Estime,augmentation (estimation trimestrielle)
SFBT,Bilan - Actif,Total des actifs non courants,Total des actifs non courants,totaldesactifsnoncourants,2020-03-31,2020,T1,513129009.419,1,TND,unite,Estime,augmentation (estimation trimestrielle)
SFBT,Bilan - Actif,Total des actifs non courants,Total des actifs non courants,totaldesactifsnoncourants,2020-09-30,2020,9M,539365451.07,1,TND,unite,Estime,augmentation (estimation trimestrielle)
SFBT,Bilan - Actif,Total des actifs non courants,Total des actifs non courants,totaldesactifsnoncourants,2021-03-31,2021,T1,542100322.085,1,TND,unite,Estime,augmentation (estimation trimestrielle)
SFBT,Bilan - Actif,Total des actifs non courants,Total des actifs non courants,totaldesactifsnoncourants,2021-09-30,2021,9M,,1,TND,unite,Estime,augmentation (estimation trimestrielle)
SFBT,Bilan - Actif,Total des actifs non courants,Total des actifs non courants,totaldesactifsnoncourants,2022-03-31,2022,T1,,1,TND,unite,Estime,augmentation (estimation trimestrielle)
SFBT,Bilan - Actif,Total des actifs non courants,Total des actifs non courants,totaldesactifsnoncourants,2022-09-30,2022,9M,,1,TND,unite,Estime,augmentation (estimation trimestrielle)
SFBT,Bilan - Actif,Total des actifs non courants,Total des actifs non courants,totaldesactifsnoncourants,2023-03-31,2023,T1,,1,TND,unite,Estime,augmentation (estimation trimestrielle)
SFBT,Bilan - Actif,Total des actifs non courants,Total des actifs non courants,totaldesactifsnoncourants,2023-09-30,2023,9M,536814335.311,1,TND,unite,Estime,augmentation (estimation trimestrielle)
SFBT,Bilan - Actif,Total des actifs non courants,Total des actifs non courants,totaldesactifsnoncourants,2024-03-31,2024,T1,544510665.401,1,TND,unite,Estime,augmentation (estimation trimestrielle)
SFBT,Bilan - Actif,Total des actifs non courants,Total des actifs non courants,totaldesactifsnoncourants,2024-09-30,2024,9M,552120415.108,1,TND,unite,Estime,augmentation (estimation trimestrielle)
SFBT,Bilan - Actif,Total des actifs non courants,Total des actifs non courants,totaldesactifsnoncourants,2025-03-31,2025,T1,563071103.104,1,TND,unite,Estime,augmentation (estimation trimestrielle)
SFBT,Bilan - Passif,Actions propres,Actions propres,actionspropres,2024-03-31,2024,T1,-164217.595,1,TND,unite,Estime,augmentation (estimation trimestrielle)
SFBT,Bilan - Passif,Actions propres,Actions propres,actionspropres,2024-09-30,2024,9M,-257930.53,1,TND,unite,Estime,augmentation (estimation trimestrielle)
SFBT,Bilan - Passif,Actions propres,Actions propres,actionspropres,2025-03-31,2025,T1,-396245.628,1,TND,unite,Estime,augmentation (estimation trimestrielle)
SFBT,Bilan - Passif,Autres capitaux propres,Autres capitaux propres,autrescapitauxpropres,2005-09-30,2005,9M,10284336.834,1,TND,unite,Estime,augmentation (estimation trimestrielle)
SFBT,Bilan - Passif,Autres capitaux propres,Autres capitaux propres,autrescapitauxpropres,2006-03-31,2006,T1,10893391.846,1,TND,unite,Estime,augmentation (estimation trimestrielle)
SFBT,Bilan - Passif,Autres capitaux propres,Autres capitaux propres,autrescapitauxpropres,2006-09-30,2006,9M,10984885.872,1,TND,unite,Estime,augmentation (estimation trimestrielle)
SFBT,Bilan - Passif,Autres capitaux propres,Autres capitaux propres,autrescapitauxpropres,2007-03-31,2007,T1,11249198.43,1,TND,unite,Estime,augmentation (estimation trimestrielle)
SFBT,Bilan - Passif,Autres capitaux propres,Autres capitaux propres,autrescapitauxpropres,2007-09-30,2007,9M,11539365.622,1,TND,unite,Estime,augmentation (estimation trimestrielle)
SFBT,Bilan - Passif,Autres capitaux propres,Autres capitaux propres,autrescapitauxpropres,2008-03-31,2008,T1,11363082.034,1,TND,unite,Estime,augmentation (estimation trimestrielle)
SFBT,Bilan - Passif,Autres capitaux propres,Autres capitaux propres,autrescapitauxpropres,2008-09-30,2008,9M,11363082.034,1,TND,unite,Estime,augmentation (estimation trimestrielle)
SFBT,Bilan - Passif,Autres capitaux propres,Autres capitaux propres,autrescapitauxpropres,2009-03-31,2009,T1,11363082.034,1,TND,unite,Estime,augmentation (estimation trimestrielle)
SFBT,Bilan - Passif,Autres capitaux propres,Autres capitaux propres,autrescapitauxpropres,2009-09-30,2009,9M,11363082.034,1,TND,unite,Estime,augmentation (estimation trimestrielle)
SFBT,Bilan - Passif,Autres capitaux propres,Autres capitaux propres,autrescapitauxpropres,2010-03-31,2010,T1,14423810.967,1,TND,unite,Estime,augmentation (estimation trimestrielle)
SFBT,Bilan - Passif,Autres capitaux propres,Autres capitaux propres,autrescapitauxpropres,2010-09-30,2010,9M,17518548.017,1,TND,unite,Estime,augmentation (estimation trimestrielle)
SFBT,Bilan - Passif,Autres capitaux propres,Autres capitaux propres,autrescapitauxpropres,2011-03-31,2011,T1,19507383.929,1,TND,unite,Estime,augmentation (estimation trimestrielle)
SFBT,Bilan - Passif,Autres capitaux propres,Autres capitaux propres,autrescapitauxpropres,2011-09-30,2011,9M,21518318.017,1,TND,unite,Estime,augmentation (estimation trimestrielle)
SFBT,Bilan - Passif,Autres capitaux propres,Autres capitaux propres,autrescapitauxpropres,2012-03-31,2012,T1,24436930.517,1,TND,unite,Estime,augmentation (estimation trimestrielle)
SFBT,Bilan - Passif,Autres capitaux propres,Autres capitaux propres,autrescapitauxpropres,2012-09-30,2012,9M,27355543.017,1,TND,unite,Estime,augmentation (estimation trimestrielle)
SFBT,Bilan - Passif,Autres capitaux propres,Autres capitaux propres,autrescapitauxpropres,2013-03-31,2013,T1,38037145.282,1,TND,unite,Estime,augmentation (estimation trimestrielle)
SFBT,Bilan - Passif,Autres capitaux propres,Autres capitaux propres,autrescapitauxpropres,2013-09-30,2013,9M,48837432.017,1,TND,unite,Estime,augmentation (estimation trimestrielle)
SFBT,Bilan - Passif,Autres capitaux propres,Autres capitaux propres,autrescapitauxpropres,2014-03-31,2014,T1,58437535.625,1,TND,unite,Estime,augmentation (estimation trimestrielle)
SFBT,Bilan - Passif,Autres capitaux propres,Autres capitaux propres,autrescapitauxpropres,2014-09-30,2014,9M,67992307.034,1,TND,unite,Estime,augmentation (estimation trimestrielle)
SFBT,Bilan - Passif,Autres capitaux propres,Autres capitaux propres,autrescapitauxpropres,2015-03-31,2015,T1,73633470.294,1,TND,unite,Estime,augmentation (estimation trimestrielle)
SFBT,Bilan - Passif,Autres capitaux propres,Autres capitaux propres,autrescapitauxpropres,2015-09-30,2015,9M,79495555.459,1,TND,unite,Estime,augmentation (estimation trimestrielle)
SFBT,Bilan - Passif,Autres capitaux propres,Autres capitaux propres,autrescapitauxpropres,2016-03-31,2016,T1,83500208.884,1,TND,unite,Estime,augmentation (estimation trimestrielle)
SFBT,Bilan - Passif,Autres capitaux propres,Autres capitaux propres,autrescapitauxpropres,2016-09-30,2016,9M,87466308.884,1,TND,unite,Estime,augmentation (estimation trimestrielle)
SFBT,Bilan - Passif,Autres capitaux propres,Autres capitaux propres,autrescapitauxpropres,2017-03-31,2017,T1,99518284.575,1,TND,unite,Estime,augmentation (estimation trimestrielle)
SFBT,Bilan - Passif,Autres capitaux propres,Autres capitaux propres,autrescapitauxpropres,2017-09-30,2017,9M,111695339.884,1,TND,unite,Estime,augmentation (estimation trimestrielle)
SFBT,Bilan - Passif,Autres capitaux propres,Autres capitaux propres,autrescapitauxpropres,2018-03-31,2018,T1,117976656.63,1,TND,unite,Estime,augmentation (estimation trimestrielle)
SFBT,Bilan - Passif,Autres capitaux propres,Autres capitaux propres,autrescapitauxpropres,2018-09-30,2018,9M,123961454.884,1,TND,unite,Estime,augmentation (estimation trimestrielle)
SFBT,Bilan - Passif,Autres capitaux propres,Autres capitaux propres,autrescapitauxpropres,2019-03-31,2019,T1,135166452.122,1,TND,unite,Estime,augmentation (estimation trimestrielle)
SFBT,Bilan - Passif,Autres capitaux propres,Autres capitaux propres,autrescapitauxpropres,2019-09-30,2019,9M,146652177.459,1,TND,unite,Estime,augmentation (estimation trimestrielle)
SFBT,Bilan - Passif,Autres capitaux propres,Autres capitaux propres,autrescapitauxpropres,2020-03-31,2020,T1,146393850.034,1,TND,unite,Estime,augmentation (estimation trimestrielle)
SFBT,Bilan - Passif,Autres capitaux propres,Autres capitaux propres,autrescapitauxpropres,2020-09-30,2020,9M,150563539.017,1,TND,unite,Estime,augmentation (estimation trimestrielle)
SFBT,Bilan - Passif,Autres capitaux propres,Autres capitaux propres,autrescapitauxpropres,2021-03-31,2021,T1,154733228.0,1,TND,unite,Estime,augmentation (estimation trimestrielle)
SFBT,Bilan - Passif,Autres capitaux propres,Autres capitaux propres,autrescapitauxpropres,2021-09-30,2021,9M,,1,TND,unite,Estime,augmentation (estimation trimestrielle)
SFBT,Bilan - Passif,Autres capitaux propres,Autres capitaux propres,autrescapitauxpropres,2022-03-31,2022,T1,,1,TND,unite,Estime,augmentation (estimation trimestrielle)
SFBT,Bilan - Passif,Autres capitaux propres,Autres capitaux propres,autrescapitauxpropres,2022-09-30,2022,9M,,1,TND,unite,Estime,augmentation (estimation trimestrielle)
SFBT,Bilan - Passif,Autres capitaux propres,Autres capitaux propres,autrescapitauxpropres,2023-03-31,2023,T1,,1,TND,unite,Estime,augmentation (estimation trimestrielle)
SFBT,Bilan - Passif,Autres capitaux propres,Autres capitaux propres,autrescapitauxpropres,2023-09-30,2023,9M,8756137.134,1,TND,unite,Estime,augmentation (estimation trimestrielle)
SFBT,Bilan - Passif,Autres capitaux propres,Autres capitaux propres,autrescapitauxpropres,2024-03-31,2024,T1,8708771.134,1,TND,unite,Estime,augmentation (estimation trimestrielle)
SFBT,Bilan - Passif,Autres capitaux propres,Autres capitaux propres,autrescapitauxpropres,2024-09-30,2024,9M,8708771.134,1,TND,unite,Estime,augmentation (estimation trimestrielle)
SFBT,Bilan - Passif,Autres capitaux propres,Autres capitaux propres,autrescapitauxpropres,2025-03-31,2025,T1,8708771.134,1,TND,unite,Estime,augmentation (estimation trimestrielle)
SFBT,Bilan - Passif,Autres passifs courants,Autres passifs courants,autrespassifscourants,2005-09-30,2005,9M,16974272.801,1,TND,unite,Estime,augmentation (estimation trimestrielle)
SFBT,Bilan - Passif,Autres passifs courants,Autres passifs courants,autrespassifscourants,2006-03-31,2006,T1,17385787.951,1,TND,unite,Estime,augmentation (estimation trimestrielle)
SFBT,Bilan - Passif,Autres passifs courants,Autres passifs courants,autrespassifscourants,2006-09-30,2006,9M,17508265.902,1,TND,unite,Estime,augmentation (estimation trimestrielle)
SFBT,Bilan - Passif,Autres passifs courants,Autres passifs courants,autrespassifscourants,2007-03-31,2007,T1,24432460.724,1,TND,unite,Estime,augmentation (estimation trimestrielle)
SFBT,Bilan - Passif,Autres passifs courants,Autres passifs courants,autrespassifscourants,2007-09-30,2007,9M,26070866.348,1,TND,unite,Estime,augmentation (estimation trimestrielle)
SFBT,Bilan - Passif,Autres passifs courants,Autres passifs courants,autrespassifscourants,2008-03-31,2008,T1,28206062.295,1,TND,unite,Estime,augmentation (estimation trimestrielle)
SFBT,Bilan - Passif,Autres passifs courants,Autres passifs courants,autrespassifscourants,2008-09-30,2008,9M,27409801.617,1,TND,unite,Estime,augmentation (estimation trimestrielle)
SFBT,Bilan - Passif,Autres passifs courants,Autres passifs courants,autrespassifscourants,2009-03-31,2009,T1,27787864.754,1,TND,unite,Estime,augmentation (estimation trimestrielle)
SFBT,Bilan - Passif,Autres passifs courants,Autres passifs courants,autrespassifscourants,2009-09-30,2009,9M,29366603.257,1,TND,unite,Estime,augmentation (estimation trimestrielle)
SFBT,Bilan - Passif,Autres passifs courants,Autres passifs courants,autrespassifscourants,2010-03-31,2010,T1,23102977.494,1,TND,unite,Estime,augmentation (estimation trimestrielle)
SFBT,Bilan - Passif,Autres passifs courants,Autres passifs courants,autrespassifscourants,2010-09-30,2010,9M,23541405.421,1,TND,unite,Estime,augmentation (estimation trimestrielle)
SFBT,Bilan - Passif,Autres passifs courants,Autres passifs courants,autrespassifscourants,2011-03-31,2011,T1,36371311.148,1,TND,unite,Estime,augmentation (estimation trimestrielle)
SFBT,Bilan - Passif,Autres passifs courants,Autres passifs courants,autrespassifscourants,2011-09-30,2011,9M,37433930.881,1,TND,unite,Estime,augmentation (estimation trimestrielle)
SFBT,Bilan - Passif,Autres passifs courants,Autres passifs courants,autrespassifscourants,2012-03-31,2012,T1,48151543.882,1,TND,unite,Estime,augmentation (estimation trimestrielle)
SFBT,Bilan - Passif,Autres passifs courants,Autres passifs courants,autrespassifscourants,2012-09-30,2012,9M,48350772.44,1,TND,unite,Estime,augmentation (estimation trimestrielle)
SFBT,Bilan - Passif,Autres passifs courants,Autres passifs courants,autrespassifscourants,2013-03-31,2013,T1,32772148.52,1,TND,unite,Estime,augmentation (estimation trimestrielle)
SFBT,Bilan - Passif,Autres passifs courants,Autres passifs courants,autrespassifscourants,2013-09-30,2013,9M,39316467.988,1,TND,unite,Estime,augmentation (estimation trimestrielle)
SFBT,Bilan - Passif,Autres passifs courants,Autres passifs courants,autrespassifscourants,2014-03-31,2014,T1,38558793.087,1,TND,unite,Estime,augmentation (estimation trimestrielle)
SFBT,Bilan - Passif,Autres passifs courants,Autres passifs courants,autrespassifscourants,2014-09-30,2014,9M,39428959.351,1,TND,unite,Estime,augmentation (estimation trimestrielle)
SFBT,Bilan - Passif,Autres passifs courants,Autres passifs courants,autrespassifscourants,2015-03-31,2015,T1,41336917.845,1,TND,unite,Estime,augmentation (estimation trimestrielle)
SFBT,Bilan - Passif,Autres passifs courants,Autres passifs courants,autrespassifscourants,2015-09-30,2015,9M,40236666.213,1,TND,unite,Estime,augmentation (estimation trimestrielle)
SFBT,Bilan - Passif,Autres passifs courants,Autres passifs courants,autrespassifscourants,2016-03-31,2016,T1,32517442.089,1,TND,unite,Estime,augmentation (estimation trimestrielle)
SFBT,Bilan - Passif,Autres passifs courants,Autres passifs courants,autrespassifscourants,2016-09-30,2016,9M,42989410.333,1,TND,unite,Estime,augmentation (estimation trimestrielle)
SFBT,Bilan - Passif,Autres passifs courants,Autres passifs courants,autrespassifscourants,2017-03-31,2017,T1,49616485.911,1,TND,unite,Estime,augmentation (estimation trimestrielle)
SFBT,Bilan - Passif,Autres passifs courants,Autres passifs courants,autrespassifscourants,2017-09-30,2017,9M,47409761.441,1,TND,unite,Estime,augmentation (estimation trimestrielle)
SFBT,Bilan - Passif,Autres passifs courants,Autres passifs courants,autrespassifscourants,2018-03-31,2018,T1,55143539.913,1,TND,unite,Estime,augmentation (estimation trimestrielle)
SFBT,Bilan - Passif,Autres passifs courants,Autres passifs courants,autrespassifscourants,2018-09-30,2018,9M,58529843.534,1,TND,unite,Estime,augmentation (estimation trimestrielle)
SFBT,Bilan - Passif,Autres passifs courants,Autres passifs courants,autrespassifscourants,2019-03-31,2019,T1,67827537.592,1,TND,unite,Estime,augmentation (estimation trimestrielle)
SFBT,Bilan - Passif,Autres passifs courants,Autres passifs courants,autrespassifscourants,2019-09-30,2019,9M,73188677.342,1,TND,unite,Estime,augmentation (estimation trimestrielle)
SFBT,Bilan - Passif,Autres passifs courants,Autres passifs courants,autrespassifscourants,2020-03-31,2020,T1,76721119.008,1,TND,unite,Estime,augmentation (estimation trimestrielle)
SFBT,Bilan - Passif,Autres passifs courants,Autres passifs courants,autrespassifscourants,2020-09-30,2020,9M,94261892.769,1,TND,unite,Estime,augmentation (estimation trimestrielle)
SFBT,Bilan - Passif,Autres passifs courants,Autres passifs courants,autrespassifscourants,2021-03-31,2021,T1,102625676.602,1,TND,unite,Estime,augmentation (estimation trimestrielle)
SFBT,Bilan - Passif,Autres passifs courants,Autres passifs courants,autrespassifscourants,2021-09-30,2021,9M,,1,TND,unite,Estime,augmentation (estimation trimestrielle)
SFBT,Bilan - Passif,Autres passifs courants,Autres passifs courants,autrespassifscourants,2022-03-31,2022,T1,,1,TND,unite,Estime,augmentation (estimation trimestrielle)
SFBT,Bilan - Passif,Autres passifs courants,Autres passifs courants,autrespassifscourants,2022-09-30,2022,9M,,1,TND,unite,Estime,augmentation (estimation trimestrielle)
SFBT,Bilan - Passif,Autres passifs courants,Autres passifs courants,autrespassifscourants,2023-03-31,2023,T1,,1,TND,unite,Estime,augmentation (estimation trimestrielle)
SFBT,Bilan - Passif,Autres passifs courants,Autres passifs courants,autrespassifscourants,2023-09-30,2023,9M,104292471.346,1,TND,unite,Estime,augmentation (estimation trimestrielle)
SFBT,Bilan - Passif,Autres passifs courants,Autres passifs courants,autrespassifscourants,2024-03-31,2024,T1,113843732.367,1,TND,unite,Estime,augmentation (estimation trimestrielle)
SFBT,Bilan - Passif,Autres passifs courants,Autres passifs courants,autrespassifscourants,2024-09-30,2024,9M,126818817.095,1,TND,unite,Estime,augmentation (estimation trimestrielle)
SFBT,Bilan - Passif,Autres passifs courants,Autres passifs courants,autrespassifscourants,2025-03-31,2025,T1,128214494.348,1,TND,unite,Estime,augmentation (estimation trimestrielle)
SFBT,Bilan - Passif,Autres passifs financiers,Autres passifs financiers,autrespassifsfinanciers,2005-09-30,2005,9M,25239168.106,1,TND,unite,Estime,augmentation (estimation trimestrielle)
SFBT,Bilan - Passif,Autres passifs financiers,Autres passifs financiers,autrespassifsfinanciers,2006-03-31,2006,T1,26070352.051,1,TND,unite,Estime,augmentation (estimation trimestrielle)
SFBT,Bilan - Passif,Autres passifs financiers,Autres passifs financiers,autrespassifsfinanciers,2006-09-30,2006,9M,26718031.021,1,TND,unite,Estime,augmentation (estimation trimestrielle)
SFBT,Bilan - Passif,Autres passifs financiers,Autres passifs financiers,autrespassifsfinanciers,2007-03-31,2007,T1,27185822.303,1,TND,unite,Estime,augmentation (estimation trimestrielle)
SFBT,Bilan - Passif,Autres passifs financiers,Autres passifs financiers,autrespassifsfinanciers,2007-09-30,2007,9M,27564887.025,1,TND,unite,Estime,augmentation (estimation trimestrielle)
SFBT,Bilan - Passif,Autres passifs financiers,Autres passifs financiers,autrespassifsfinanciers,2008-03-31,2008,T1,28169133.01,1,TND,unite,Estime,augmentation (estimation trimestrielle)
SFBT,Bilan - Passif,Autres passifs financiers,Autres passifs financiers,autrespassifsfinanciers,2008-09-30,2008,9M,28706433.696,1,TND,unite,Estime,augmentation (estimation trimestrielle)
SFBT,Bilan - Passif,Autres passifs financiers,Autres passifs financiers,autrespassifsfinanciers,2009-03-31,2009,T1,29168070.693,1,TND,unite,Estime,augmentation (estimation trimestrielle)
SFBT,Bilan - Passif,Autres passifs financiers,Autres passifs financiers,autrespassifsfinanciers,2009-09-30,2009,9M,29836280.605,1,TND,unite,Estime,augmentation (estimation trimestrielle)
SFBT,Bilan - Passif,Autres passifs financiers,Autres passifs financiers,autrespassifsfinanciers,2010-03-31,2010,T1,30612199.64,1,TND,unite,Estime,augmentation (estimation trimestrielle)
SFBT,Bilan - Passif,Autres passifs financiers,Autres passifs financiers,autrespassifsfinanciers,2010-09-30,2010,9M,31507010.764,1,TND,unite,Estime,augmentation (estimation trimestrielle)
SFBT,Bilan - Passif,Autres passifs financiers,Autres passifs financiers,autrespassifsfinanciers,2011-03-31,2011,T1,32438134.873,1,TND,unite,Estime,augmentation (estimation trimestrielle)
SFBT,Bilan - Passif,Autres passifs financiers,Autres passifs financiers,autrespassifsfinanciers,2011-09-30,2011,9M,33488855.782,1,TND,unite,Estime,augmentation (estimation trimestrielle)
SFBT,Bilan - Passif,Autres passifs financiers,Autres passifs financiers,autrespassifsfinanciers,2012-03-31,2012,T1,34980600.781,1,TND,unite,Estime,augmentation (estimation trimestrielle)
SFBT,Bilan - Passif,Autres passifs financiers,Autres passifs financiers,autrespassifsfinanciers,2012-09-30,2012,9M,36744125.719,1,TND,unite,Estime,augmentation (estimation trimestrielle)
SFBT,Bilan - Passif,Autres passifs financiers,Autres passifs financiers,autrespassifsfinanciers,2013-03-31,2013,T1,37789806.005,1,TND,unite,Estime,augmentation (estimation trimestrielle)
SFBT,Bilan - Passif,Autres passifs financiers,Autres passifs financiers,autrespassifsfinanciers,2013-09-30,2013,9M,38466999.114,1,TND,unite,Estime,augmentation (estimation trimestrielle)
SFBT,Bilan - Passif,Autres passifs financiers,Autres passifs financiers,autrespassifsfinanciers,2014-03-31,2014,T1,39420403.856,1,TND,unite,Estime,augmentation (estimation trimestrielle)
SFBT,Bilan - Passif,Autres passifs financiers,Autres passifs financiers,autrespassifsfinanciers,2014-09-30,2014,9M,40656890.008,1,TND,unite,Estime,augmentation (estimation trimestrielle)
SFBT,Bilan - Passif,Autres passifs financiers,Autres passifs financiers,autrespassifsfinanciers,2015-03-31,2015,T1,41801469.482,1,TND,unite,Estime,augmentation (estimation trimestrielle)
SFBT,Bilan - Passif,Autres passifs financiers,Autres passifs financiers,autrespassifsfinanciers,2015-09-30,2015,9M,43144613.173,1,TND,unite,Estime,augmentation (estimation trimestrielle)
SFBT,Bilan - Passif,Autres passifs financiers,Autres passifs financiers,autrespassifsfinanciers,2016-03-31,2016,T1,44390930.903,1,TND,unite,Estime,augmentation (estimation trimestrielle)
SFBT,Bilan - Passif,Autres passifs financiers,Autres passifs financiers,autrespassifsfinanciers,2016-09-30,2016,9M,46296323.939,1,TND,unite,Estime,augmentation (estimation trimestrielle)
SFBT,Bilan - Passif,Autres passifs financiers,Autres passifs financiers,autrespassifsfinanciers,2017-03-31,2017,T1,49124750.853,1,TND,unite,Estime,augmentation (estimation trimestrielle)
SFBT,Bilan - Passif,Autres passifs financiers,Autres passifs financiers,autrespassifsfinanciers,2017-09-30,2017,9M,51454711.1,1,TND,unite,Estime,augmentation (estimation trimestrielle)
SFBT,Bilan - Passif,Autres passifs financiers,Autres passifs financiers,autrespassifsfinanciers,2018-03-31,2018,T1,53999489.478,1,TND,unite,Estime,augmentation (estimation trimestrielle)
SFBT,Bilan - Passif,Autres passifs financiers,Autres passifs financiers,autrespassifsfinanciers,2018-09-30,2018,9M,56587353.35,1,TND,unite,Estime,augmentation (estimation trimestrielle)
SFBT,Bilan - Passif,Autres passifs financiers,Autres passifs financiers,autrespassifsfinanciers,2019-03-31,2019,T1,58701117.1,1,TND,unite,Estime,augmentation (estimation trimestrielle)
SFBT,Bilan - Passif,Autres passifs financiers,Autres passifs financiers,autrespassifsfinanciers,2019-09-30,2019,9M,61536524.33,1,TND,unite,Estime,augmentation (estimation trimestrielle)
SFBT,Bilan - Passif,Autres passifs financiers,Autres passifs financiers,autrespassifsfinanciers,2020-03-31,2020,T1,63975792.368,1,TND,unite,Estime,augmentation (estimation trimestrielle)
SFBT,Bilan - Passif,Autres passifs financiers,Autres passifs financiers,autrespassifsfinanciers,2020-09-30,2020,9M,66103672.25,1,TND,unite,Estime,augmentation (estimation trimestrielle)
SFBT,Bilan - Passif,Autres passifs financiers,Autres passifs financiers,autrespassifsfinanciers,2021-03-31,2021,T1,68098960.208,1,TND,unite,Estime,augmentation (estimation trimestrielle)
SFBT,Bilan - Passif,Autres passifs financiers,Autres passifs financiers,autrespassifsfinanciers,2021-09-30,2021,9M,,1,TND,unite,Estime,augmentation (estimation trimestrielle)
SFBT,Bilan - Passif,Autres passifs financiers,Autres passifs financiers,autrespassifsfinanciers,2022-03-31,2022,T1,,1,TND,unite,Estime,augmentation (estimation trimestrielle)
SFBT,Bilan - Passif,Autres passifs financiers,Autres passifs financiers,autrespassifsfinanciers,2022-09-30,2022,9M,,1,TND,unite,Estime,augmentation (estimation trimestrielle)
SFBT,Bilan - Passif,Autres passifs financiers,Autres passifs financiers,autrespassifsfinanciers,2023-03-31,2023,T1,,1,TND,unite,Estime,augmentation (estimation trimestrielle)
SFBT,Bilan - Passif,Autres passifs financiers,Autres passifs financiers,autrespassifsfinanciers,2023-09-30,2023,9M,84305097.073,1,TND,unite,Estime,augmentation (estimation trimestrielle)
SFBT,Bilan - Passif,Autres passifs financiers,Autres passifs financiers,autrespassifsfinanciers,2024-03-31,2024,T1,87966253.823,1,TND,unite,Estime,augmentation (estimation trimestrielle)
SFBT,Bilan - Passif,Autres passifs financiers,Autres passifs financiers,autrespassifsfinanciers,2024-09-30,2024,9M,91052767.698,1,TND,unite,Estime,augmentation (estimation trimestrielle)
SFBT,Bilan - Passif,Autres passifs financiers,Autres passifs financiers,autrespassifsfinanciers,2025-03-31,2025,T1,94775451.758,1,TND,unite,Estime,augmentation (estimation trimestrielle)
SFBT,Bilan - Passif,Capital social,Capital social,capitalsocial,2005-09-30,2005,9M,48000000.0,1,TND,unite,Estime,augmentation (estimation trimestrielle)
SFBT,Bilan - Passif,Capital social,Capital social,capitalsocial,2006-03-31,2006,T1,49988950.276,1,TND,unite,Estime,augmentation (estimation trimestrielle)
SFBT,Bilan - Passif,Capital social,Capital social,capitalsocial,2006-09-30,2006,9M,52000000.0,1,TND,unite,Estime,augmentation (estimation trimestrielle)
SFBT,Bilan - Passif,Capital social,Capital social,capitalsocial,2007-03-31,2007,T1,53988950.276,1,TND,unite,Estime,augmentation (estimation trimestrielle)
SFBT,Bilan - Passif,Capital social,Capital social,capitalsocial,2007-09-30,2007,9M,56000000.0,1,TND,unite,Estime,augmentation (estimation trimestrielle)
SFBT,Bilan - Passif,Capital social,Capital social,capitalsocial,2008-03-31,2008,T1,56000000.0,1,TND,unite,Estime,augmentation (estimation trimestrielle)
SFBT,Bilan - Passif,Capital social,Capital social,capitalsocial,2008-09-30,2008,9M,56000000.0,1,TND,unite,Estime,augmentation (estimation trimestrielle)
SFBT,Bilan - Passif,Capital social,Capital social,capitalsocial,2009-03-31,2009,T1,56000000.0,1,TND,unite,Estime,augmentation (estimation trimestrielle)
SFBT,Bilan - Passif,Capital social,Capital social,capitalsocial,2009-09-30,2009,9M,56000000.0,1,TND,unite,Estime,augmentation (estimation trimestrielle)
SFBT,Bilan - Passif,Capital social,Capital social,capitalsocial,2010-03-31,2010,T1,58486187.845,1,TND,unite,Estime,augmentation (estimation trimestrielle)
SFBT,Bilan - Passif,Capital social,Capital social,capitalsocial,2010-09-30,2010,9M,61000000.0,1,TND,unite,Estime,augmentation (estimation trimestrielle)
SFBT,Bilan - Passif,Capital social,Capital social,capitalsocial,2011-03-31,2011,T1,63486187.845,1,TND,unite,Estime,augmentation (estimation trimestrielle)
SFBT,Bilan - Passif,Capital social,Capital social,capitalsocial,2011-09-30,2011,9M,66000000.0,1,TND,unite,Estime,augmentation (estimation trimestrielle)
SFBT,Bilan - Passif,Capital social,Capital social,capitalsocial,2012-03-31,2012,T1,71000000.0,1,TND,unite,Estime,augmentation (estimation trimestrielle)
SFBT,Bilan - Passif,Capital social,Capital social,capitalsocial,2012-09-30,2012,9M,76000000.0,1,TND,unite,Estime,augmentation (estimation trimestrielle)
SFBT,Bilan - Passif,Capital social,Capital social,capitalsocial,2013-03-31,2013,T1,77988950.276,1,TND,unite,Estime,augmentation (estimation trimestrielle)
SFBT,Bilan - Passif,Capital social,Capital social,capitalsocial,2013-09-30,2013,9M,80000000.0,1,TND,unite,Estime,augmentation (estimation trimestrielle)
SFBT,Bilan - Passif,Capital social,Capital social,capitalsocial,2014-03-31,2014,T1,84972375.691,1,TND,unite,Estime,augmentation (estimation trimestrielle)
SFBT,Bilan - Passif,Capital social,Capital social,capitalsocial,2014-09-30,2014,9M,90000000.0,1,TND,unite,Estime,augmentation (estimation trimestrielle)
SFBT,Bilan - Passif,Capital social,Capital social,capitalsocial,2015-03-31,2015,T1,97458563.536,1,TND,unite,Estime,augmentation (estimation trimestrielle)
SFBT,Bilan - Passif,Capital social,Capital social,capitalsocial,2015-09-30,2015,9M,105000000.0,1,TND,unite,Estime,augmentation (estimation trimestrielle)
SFBT,Bilan - Passif,Capital social,Capital social,capitalsocial,2016-03-31,2016,T1,112500000.0,1,TND,unite,Estime,augmentation (estimation trimestrielle)
SFBT,Bilan - Passif,Capital social,Capital social,capitalsocial,2016-09-30,2016,9M,120000000.0,1,TND,unite,Estime,augmentation (estimation trimestrielle)
SFBT,Bilan - Passif,Capital social,Capital social,capitalsocial,2017-03-31,2017,T1,125966850.829,1,TND,unite,Estime,augmentation (estimation trimestrielle)
SFBT,Bilan - Passif,Capital social,Capital social,capitalsocial,2017-09-30,2017,9M,,1,TND,unite,Estime,augmentation (estimation trimestrielle)
SFBT,Bilan - Passif,Capital social,Capital social,capitalsocial,2018-03-31,2018,T1,,1,TND,unite,Estime,augmentation (estimation trimestrielle)
SFBT,Bilan - Passif,Capital social,Capital social,capitalsocial,2018-09-30,2018,9M,165000000.0,1,TND,unite,Estime,augmentation (estimation trimestrielle)
SFBT,Bilan - Passif,Capital social,Capital social,capitalsocial,2019-03-31,2019,T1,181408839.779,1,TND,unite,Estime,augmentation (estimation trimestrielle)
SFBT,Bilan - Passif,Capital social,Capital social,capitalsocial,2019-09-30,2019,9M,198000000.0,1,TND,unite,Estime,augmentation (estimation trimestrielle)
SFBT,Bilan - Passif,Capital social,Capital social,capitalsocial,2020-03-31,2020,T1,198000000.0,1,TND,unite,Estime,augmentation (estimation trimestrielle)
SFBT,Bilan - Passif,Capital social,Capital social,capitalsocial,2020-09-30,2020,9M,222750000.0,1,TND,unite,Estime,augmentation (estimation trimestrielle)
SFBT,Bilan - Passif,Capital social,Capital social,capitalsocial,2021-03-31,2021,T1,247500000.0,1,TND,unite,Estime,augmentation (estimation trimestrielle)
SFBT,Bilan - Passif,Capital social,Capital social,capitalsocial,2021-09-30,2021,9M,,1,TND,unite,Estime,augmentation (estimation trimestrielle)
SFBT,Bilan - Passif,Capital social,Capital social,capitalsocial,2022-03-31,2022,T1,,1,TND,unite,Estime,augmentation (estimation trimestrielle)
SFBT,Bilan - Passif,Capital social,Capital social,capitalsocial,2022-09-30,2022,9M,,1,TND,unite,Estime,augmentation (estimation trimestrielle)
SFBT,Bilan - Passif,Capital social,Capital social,capitalsocial,2023-03-31,2023,T1,,1,TND,unite,Estime,augmentation (estimation trimestrielle)
SFBT,Bilan - Passif,Capital social,Capital social,capitalsocial,2023-09-30,2023,9M,247500000.0,1,TND,unite,Estime,augmentation (estimation trimestrielle)
SFBT,Bilan - Passif,Capital social,Capital social,capitalsocial,2024-03-31,2024,T1,257812500.0,1,TND,unite,Estime,augmentation (estimation trimestrielle)
SFBT,Bilan - Passif,Capital social,Capital social,capitalsocial,2024-09-30,2024,9M,268125000.0,1,TND,unite,Estime,augmentation (estimation trimestrielle)
SFBT,Bilan - Passif,Capital social,Capital social,capitalsocial,2025-03-31,2025,T1,268125000.0,1,TND,unite,Estime,augmentation (estimation trimestrielle)
SFBT,Bilan - Passif,Compte spécial d'investissement,Compte spécial d'investissement,comptespecialdinvestissement,2022-03-31,2022,T1,,1,TND,unite,Estime,augmentation (estimation trimestrielle)
SFBT,Bilan - Passif,Compte spécial d'investissement,Compte spécial d'investissement,comptespecialdinvestissement,2022-09-30,2022,9M,,1,TND,unite,Estime,augmentation (estimation trimestrielle)
SFBT,Bilan - Passif,Compte spécial d'investissement,Compte spécial d'investissement,comptespecialdinvestissement,2023-03-31,2023,T1,,1,TND,unite,Estime,augmentation (estimation trimestrielle)
SFBT,Bilan - Passif,Compte spécial d'investissement,Compte spécial d'investissement,comptespecialdinvestissement,2023-09-30,2023,9M,154489082.0,1,TND,unite,Estime,augmentation (estimation trimestrielle)
SFBT,Bilan - Passif,Compte spécial d'investissement,Compte spécial d'investissement,comptespecialdinvestissement,2024-03-31,2024,T1,154570108.0,1,TND,unite,Estime,augmentation (estimation trimestrielle)
SFBT,Bilan - Passif,Compte spécial d'investissement,Compte spécial d'investissement,comptespecialdinvestissement,2024-09-30,2024,9M,154651134.0,1,TND,unite,Estime,augmentation (estimation trimestrielle)
SFBT,Bilan - Passif,Compte spécial d'investissement,Compte spécial d'investissement,comptespecialdinvestissement,2025-03-31,2025,T1,159887457.812,1,TND,unite,Estime,augmentation (estimation trimestrielle)
SFBT,Bilan - Passif,Concours bancaires et autres passifs financiers,Concours bancaires et autres passifs financiers,concoursbancairesetautrespassifsfinanciers,2005-09-30,2005,9M,17487191.903,1,TND,unite,Estime,augmentation (estimation trimestrielle)
SFBT,Bilan - Passif,Concours bancaires et autres passifs financiers,Concours bancaires et autres passifs financiers,concoursbancairesetautrespassifsfinanciers,2006-03-31,2006,T1,24142348.405,1,TND,unite,Estime,augmentation (estimation trimestrielle)
SFBT,Bilan - Passif,Concours bancaires et autres passifs financiers,Concours bancaires et autres passifs financiers,concoursbancairesetautrespassifsfinanciers,2006-09-30,2006,9M,23538178.364,1,TND,unite,Estime,augmentation (estimation trimestrielle)
SFBT,Bilan - Passif,Concours bancaires et autres passifs financiers,Concours bancaires et autres passifs financiers,concoursbancairesetautrespassifsfinanciers,2007-03-31,2007,T1,9853891.215,1,TND,unite,Estime,augmentation (estimation trimestrielle)
SFBT,Bilan - Passif,Concours bancaires et autres passifs financiers,Concours bancaires et autres passifs financiers,concoursbancairesetautrespassifsfinanciers,2007-09-30,2007,9M,8718861.433,1,TND,unite,Estime,augmentation (estimation trimestrielle)
SFBT,Bilan - Passif,Concours bancaires et autres passifs financiers,Concours bancaires et autres passifs financiers,concoursbancairesetautrespassifsfinanciers,2008-03-31,2008,T1,12864371.266,1,TND,unite,Estime,augmentation (estimation trimestrielle)
SFBT,Bilan - Passif,Concours bancaires et autres passifs financiers,Concours bancaires et autres passifs financiers,concoursbancairesetautrespassifsfinanciers,2008-09-30,2008,9M,11809252.697,1,TND,unite,Estime,augmentation (estimation trimestrielle)
SFBT,Bilan - Passif,Concours bancaires et autres passifs financiers,Concours bancaires et autres passifs financiers,concoursbancairesetautrespassifsfinanciers,2009-03-31,2009,T1,10956068.216,1,TND,unite,Estime,augmentation (estimation trimestrielle)
SFBT,Bilan - Passif,Concours bancaires et autres passifs financiers,Concours bancaires et autres passifs financiers,concoursbancairesetautrespassifsfinanciers,2009-09-30,2009,9M,12976797.679,1,TND,unite,Estime,augmentation (estimation trimestrielle)
SFBT,Bilan - Passif,Concours bancaires et autres passifs financiers,Concours bancaires et autres passifs financiers,concoursbancairesetautrespassifsfinanciers,2010-03-31,2010,T1,9304923.896,1,TND,unite,Estime,augmentation (estimation trimestrielle)
SFBT,Bilan - Passif,Concours bancaires et autres passifs financiers,Concours bancaires et autres passifs financiers,concoursbancairesetautrespassifsfinanciers,2010-09-30,2010,9M,13844648.898,1,TND,unite,Estime,augmentation (estimation trimestrielle)
SFBT,Bilan - Passif,Concours bancaires et autres passifs financiers,Concours bancaires et autres passifs financiers,concoursbancairesetautrespassifsfinanciers,2011-03-31,2011,T1,14684808.748,1,TND,unite,Estime,augmentation (estimation trimestrielle)
SFBT,Bilan - Passif,Concours bancaires et autres passifs financiers,Concours bancaires et autres passifs financiers,concoursbancairesetautrespassifsfinanciers,2011-09-30,2011,9M,10703180.4,1,TND,unite,Estime,augmentation (estimation trimestrielle)
SFBT,Bilan - Passif,Concours bancaires et autres passifs financiers,Concours bancaires et autres passifs financiers,concoursbancairesetautrespassifsfinanciers,2012-03-31,2012,T1,13939330.4,1,TND,unite,Estime,augmentation (estimation trimestrielle)
SFBT,Bilan - Passif,Concours bancaires et autres passifs financiers,Concours bancaires et autres passifs financiers,concoursbancairesetautrespassifsfinanciers,2012-09-30,2012,9M,12479281.146,1,TND,unite,Estime,augmentation (estimation trimestrielle)
SFBT,Bilan - Passif,Concours bancaires et autres passifs financiers,Concours bancaires et autres passifs financiers,concoursbancairesetautrespassifsfinanciers,2013-03-31,2013,T1,12356280.766,1,TND,unite,Estime,augmentation (estimation trimestrielle)
SFBT,Bilan - Passif,Concours bancaires et autres passifs financiers,Concours bancaires et autres passifs financiers,concoursbancairesetautrespassifsfinanciers,2013-09-30,2013,9M,14970706.521,1,TND,unite,Estime,augmentation (estimation trimestrielle)
SFBT,Bilan - Passif,Concours bancaires et autres passifs financiers,Concours bancaires et autres passifs financiers,concoursbancairesetautrespassifsfinanciers,2014-03-31,2014,T1,18433064.513,1,TND,unite,Estime,augmentation (estimation trimestrielle)
SFBT,Bilan - Passif,Concours bancaires et autres passifs financiers,Concours bancaires et autres passifs financiers,concoursbancairesetautrespassifsfinanciers,2014-09-30,2014,9M,14068175.904,1,TND,unite,Estime,augmentation (estimation trimestrielle)
SFBT,Bilan - Passif,Concours bancaires et autres passifs financiers,Concours bancaires et autres passifs financiers,concoursbancairesetautrespassifsfinanciers,2015-03-31,2015,T1,11452122.234,1,TND,unite,Estime,augmentation (estimation trimestrielle)
SFBT,Bilan - Passif,Concours bancaires et autres passifs financiers,Concours bancaires et autres passifs financiers,concoursbancairesetautrespassifsfinanciers,2015-09-30,2015,9M,9994112.481,1,TND,unite,Estime,augmentation (estimation trimestrielle)
SFBT,Bilan - Passif,Concours bancaires et autres passifs financiers,Concours bancaires et autres passifs financiers,concoursbancairesetautrespassifsfinanciers,2016-03-31,2016,T1,16395082.554,1,TND,unite,Estime,augmentation (estimation trimestrielle)
SFBT,Bilan - Passif,Concours bancaires et autres passifs financiers,Concours bancaires et autres passifs financiers,concoursbancairesetautrespassifsfinanciers,2016-09-30,2016,9M,15582159.65,1,TND,unite,Estime,augmentation (estimation trimestrielle)
SFBT,Bilan - Passif,Concours bancaires et autres passifs financiers,Concours bancaires et autres passifs financiers,concoursbancairesetautrespassifsfinanciers,2017-03-31,2017,T1,581586.133,1,TND,unite,Estime,augmentation (estimation trimestrielle)
SFBT,Bilan - Passif,Concours bancaires et autres passifs financiers,Concours bancaires et autres passifs financiers,concoursbancairesetautrespassifsfinanciers,2017-09-30,2017,9M,630963.239,1,TND,unite,Estime,augmentation (estimation trimestrielle)
SFBT,Bilan - Passif,Concours bancaires et autres passifs financiers,Concours bancaires et autres passifs financiers,concoursbancairesetautrespassifsfinanciers,2018-03-31,2018,T1,14991934.388,1,TND,unite,Estime,augmentation (estimation trimestrielle)
SFBT,Bilan - Passif,Concours bancaires et autres passifs financiers,Concours bancaires et autres passifs financiers,concoursbancairesetautrespassifsfinanciers,2018-09-30,2018,9M,15277793.714,1,TND,unite,Estime,augmentation (estimation trimestrielle)
SFBT,Bilan - Passif,Concours bancaires et autres passifs financiers,Concours bancaires et autres passifs financiers,concoursbancairesetautrespassifsfinanciers,2019-03-31,2019,T1,15196455.558,1,TND,unite,Estime,augmentation (estimation trimestrielle)
SFBT,Bilan - Passif,Concours bancaires et autres passifs financiers,Concours bancaires et autres passifs financiers,concoursbancairesetautrespassifsfinanciers,2019-09-30,2019,9M,25004069.666,1,TND,unite,Estime,augmentation (estimation trimestrielle)
SFBT,Bilan - Passif,Concours bancaires et autres passifs financiers,Concours bancaires et autres passifs financiers,concoursbancairesetautrespassifsfinanciers,2020-03-31,2020,T1,22108947.341,1,TND,unite,Estime,augmentation (estimation trimestrielle)
SFBT,Bilan - Passif,Concours bancaires et autres passifs financiers,Concours bancaires et autres passifs financiers,concoursbancairesetautrespassifsfinanciers,2020-09-30,2020,9M,14398034.884,1,TND,unite,Estime,augmentation (estimation trimestrielle)
SFBT,Bilan - Passif,Concours bancaires et autres passifs financiers,Concours bancaires et autres passifs financiers,concoursbancairesetautrespassifsfinanciers,2021-03-31,2021,T1,14808723.267,1,TND,unite,Estime,augmentation (estimation trimestrielle)
SFBT,Bilan - Passif,Concours bancaires et autres passifs financiers,Concours bancaires et autres passifs financiers,concoursbancairesetautrespassifsfinanciers,2021-09-30,2021,9M,,1,TND,unite,Estime,augmentation (estimation trimestrielle)
SFBT,Bilan - Passif,Concours bancaires et autres passifs financiers,Concours bancaires et autres passifs financiers,concoursbancairesetautrespassifsfinanciers,2022-03-31,2022,T1,,1,TND,unite,Estime,augmentation (estimation trimestrielle)
SFBT,Bilan - Passif,Concours bancaires et autres passifs financiers,Concours bancaires et autres passifs financiers,concoursbancairesetautrespassifsfinanciers,2022-09-30,2022,9M,,1,TND,unite,Estime,augmentation (estimation trimestrielle)
SFBT,Bilan - Passif,Concours bancaires et autres passifs financiers,Concours bancaires et autres passifs financiers,concoursbancairesetautrespassifsfinanciers,2023-03-31,2023,T1,,1,TND,unite,Estime,augmentation (estimation trimestrielle)
SFBT,Bilan - Passif,Concours bancaires et autres passifs financiers,Concours bancaires et autres passifs financiers,concoursbancairesetautrespassifsfinanciers,2023-09-30,2023,9M,12784988.215,1,TND,unite,Estime,augmentation (estimation trimestrielle)
SFBT,Bilan - Passif,Dettes a l'egard des societés du groupe,Dettes a l'egard des societés du groupe,dettesalegarddessocietesdugroupe,2005-09-30,2005,9M,10067220.0,1,TND,unite,Estime,augmentation (estimation trimestrielle)
SFBT,Bilan - Passif,Dettes a l'egard des societés du groupe,Dettes a l'egard des societés du groupe,dettesalegarddessocietesdugroupe,2006-03-31,2006,T1,8053776.0,1,TND,unite,Estime,augmentation (estimation trimestrielle)
SFBT,Bilan - Passif,Dettes a l'egard des societés du groupe,Dettes a l'egard des societés du groupe,dettesalegarddessocietesdugroupe,2006-09-30,2006,9M,6040332.0,1,TND,unite,Estime,augmentation (estimation trimestrielle)
SFBT,Bilan - Passif,Dettes a l'egard des societés du groupe,Dettes a l'egard des societés du groupe,dettesalegarddessocietesdugroupe,2007-03-31,2007,T1,4026888.0,1,TND,unite,Estime,augmentation (estimation trimestrielle)
SFBT,Bilan - Passif,Emprunts,Emprunts,emprunts,2010-03-31,2010,T1,16402607.107,1,TND,unite,Estime,augmentation (estimation trimestrielle)
SFBT,Bilan - Passif,Emprunts,Emprunts,emprunts,2010-09-30,2010,9M,15386661.501,1,TND,unite,Estime,augmentation (estimation trimestrielle)
SFBT,Bilan - Passif,Emprunts,Emprunts,emprunts,2011-03-31,2011,T1,14370716.001,1,TND,unite,Estime,augmentation (estimation trimestrielle)
SFBT,Bilan - Passif,Emprunts,Emprunts,emprunts,2011-09-30,2011,9M,12547321.141,1,TND,unite,Estime,augmentation (estimation trimestrielle)
SFBT,Bilan - Passif,Emprunts,Emprunts,emprunts,2012-03-31,2012,T1,10723926.141,1,TND,unite,Estime,augmentation (estimation trimestrielle)
SFBT,Bilan - Passif,Emprunts,Emprunts,emprunts,2012-09-30,2012,9M,8876500.158,1,TND,unite,Estime,augmentation (estimation trimestrielle)
SFBT,Bilan - Passif,Emprunts,Emprunts,emprunts,2013-03-31,2013,T1,7029074.158,1,TND,unite,Estime,augmentation (estimation trimestrielle)
SFBT,Bilan - Passif,Emprunts,Emprunts,emprunts,2013-09-30,2013,9M,5143124.501,1,TND,unite,Estime,augmentation (estimation trimestrielle)
SFBT,Bilan - Passif,Emprunts,Emprunts,emprunts,2014-03-31,2014,T1,3257175.001,1,TND,unite,Estime,augmentation (estimation trimestrielle)
SFBT,Bilan - Passif,Emprunts,Emprunts,emprunts,2014-09-30,2014,9M,2445354.752,1,TND,unite,Estime,augmentation (estimation trimestrielle)
SFBT,Bilan - Passif,Emprunts,Emprunts,emprunts,2015-03-31,2015,T1,1633534.503,1,TND,unite,Estime,augmentation (estimation trimestrielle)
SFBT,Bilan - Passif,Fournisseurs et comptes rattachés,Fournisseurs et comptes rattachés,fournisseursetcomptesrattaches,2005-09-30,2005,9M,13533314.745,1,TND,unite,Estime,augmentation (estimation trimestrielle)
SFBT,Bilan - Passif,Fournisseurs et comptes rattachés,Fournisseurs et comptes rattachés,fournisseursetcomptesrattaches,2006-03-31,2006,T1,10001026.046,1,TND,unite,Estime,augmentation (estimation trimestrielle)
SFBT,Bilan - Passif,Fournisseurs et comptes rattachés,Fournisseurs et comptes rattachés,fournisseursetcomptesrattaches,2006-09-30,2006,9M,9097026.499,1,TND,unite,Estime,augmentation (estimation trimestrielle)
SFBT,Bilan - Passif,Fournisseurs et comptes rattachés,Fournisseurs et comptes rattachés,fournisseursetcomptesrattaches,2007-03-31,2007,T1,12406214.167,1,TND,unite,Estime,augmentation (estimation trimestrielle)
SFBT,Bilan - Passif,Fournisseurs et comptes rattachés,Fournisseurs et comptes rattachés,fournisseursetcomptesrattaches,2007-09-30,2007,9M,13637926.211,1,TND,unite,Estime,augmentation (estimation trimestrielle)
SFBT,Bilan - Passif,Fournisseurs et comptes rattachés,Fournisseurs et comptes rattachés,fournisseursetcomptesrattaches,2008-03-31,2008,T1,13943096.246,1,TND,unite,Estime,augmentation (estimation trimestrielle)
SFBT,Bilan - Passif,Fournisseurs et comptes rattachés,Fournisseurs et comptes rattachés,fournisseursetcomptesrattaches,2008-09-30,2008,9M,11715036.546,1,TND,unite,Estime,augmentation (estimation trimestrielle)
SFBT,Bilan - Passif,Fournisseurs et comptes rattachés,Fournisseurs et comptes rattachés,fournisseursetcomptesrattaches,2009-03-31,2009,T1,13755269.765,1,TND,unite,Estime,augmentation (estimation trimestrielle)
SFBT,Bilan - Passif,Fournisseurs et comptes rattachés,Fournisseurs et comptes rattachés,fournisseursetcomptesrattaches,2009-09-30,2009,9M,14096631.19,1,TND,unite,Estime,augmentation (estimation trimestrielle)
SFBT,Bilan - Passif,Fournisseurs et comptes rattachés,Fournisseurs et comptes rattachés,fournisseursetcomptesrattaches,2010-03-31,2010,T1,18750252.209,1,TND,unite,Estime,augmentation (estimation trimestrielle)
SFBT,Bilan - Passif,Fournisseurs et comptes rattachés,Fournisseurs et comptes rattachés,fournisseursetcomptesrattaches,2010-09-30,2010,9M,22572661.678,1,TND,unite,Estime,augmentation (estimation trimestrielle)
SFBT,Bilan - Passif,Fournisseurs et comptes rattachés,Fournisseurs et comptes rattachés,fournisseursetcomptesrattaches,2011-03-31,2011,T1,15991863.87,1,TND,unite,Estime,augmentation (estimation trimestrielle)
SFBT,Bilan - Passif,Fournisseurs et comptes rattachés,Fournisseurs et comptes rattachés,fournisseursetcomptesrattaches,2011-09-30,2011,9M,16526761.536,1,TND,unite,Estime,augmentation (estimation trimestrielle)
SFBT,Bilan - Passif,Fournisseurs et comptes rattachés,Fournisseurs et comptes rattachés,fournisseursetcomptesrattaches,2012-03-31,2012,T1,18454235.536,1,TND,unite,Estime,augmentation (estimation trimestrielle)
SFBT,Bilan - Passif,Fournisseurs et comptes rattachés,Fournisseurs et comptes rattachés,fournisseursetcomptesrattaches,2012-09-30,2012,9M,18878373.462,1,TND,unite,Estime,augmentation (estimation trimestrielle)
SFBT,Bilan - Passif,Fournisseurs et comptes rattachés,Fournisseurs et comptes rattachés,fournisseursetcomptesrattaches,2013-03-31,2013,T1,17827967.359,1,TND,unite,Estime,augmentation (estimation trimestrielle)
SFBT,Bilan - Passif,Fournisseurs et comptes rattachés,Fournisseurs et comptes rattachés,fournisseursetcomptesrattaches,2013-09-30,2013,9M,17071275.235,1,TND,unite,Estime,augmentation (estimation trimestrielle)
SFBT,Bilan - Passif,Fournisseurs et comptes rattachés,Fournisseurs et comptes rattachés,fournisseursetcomptesrattaches,2014-03-31,2014,T1,19340171.766,1,TND,unite,Estime,augmentation (estimation trimestrielle)
SFBT,Bilan - Passif,Fournisseurs et comptes rattachés,Fournisseurs et comptes rattachés,fournisseursetcomptesrattaches,2014-09-30,2014,9M,23990956.356,1,TND,unite,Estime,augmentation (estimation trimestrielle)
SFBT,Bilan - Passif,Fournisseurs et comptes rattachés,Fournisseurs et comptes rattachés,fournisseursetcomptesrattaches,2015-03-31,2015,T1,27904827.197,1,TND,unite,Estime,augmentation (estimation trimestrielle)
SFBT,Bilan - Passif,Fournisseurs et comptes rattachés,Fournisseurs et comptes rattachés,fournisseursetcomptesrattaches,2015-09-30,2015,9M,40423410.682,1,TND,unite,Estime,augmentation (estimation trimestrielle)
SFBT,Bilan - Passif,Fournisseurs et comptes rattachés,Fournisseurs et comptes rattachés,fournisseursetcomptesrattaches,2016-03-31,2016,T1,40142046.17,1,TND,unite,Estime,augmentation (estimation trimestrielle)
SFBT,Bilan - Passif,Fournisseurs et comptes rattachés,Fournisseurs et comptes rattachés,fournisseursetcomptesrattaches,2016-09-30,2016,9M,38009306.637,1,TND,unite,Estime,augmentation (estimation trimestrielle)
SFBT,Bilan - Passif,Fournisseurs et comptes rattachés,Fournisseurs et comptes rattachés,fournisseursetcomptesrattaches,2017-03-31,2017,T1,40504584.033,1,TND,unite,Estime,augmentation (estimation trimestrielle)
SFBT,Bilan - Passif,Fournisseurs et comptes rattachés,Fournisseurs et comptes rattachés,fournisseursetcomptesrattaches,2017-09-30,2017,9M,39448129.265,1,TND,unite,Estime,augmentation (estimation trimestrielle)
SFBT,Bilan - Passif,Fournisseurs et comptes rattachés,Fournisseurs et comptes rattachés,fournisseursetcomptesrattaches,2018-03-31,2018,T1,47059383.382,1,TND,unite,Estime,augmentation (estimation trimestrielle)
SFBT,Bilan - Passif,Fournisseurs et comptes rattachés,Fournisseurs et comptes rattachés,fournisseursetcomptesrattaches,2018-09-30,2018,9M,52158820.213,1,TND,unite,Estime,augmentation (estimation trimestrielle)
SFBT,Bilan - Passif,Fournisseurs et comptes rattachés,Fournisseurs et comptes rattachés,fournisseursetcomptesrattaches,2019-03-31,2019,T1,51668606.776,1,TND,unite,Estime,augmentation (estimation trimestrielle)
SFBT,Bilan - Passif,Fournisseurs et comptes rattachés,Fournisseurs et comptes rattachés,fournisseursetcomptesrattaches,2019-09-30,2019,9M,53574673.334,1,TND,unite,Estime,augmentation (estimation trimestrielle)
SFBT,Bilan - Passif,Fournisseurs et comptes rattachés,Fournisseurs et comptes rattachés,fournisseursetcomptesrattaches,2020-03-31,2020,T1,55585117.683,1,TND,unite,Estime,augmentation (estimation trimestrielle)
SFBT,Bilan - Passif,Fournisseurs et comptes rattachés,Fournisseurs et comptes rattachés,fournisseursetcomptesrattaches,2020-09-30,2020,9M,52488704.913,1,TND,unite,Estime,augmentation (estimation trimestrielle)
SFBT,Bilan - Passif,Fournisseurs et comptes rattachés,Fournisseurs et comptes rattachés,fournisseursetcomptesrattaches,2021-03-31,2021,T1,61977441.033,1,TND,unite,Estime,augmentation (estimation trimestrielle)
SFBT,Bilan - Passif,Fournisseurs et comptes rattachés,Fournisseurs et comptes rattachés,fournisseursetcomptesrattaches,2021-09-30,2021,9M,,1,TND,unite,Estime,augmentation (estimation trimestrielle)
SFBT,Bilan - Passif,Fournisseurs et comptes rattachés,Fournisseurs et comptes rattachés,fournisseursetcomptesrattaches,2022-03-31,2022,T1,,1,TND,unite,Estime,augmentation (estimation trimestrielle)
SFBT,Bilan - Passif,Fournisseurs et comptes rattachés,Fournisseurs et comptes rattachés,fournisseursetcomptesrattaches,2022-09-30,2022,9M,,1,TND,unite,Estime,augmentation (estimation trimestrielle)
SFBT,Bilan - Passif,Fournisseurs et comptes rattachés,Fournisseurs et comptes rattachés,fournisseursetcomptesrattaches,2023-03-31,2023,T1,,1,TND,unite,Estime,augmentation (estimation trimestrielle)
SFBT,Bilan - Passif,Fournisseurs et comptes rattachés,Fournisseurs et comptes rattachés,fournisseursetcomptesrattaches,2023-09-30,2023,9M,58479793.392,1,TND,unite,Estime,augmentation (estimation trimestrielle)
SFBT,Bilan - Passif,Fournisseurs et comptes rattachés,Fournisseurs et comptes rattachés,fournisseursetcomptesrattaches,2024-03-31,2024,T1,73570779.345,1,TND,unite,Estime,augmentation (estimation trimestrielle)
SFBT,Bilan - Passif,Fournisseurs et comptes rattachés,Fournisseurs et comptes rattachés,fournisseursetcomptesrattaches,2024-09-30,2024,9M,85577799.832,1,TND,unite,Estime,augmentation (estimation trimestrielle)
SFBT,Bilan - Passif,Fournisseurs et comptes rattachés,Fournisseurs et comptes rattachés,fournisseursetcomptesrattaches,2025-03-31,2025,T1,87648113.174,1,TND,unite,Estime,augmentation (estimation trimestrielle)
SFBT,Bilan - Passif,Provisions,Provisions,provisions,2005-09-30,2005,9M,1316969.89,1,TND,unite,Estime,augmentation (estimation trimestrielle)
SFBT,Bilan - Passif,Provisions,Provisions,provisions,2006-03-31,2006,T1,936310.221,1,TND,unite,Estime,augmentation (estimation trimestrielle)
SFBT,Bilan - Passif,Provisions,Provisions,provisions,2006-09-30,2006,9M,695989.779,1,TND,unite,Estime,augmentation (estimation trimestrielle)
SFBT,Bilan - Passif,Provisions,Provisions,provisions,2007-03-31,2007,T1,695989.779,1,TND,unite,Estime,augmentation (estimation trimestrielle)
SFBT,Bilan - Passif,Provisions,Provisions,provisions,2007-09-30,2007,9M,1065489.779,1,TND,unite,Estime,augmentation (estimation trimestrielle)
SFBT,Bilan - Passif,Provisions,Provisions,provisions,2008-03-31,2008,T1,1384711.429,1,TND,unite,Estime,augmentation (estimation trimestrielle)
SFBT,Bilan - Passif,Provisions,Provisions,provisions,2008-09-30,2008,9M,1334433.079,1,TND,unite,Estime,augmentation (estimation trimestrielle)
SFBT,Bilan - Passif,Provisions,Provisions,provisions,2009-03-31,2009,T1,1334433.079,1,TND,unite,Estime,augmentation (estimation trimestrielle)
SFBT,Bilan - Passif,Provisions,Provisions,provisions,2009-09-30,2009,9M,1334433.079,1,TND,unite,Estime,augmentation (estimation trimestrielle)
SFBT,Bilan - Passif,Provisions,Provisions,provisions,2010-03-31,2010,T1,1334433.04,1,TND,unite,Estime,augmentation (estimation trimestrielle)
SFBT,Bilan - Passif,Provisions,Provisions,provisions,2010-09-30,2010,9M,1334433.039,1,TND,unite,Estime,augmentation (estimation trimestrielle)
SFBT,Bilan - Passif,Provisions,Provisions,provisions,2011-03-31,2011,T1,1334433.04,1,TND,unite,Estime,augmentation (estimation trimestrielle)
SFBT,Bilan - Passif,Provisions,Provisions,provisions,2011-09-30,2011,9M,2034433.039,1,TND,unite,Estime,augmentation (estimation trimestrielle)
SFBT,Bilan - Passif,Provisions,Provisions,provisions,2012-03-31,2012,T1,2734433.039,1,TND,unite,Estime,augmentation (estimation trimestrielle)
SFBT,Bilan - Passif,Provisions,Provisions,provisions,2012-09-30,2012,9M,2959433.039,1,TND,unite,Estime,augmentation (estimation trimestrielle)
SFBT,Bilan - Passif,Provisions,Provisions,provisions,2013-03-31,2013,T1,3296311.493,1,TND,unite,Estime,augmentation (estimation trimestrielle)
SFBT,Bilan - Passif,Provisions,Provisions,provisions,2013-09-30,2013,9M,3554433.039,1,TND,unite,Estime,augmentation (estimation trimestrielle)
SFBT,Bilan - Passif,Provisions,Provisions,provisions,2014-03-31,2014,T1,3823742.471,1,TND,unite,Estime,augmentation (estimation trimestrielle)
SFBT,Bilan - Passif,Provisions,Provisions,provisions,2014-09-30,2014,9M,4624160.039,1,TND,unite,Estime,augmentation (estimation trimestrielle)
SFBT,Bilan - Passif,Provisions,Provisions,provisions,2015-03-31,2015,T1,5423196.392,1,TND,unite,Estime,augmentation (estimation trimestrielle)
SFBT,Bilan - Passif,Provisions,Provisions,provisions,2015-09-30,2015,9M,5923887.0,1,TND,unite,Estime,augmentation (estimation trimestrielle)
SFBT,Bilan - Passif,Provisions,Provisions,provisions,2016-03-31,2016,T1,6423887.0,1,TND,unite,Estime,augmentation (estimation trimestrielle)
SFBT,Bilan - Passif,Provisions,Provisions,provisions,2016-09-30,2016,9M,7223887.0,1,TND,unite,Estime,augmentation (estimation trimestrielle)
SFBT,Bilan - Passif,Provisions,Provisions,provisions,2017-03-31,2017,T1,7898887.0,1,TND,unite,Estime,augmentation (estimation trimestrielle)
SFBT,Bilan - Passif,Provisions,Provisions,provisions,2017-09-30,2017,9M,9298887.0,1,TND,unite,Estime,augmentation (estimation trimestrielle)
SFBT,Bilan - Passif,Provisions,Provisions,provisions,2018-03-31,2018,T1,10698887.0,1,TND,unite,Estime,augmentation (estimation trimestrielle)
SFBT,Bilan - Passif,Provisions,Provisions,provisions,2018-09-30,2018,9M,12198887.0,1,TND,unite,Estime,augmentation (estimation trimestrielle)
SFBT,Bilan - Passif,Provisions,Provisions,provisions,2019-03-31,2019,T1,13698887.0,1,TND,unite,Estime,augmentation (estimation trimestrielle)
SFBT,Bilan - Passif,Provisions,Provisions,provisions,2019-09-30,2019,9M,13698887.0,1,TND,unite,Estime,augmentation (estimation trimestrielle)
SFBT,Bilan - Passif,Provisions,Provisions,provisions,2020-03-31,2020,T1,13698887.0,1,TND,unite,Estime,augmentation (estimation trimestrielle)
SFBT,Bilan - Passif,Provisions,Provisions,provisions,2020-09-30,2020,9M,13698887.0,1,TND,unite,Estime,augmentation (estimation trimestrielle)
SFBT,Bilan - Passif,Provisions,Provisions,provisions,2021-03-31,2021,T1,13698887.0,1,TND,unite,Estime,augmentation (estimation trimestrielle)
SFBT,Bilan - Passif,Provisions,Provisions,provisions,2021-09-30,2021,9M,,1,TND,unite,Estime,augmentation (estimation trimestrielle)
SFBT,Bilan - Passif,Provisions,Provisions,provisions,2022-03-31,2022,T1,,1,TND,unite,Estime,augmentation (estimation trimestrielle)
SFBT,Bilan - Passif,Provisions,Provisions,provisions,2022-09-30,2022,9M,,1,TND,unite,Estime,augmentation (estimation trimestrielle)
SFBT,Bilan - Passif,Provisions,Provisions,provisions,2023-03-31,2023,T1,,1,TND,unite,Estime,augmentation (estimation trimestrielle)
SFBT,Bilan - Passif,Provisions,Provisions,provisions,2023-09-30,2023,9M,19093749.75,1,TND,unite,Estime,augmentation (estimation trimestrielle)
SFBT,Bilan - Passif,Provisions,Provisions,provisions,2024-03-31,2024,T1,24365033.5,1,TND,unite,Estime,augmentation (estimation trimestrielle)
SFBT,Bilan - Passif,Provisions,Provisions,provisions,2024-09-30,2024,9M,24316151.5,1,TND,unite,Estime,augmentation (estimation trimestrielle)
SFBT,Bilan - Passif,Provisions,Provisions,provisions,2025-03-31,2025,T1,22742347.273,1,TND,unite,Estime,augmentation (estimation trimestrielle)
SFBT,Bilan - Passif,Réserves,Réserves,reserves,2005-09-30,2005,9M,13838771.134,1,TND,unite,Estime,augmentation (estimation trimestrielle)
SFBT,Bilan - Passif,Réserves,Réserves,reserves,2006-03-31,2006,T1,13674682.736,1,TND,unite,Estime,augmentation (estimation trimestrielle)
SFBT,Bilan - Passif,Réserves,Réserves,reserves,2006-09-30,2006,9M,13508771.134,1,TND,unite,Estime,augmentation (estimation trimestrielle)
SFBT,Bilan - Passif,Réserves,Réserves,reserves,2007-03-31,2007,T1,13707666.162,1,TND,unite,Estime,augmentation (estimation trimestrielle)
SFBT,Bilan - Passif,Réserves,Réserves,reserves,2007-09-30,2007,9M,13908771.134,1,TND,unite,Estime,augmentation (estimation trimestrielle)
SFBT,Bilan - Passif,Réserves,Réserves,reserves,2008-03-31,2008,T1,14108771.134,1,TND,unite,Estime,augmentation (estimation trimestrielle)
SFBT,Bilan - Passif,Réserves,Réserves,reserves,2008-09-30,2008,9M,14308771.134,1,TND,unite,Estime,augmentation (estimation trimestrielle)
SFBT,Bilan - Passif,Réserves,Réserves,reserves,2009-03-31,2009,T1,14308771.134,1,TND,unite,Estime,augmentation (estimation trimestrielle)
SFBT,Bilan - Passif,Réserves,Réserves,reserves,2009-09-30,2009,9M,14308771.134,1,TND,unite,Estime,augmentation (estimation trimestrielle)
SFBT,Bilan - Passif,Réserves,Réserves,reserves,2010-03-31,2010,T1,14308771.067,1,TND,unite,Estime,augmentation (estimation trimestrielle)
SFBT,Bilan - Passif,Réserves,Réserves,reserves,2010-09-30,2010,9M,14308771.067,1,TND,unite,Estime,augmentation (estimation trimestrielle)
SFBT,Bilan - Passif,Réserves,Réserves,reserves,2011-03-31,2011,T1,14557389.852,1,TND,unite,Estime,augmentation (estimation trimestrielle)
SFBT,Bilan - Passif,Réserves,Réserves,reserves,2011-09-30,2011,9M,14808771.067,1,TND,unite,Estime,augmentation (estimation trimestrielle)
SFBT,Bilan - Passif,Réserves,Réserves,reserves,2012-03-31,2012,T1,15058771.067,1,TND,unite,Estime,augmentation (estimation trimestrielle)
SFBT,Bilan - Passif,Réserves,Réserves,reserves,2012-09-30,2012,9M,15308771.067,1,TND,unite,Estime,augmentation (estimation trimestrielle)
SFBT,Bilan - Passif,Réserves,Réserves,reserves,2013-03-31,2013,T1,15806008.636,1,TND,unite,Estime,augmentation (estimation trimestrielle)
SFBT,Bilan - Passif,Réserves,Réserves,reserves,2013-09-30,2013,9M,16308771.067,1,TND,unite,Estime,augmentation (estimation trimestrielle)
SFBT,Bilan - Passif,Réserves,Réserves,reserves,2014-03-31,2014,T1,16507666.162,1,TND,unite,Estime,augmentation (estimation trimestrielle)
SFBT,Bilan - Passif,Réserves,Réserves,reserves,2014-09-30,2014,9M,16708771.134,1,TND,unite,Estime,augmentation (estimation trimestrielle)
SFBT,Bilan - Passif,Réserves,Réserves,reserves,2015-03-31,2015,T1,17206008.703,1,TND,unite,Estime,augmentation (estimation trimestrielle)
SFBT,Bilan - Passif,Réserves,Réserves,reserves,2015-09-30,2015,9M,17708771.134,1,TND,unite,Estime,augmentation (estimation trimestrielle)
SFBT,Bilan - Passif,Réserves,Réserves,reserves,2016-03-31,2016,T1,18458771.134,1,TND,unite,Estime,augmentation (estimation trimestrielle)
SFBT,Bilan - Passif,Réserves,Réserves,reserves,2016-09-30,2016,9M,19208771.134,1,TND,unite,Estime,augmentation (estimation trimestrielle)
SFBT,Bilan - Passif,Réserves,Réserves,reserves,2017-03-31,2017,T1,19954627.488,1,TND,unite,Estime,augmentation (estimation trimestrielle)
SFBT,Bilan - Passif,Réserves,Réserves,reserves,2017-09-30,2017,9M,20708771.134,1,TND,unite,Estime,augmentation (estimation trimestrielle)
SFBT,Bilan - Passif,Réserves,Réserves,reserves,2018-03-31,2018,T1,21305456.217,1,TND,unite,Estime,augmentation (estimation trimestrielle)
SFBT,Bilan - Passif,Réserves,Réserves,reserves,2018-09-30,2018,9M,21908771.134,1,TND,unite,Estime,augmentation (estimation trimestrielle)
SFBT,Bilan - Passif,Réserves,Réserves,reserves,2019-03-31,2019,T1,23549655.112,1,TND,unite,Estime,augmentation (estimation trimestrielle)
SFBT,Bilan - Passif,Réserves,Réserves,reserves,2019-09-30,2019,9M,25208771.134,1,TND,unite,Estime,augmentation (estimation trimestrielle)
SFBT,Bilan - Passif,Réserves,Réserves,reserves,2020-03-31,2020,T1,25208771.134,1,TND,unite,Estime,augmentation (estimation trimestrielle)
SFBT,Bilan - Passif,Réserves,Réserves,reserves,2020-09-30,2020,9M,26858771.134,1,TND,unite,Estime,augmentation (estimation trimestrielle)
SFBT,Bilan - Passif,Réserves,Réserves,reserves,2021-03-31,2021,T1,30970097.101,1,TND,unite,Estime,augmentation (estimation trimestrielle)
SFBT,Bilan - Passif,Réserves légales,Réserves légales,reserveslegales,2022-03-31,2022,T1,,1,TND,unite,Estime,augmentation (estimation trimestrielle)
SFBT,Bilan - Passif,Réserves légales,Réserves légales,reserveslegales,2022-09-30,2022,9M,,1,TND,unite,Estime,augmentation (estimation trimestrielle)
SFBT,Bilan - Passif,Réserves légales,Réserves légales,reserveslegales,2023-03-31,2023,T1,,1,TND,unite,Estime,augmentation (estimation trimestrielle)
SFBT,Bilan - Passif,Réserves légales,Réserves légales,reserveslegales,2023-09-30,2023,9M,24750000.0,1,TND,unite,Estime,augmentation (estimation trimestrielle)
SFBT,Bilan - Passif,Réserves légales,Réserves légales,reserveslegales,2024-03-31,2024,T1,24750000.0,1,TND,unite,Estime,augmentation (estimation trimestrielle)
SFBT,Bilan - Passif,Réserves légales,Réserves légales,reserveslegales,2024-09-30,2024,9M,24750000.0,1,TND,unite,Estime,augmentation (estimation trimestrielle)
SFBT,Bilan - Passif,Réserves légales,Réserves légales,reserveslegales,2025-03-31,2025,T1,25775552.486,1,TND,unite,Estime,augmentation (estimation trimestrielle)
SFBT,Bilan - Passif,Résultat net de la période,Résultat net de la période,resultatnetdelexercice,2005-09-30,2005,9M,30929860.431,1,TND,unite,Estime,augmentation (estimation trimestrielle)
SFBT,Bilan - Passif,Résultat net de la période,Résultat net de la période,resultatnetdelexercice,2006-03-31,2006,T1,33014999.794,1,TND,unite,Estime,augmentation (estimation trimestrielle)
SFBT,Bilan - Passif,Résultat net de la période,Résultat net de la période,resultatnetdelexercice,2006-09-30,2006,9M,33376294.447,1,TND,unite,Estime,augmentation (estimation trimestrielle)
SFBT,Bilan - Passif,Résultat net de la période,Résultat net de la période,resultatnetdelexercice,2007-03-31,2007,T1,34546763.304,1,TND,unite,Estime,augmentation (estimation trimestrielle)
SFBT,Bilan - Passif,Résultat net de la période,Résultat net de la période,resultatnetdelexercice,2007-09-30,2007,9M,38156660.38,1,TND,unite,Estime,augmentation (estimation trimestrielle)
SFBT,Bilan - Passif,Résultat net de la période,Résultat net de la période,resultatnetdelexercice,2008-03-31,2008,T1,39293241.289,1,TND,unite,Estime,augmentation (estimation trimestrielle)
SFBT,Bilan - Passif,Résultat net de la période,Résultat net de la période,resultatnetdelexercice,2008-09-30,2008,9M,41546569.633,1,TND,unite,Estime,augmentation (estimation trimestrielle)
SFBT,Bilan - Passif,Résultat net de la période,Résultat net de la période,resultatnetdelexercice,2009-03-31,2009,T1,42579687.798,1,TND,unite,Estime,augmentation (estimation trimestrielle)
SFBT,Bilan - Passif,Résultat net de la période,Résultat net de la période,resultatnetdelexercice,2009-09-30,2009,9M,42767194.624,1,TND,unite,Estime,augmentation (estimation trimestrielle)
SFBT,Bilan - Passif,Résultat net de la période,Résultat net de la période,resultatnetdelexercice,2010-03-31,2010,T1,44162948.444,1,TND,unite,Estime,augmentation (estimation trimestrielle)
SFBT,Bilan - Passif,Résultat net de la période,Résultat net de la période,resultatnetdelexercice,2010-09-30,2010,9M,42688898.609,1,TND,unite,Estime,augmentation (estimation trimestrielle)
SFBT,Bilan - Passif,Résultat net de la période,Résultat net de la période,resultatnetdelexercice,2011-03-31,2011,T1,45874602.944,1,TND,unite,Estime,augmentation (estimation trimestrielle)
SFBT,Bilan - Passif,Résultat net de la période,Résultat net de la période,resultatnetdelexercice,2011-09-30,2011,9M,46464477.693,1,TND,unite,Estime,augmentation (estimation trimestrielle)
SFBT,Bilan - Passif,Résultat net de la période,Résultat net de la période,resultatnetdelexercice,2012-03-31,2012,T1,48235871.693,1,TND,unite,Estime,augmentation (estimation trimestrielle)
SFBT,Bilan - Passif,Résultat net de la période,Résultat net de la période,resultatnetdelexercice,2012-09-30,2012,9M,49163472.374,1,TND,unite,Estime,augmentation (estimation trimestrielle)
SFBT,Bilan - Passif,Résultat net de la période,Résultat net de la période,resultatnetdelexercice,2013-03-31,2013,T1,60231136.237,1,TND,unite,Estime,augmentation (estimation trimestrielle)
SFBT,Bilan - Passif,Résultat net de la période,Résultat net de la période,resultatnetdelexercice,2013-09-30,2013,9M,69193164.141,1,TND,unite,Estime,augmentation (estimation trimestrielle)
SFBT,Bilan - Passif,Résultat net de la période,Résultat net de la période,resultatnetdelexercice,2014-03-31,2014,T1,72349034.497,1,TND,unite,Estime,augmentation (estimation trimestrielle)
SFBT,Bilan - Passif,Résultat net de la période,Résultat net de la période,resultatnetdelexercice,2014-09-30,2014,9M,78025959.188,1,TND,unite,Estime,augmentation (estimation trimestrielle)
SFBT,Bilan - Passif,Résultat net de la période,Résultat net de la période,resultatnetdelexercice,2015-03-31,2015,T1,79955022.277,1,TND,unite,Estime,augmentation (estimation trimestrielle)
SFBT,Bilan - Passif,Résultat net de la période,Résultat net de la période,resultatnetdelexercice,2015-09-30,2015,9M,85438909.767,1,TND,unite,Estime,augmentation (estimation trimestrielle)
SFBT,Bilan - Passif,Résultat net de la période,Résultat net de la période,resultatnetdelexercice,2016-03-31,2016,T1,88968987.743,1,TND,unite,Estime,augmentation (estimation trimestrielle)
SFBT,Bilan - Passif,Résultat net de la période,Résultat net de la période,resultatnetdelexercice,2016-09-30,2016,9M,94831616.882,1,TND,unite,Estime,augmentation (estimation trimestrielle)
SFBT,Bilan - Passif,Résultat net de la période,Résultat net de la période,resultatnetdelexercice,2017-03-31,2017,T1,98408177.261,1,TND,unite,Estime,augmentation (estimation trimestrielle)
SFBT,Bilan - Passif,Résultat net de la période,Résultat net de la période,resultatnetdelexercice,2017-09-30,2017,9M,103385820.641,1,TND,unite,Estime,augmentation (estimation trimestrielle)
SFBT,Bilan - Passif,Résultat net de la période,Résultat net de la période,resultatnetdelexercice,2018-03-31,2018,T1,111037871.891,1,TND,unite,Estime,augmentation (estimation trimestrielle)
SFBT,Bilan - Passif,Résultat net de la période,Résultat net de la période,resultatnetdelexercice,2018-09-30,2018,9M,116390644.364,1,TND,unite,Estime,augmentation (estimation trimestrielle)
SFBT,Bilan - Passif,Résultat net de la période,Résultat net de la période,resultatnetdelexercice,2019-03-31,2019,T1,119145614.874,1,TND,unite,Estime,augmentation (estimation trimestrielle)
SFBT,Bilan - Passif,Résultat net de la période,Résultat net de la période,resultatnetdelexercice,2019-09-30,2019,9M,134723153.883,1,TND,unite,Estime,augmentation (estimation trimestrielle)
SFBT,Bilan - Passif,Résultat net de la période,Résultat net de la période,resultatnetdelexercice,2020-03-31,2020,T1,134906768.338,1,TND,unite,Estime,augmentation (estimation trimestrielle)
SFBT,Bilan - Passif,Résultat net de la période,Résultat net de la période,resultatnetdelexercice,2020-09-30,2020,9M,158933569.977,1,TND,unite,Estime,augmentation (estimation trimestrielle)
SFBT,Bilan - Passif,Résultat net de la période,Résultat net de la période,resultatnetdelexercice,2021-03-31,2021,T1,165635637.76,1,TND,unite,Estime,augmentation (estimation trimestrielle)
SFBT,Bilan - Passif,Résultat net de la période,Résultat net de la période,resultatnetdelexercice,2021-09-30,2021,9M,,1,TND,unite,Estime,augmentation (estimation trimestrielle)
SFBT,Bilan - Passif,Résultat net de la période,Résultat net de la période,resultatnetdelexercice,2022-03-31,2022,T1,,1,TND,unite,Estime,augmentation (estimation trimestrielle)
SFBT,Bilan - Passif,Résultat net de la période,Résultat net de la période,resultatnetdelexercice,2022-09-30,2022,9M,,1,TND,unite,Estime,augmentation (estimation trimestrielle)
SFBT,Bilan - Passif,Résultat net de la période,Résultat net de la période,resultatnetdelexercice,2023-03-31,2023,T1,,1,TND,unite,Estime,augmentation (estimation trimestrielle)
SFBT,Bilan - Passif,Résultat net de la période,Résultat net de la période,resultatnetdelexercice,2023-09-30,2023,9M,201793678.882,1,TND,unite,Estime,augmentation (estimation trimestrielle)
SFBT,Bilan - Passif,Résultat net de la période,Résultat net de la période,resultatnetdelexercice,2024-03-31,2024,T1,203999435.667,1,TND,unite,Estime,augmentation (estimation trimestrielle)
SFBT,Bilan - Passif,Résultat net de la période,Résultat net de la période,resultatnetdelexercice,2024-09-30,2024,9M,198124199.124,1,TND,unite,Estime,augmentation (estimation trimestrielle)
SFBT,Bilan - Passif,Résultat net de la période,Résultat net de la période,resultatnetdelexercice,2025-03-31,2025,T1,205828290.501,1,TND,unite,Estime,augmentation (estimation trimestrielle)
SFBT,Bilan - Passif,Résultats reportés,Résultats reportés,resultatsreportes,2005-09-30,2005,9M,25715822.711,1,TND,unite,Estime,augmentation (estimation trimestrielle)
SFBT,Bilan - Passif,Résultats reportés,Résultats reportés,resultatsreportes,2006-03-31,2006,T1,28090429.73,1,TND,unite,Estime,augmentation (estimation trimestrielle)
SFBT,Bilan - Passif,Résultats reportés,Résultats reportés,resultatsreportes,2006-09-30,2006,9M,30491421.272,1,TND,unite,Estime,augmentation (estimation trimestrielle)
SFBT,Bilan - Passif,Résultats reportés,Résultats reportés,resultatsreportes,2007-03-31,2007,T1,33583468.271,1,TND,unite,Estime,augmentation (estimation trimestrielle)
SFBT,Bilan - Passif,Résultats reportés,Résultats reportés,resultatsreportes,2007-09-30,2007,9M,36709871.348,1,TND,unite,Estime,augmentation (estimation trimestrielle)
SFBT,Bilan - Passif,Résultats reportés,Résultats reportés,resultatsreportes,2008-03-31,2008,T1,42566132.277,1,TND,unite,Estime,augmentation (estimation trimestrielle)
SFBT,Bilan - Passif,Résultats reportés,Résultats reportés,resultatsreportes,2008-09-30,2008,9M,48422393.206,1,TND,unite,Estime,augmentation (estimation trimestrielle)
SFBT,Bilan - Passif,Résultats reportés,Résultats reportés,resultatsreportes,2009-03-31,2009,T1,55989940.549,1,TND,unite,Estime,augmentation (estimation trimestrielle)
SFBT,Bilan - Passif,Résultats reportés,Résultats reportés,resultatsreportes,2009-09-30,2009,9M,63641571.751,1,TND,unite,Estime,augmentation (estimation trimestrielle)
SFBT,Bilan - Passif,Résultats reportés,Résultats reportés,resultatsreportes,2010-03-31,2010,T1,66711874.637,1,TND,unite,Estime,augmentation (estimation trimestrielle)
SFBT,Bilan - Passif,Résultats reportés,Résultats reportés,resultatsreportes,2010-09-30,2010,9M,69816291.811,1,TND,unite,Estime,augmentation (estimation trimestrielle)
SFBT,Bilan - Passif,Résultats reportés,Résultats reportés,resultatsreportes,2011-03-31,2011,T1,72935012.087,1,TND,unite,Estime,augmentation (estimation trimestrielle)
SFBT,Bilan - Passif,Résultats reportés,Résultats reportés,resultatsreportes,2011-09-30,2011,9M,76088384.921,1,TND,unite,Estime,augmentation (estimation trimestrielle)
SFBT,Bilan - Passif,Résultats reportés,Résultats reportés,resultatsreportes,2012-03-31,2012,T1,78317069.921,1,TND,unite,Estime,augmentation (estimation trimestrielle)
SFBT,Bilan - Passif,Résultats reportés,Résultats reportés,resultatsreportes,2012-09-30,2012,9M,80545755.115,1,TND,unite,Estime,augmentation (estimation trimestrielle)
SFBT,Bilan - Passif,Résultats reportés,Résultats reportés,resultatsreportes,2013-03-31,2013,T1,78761951.137,1,TND,unite,Estime,augmentation (estimation trimestrielle)
SFBT,Bilan - Passif,Résultats reportés,Résultats reportés,resultatsreportes,2013-09-30,2013,9M,76958326.988,1,TND,unite,Estime,augmentation (estimation trimestrielle)
SFBT,Bilan - Passif,Résultats reportés,Résultats reportés,resultatsreportes,2014-03-31,2014,T1,81093564.078,1,TND,unite,Estime,augmentation (estimation trimestrielle)
SFBT,Bilan - Passif,Résultats reportés,Résultats reportés,resultatsreportes,2014-09-30,2014,9M,85274748.259,1,TND,unite,Estime,augmentation (estimation trimestrielle)
SFBT,Bilan - Passif,Résultats reportés,Résultats reportés,resultatsreportes,2015-03-31,2015,T1,89880780.008,1,TND,unite,Estime,augmentation (estimation trimestrielle)
SFBT,Bilan - Passif,Résultats reportés,Résultats reportés,resultatsreportes,2015-09-30,2015,9M,94537989.888,1,TND,unite,Estime,augmentation (estimation trimestrielle)
SFBT,Bilan - Passif,Résultats reportés,Résultats reportés,resultatsreportes,2016-03-31,2016,T1,99520488.3,1,TND,unite,Estime,augmentation (estimation trimestrielle)
SFBT,Bilan - Passif,Résultats reportés,Résultats reportés,resultatsreportes,2016-09-30,2016,9M,104502986.712,1,TND,unite,Estime,augmentation (estimation trimestrielle)
SFBT,Bilan - Passif,Résultats reportés,Résultats reportés,resultatsreportes,2017-03-31,2017,T1,111409743.393,1,TND,unite,Estime,augmentation (estimation trimestrielle)
SFBT,Bilan - Passif,Résultats reportés,Résultats reportés,resultatsreportes,2017-09-30,2017,9M,118393241.814,1,TND,unite,Estime,augmentation (estimation trimestrielle)
SFBT,Bilan - Passif,Résultats reportés,Résultats reportés,resultatsreportes,2018-03-31,2018,T1,119748937.093,1,TND,unite,Estime,augmentation (estimation trimestrielle)
SFBT,Bilan - Passif,Résultats reportés,Résultats reportés,resultatsreportes,2018-09-30,2018,9M,121119695.653,1,TND,unite,Estime,augmentation (estimation trimestrielle)
SFBT,Bilan - Passif,Résultats reportés,Résultats reportés,resultatsreportes,2019-03-31,2019,T1,116089410.972,1,TND,unite,Estime,augmentation (estimation trimestrielle)
SFBT,Bilan - Passif,Résultats reportés,Résultats reportés,resultatsreportes,2019-09-30,2019,9M,111003234.238,1,TND,unite,Estime,augmentation (estimation trimestrielle)
SFBT,Bilan - Passif,Résultats reportés,Résultats reportés,resultatsreportes,2020-03-31,2020,T1,111003234.238,1,TND,unite,Estime,augmentation (estimation trimestrielle)
SFBT,Bilan - Passif,Résultats reportés,Résultats reportés,resultatsreportes,2020-09-30,2020,9M,104051592.243,1,TND,unite,Estime,augmentation (estimation trimestrielle)
SFBT,Bilan - Passif,Résultats reportés,Résultats reportés,resultatsreportes,2021-03-31,2021,T1,106651954.188,1,TND,unite,Estime,augmentation (estimation trimestrielle)
SFBT,Bilan - Passif,Résultats reportés,Résultats reportés,resultatsreportes,2021-09-30,2021,9M,,1,TND,unite,Estime,augmentation (estimation trimestrielle)
SFBT,Bilan - Passif,Résultats reportés,Résultats reportés,resultatsreportes,2022-03-31,2022,T1,,1,TND,unite,Estime,augmentation (estimation trimestrielle)
SFBT,Bilan - Passif,Résultats reportés,Résultats reportés,resultatsreportes,2022-09-30,2022,9M,,1,TND,unite,Estime,augmentation (estimation trimestrielle)
SFBT,Bilan - Passif,Résultats reportés,Résultats reportés,resultatsreportes,2023-03-31,2023,T1,,1,TND,unite,Estime,augmentation (estimation trimestrielle)
SFBT,Bilan - Passif,Résultats reportés,Résultats reportés,resultatsreportes,2023-09-30,2023,9M,211522942.793,1,TND,unite,Estime,augmentation (estimation trimestrielle)
SFBT,Bilan - Passif,Résultats reportés,Résultats reportés,resultatsreportes,2024-03-31,2024,T1,228690026.589,1,TND,unite,Estime,augmentation (estimation trimestrielle)
SFBT,Bilan - Passif,Résultats reportés,Résultats reportés,resultatsreportes,2024-09-30,2024,9M,245864697.235,1,TND,unite,Estime,augmentation (estimation trimestrielle)
SFBT,Bilan - Passif,Résultats reportés,Résultats reportés,resultatsreportes,2025-03-31,2025,T1,258349849.928,1,TND,unite,Estime,augmentation (estimation trimestrielle)
SFBT,Bilan - Passif,Total des capitaux propres avant affectation,Total des capitaux propres avant affectation,totaldescapitauxpropresavantaffectation,2005-09-30,2005,9M,128768791.111,1,TND,unite,Estime,augmentation (estimation trimestrielle)
SFBT,Bilan - Passif,Total des capitaux propres avant affectation,Total des capitaux propres avant affectation,totaldescapitauxpropresavantaffectation,2006-03-31,2006,T1,135662454.383,1,TND,unite,Estime,augmentation (estimation trimestrielle)
SFBT,Bilan - Passif,Total des capitaux propres avant affectation,Total des capitaux propres avant affectation,totaldescapitauxpropresavantaffectation,2006-09-30,2006,9M,142248222.725,1,TND,unite,Estime,augmentation (estimation trimestrielle)
SFBT,Bilan - Passif,Total des capitaux propres avant affectation,Total des capitaux propres avant affectation,totaldescapitauxpropresavantaffectation,2007-03-31,2007,T1,148973321.029,1,TND,unite,Estime,augmentation (estimation trimestrielle)
SFBT,Bilan - Passif,Total des capitaux propres avant affectation,Total des capitaux propres avant affectation,totaldescapitauxpropresavantaffectation,2007-09-30,2007,9M,156314668.484,1,TND,unite,Estime,augmentation (estimation trimestrielle)
SFBT,Bilan - Passif,Total des capitaux propres avant affectation,Total des capitaux propres avant affectation,totaldescapitauxpropresavantaffectation,2008-03-31,2008,T1,163331226.734,1,TND,unite,Estime,augmentation (estimation trimestrielle)
SFBT,Bilan - Passif,Total des capitaux propres avant affectation,Total des capitaux propres avant affectation,totaldescapitauxpropresavantaffectation,2008-09-30,2008,9M,171640816.007,1,TND,unite,Estime,augmentation (estimation trimestrielle)
SFBT,Bilan - Passif,Total des capitaux propres avant affectation,Total des capitaux propres avant affectation,totaldescapitauxpropresavantaffectation,2009-03-31,2009,T1,180241481.515,1,TND,unite,Estime,augmentation (estimation trimestrielle)
SFBT,Bilan - Passif,Total des capitaux propres avant affectation,Total des capitaux propres avant affectation,totaldescapitauxpropresavantaffectation,2009-09-30,2009,9M,190413952.543,1,TND,unite,Estime,augmentation (estimation trimestrielle)
SFBT,Bilan - Passif,Total des capitaux propres avant affectation,Total des capitaux propres avant affectation,totaldescapitauxpropresavantaffectation,2010-03-31,2010,T1,200439817.304,1,TND,unite,Estime,augmentation (estimation trimestrielle)
SFBT,Bilan - Passif,Total des capitaux propres avant affectation,Total des capitaux propres avant affectation,totaldescapitauxpropresavantaffectation,2010-09-30,2010,9M,209832394.505,1,TND,unite,Estime,augmentation (estimation trimestrielle)
SFBT,Bilan - Passif,Total des capitaux propres avant affectation,Total des capitaux propres avant affectation,totaldescapitauxpropresavantaffectation,2011-03-31,2011,T1,220885322.9,1,TND,unite,Estime,augmentation (estimation trimestrielle)
SFBT,Bilan - Passif,Total des capitaux propres avant affectation,Total des capitaux propres avant affectation,totaldescapitauxpropresavantaffectation,2011-09-30,2011,9M,232798564.199,1,TND,unite,Estime,augmentation (estimation trimestrielle)
SFBT,Bilan - Passif,Total des capitaux propres avant affectation,Total des capitaux propres avant affectation,totaldescapitauxpropresavantaffectation,2012-03-31,2012,T1,244967255.699,1,TND,unite,Estime,augmentation (estimation trimestrielle)
SFBT,Bilan - Passif,Total des capitaux propres avant affectation,Total des capitaux propres avant affectation,totaldescapitauxpropresavantaffectation,2012-09-30,2012,9M,260781949.072,1,TND,unite,Estime,augmentation (estimation trimestrielle)
SFBT,Bilan - Passif,Total des capitaux propres avant affectation,Total des capitaux propres avant affectation,totaldescapitauxpropresavantaffectation,2013-03-31,2013,T1,283302153.807,1,TND,unite,Estime,augmentation (estimation trimestrielle)
SFBT,Bilan - Passif,Total des capitaux propres avant affectation,Total des capitaux propres avant affectation,totaldescapitauxpropresavantaffectation,2013-09-30,2013,9M,305951131.714,1,TND,unite,Estime,augmentation (estimation trimestrielle)
SFBT,Bilan - Passif,Total des capitaux propres avant affectation,Total des capitaux propres avant affectation,totaldescapitauxpropresavantaffectation,2014-03-31,2014,T1,328094571.771,1,TND,unite,Estime,augmentation (estimation trimestrielle)
SFBT,Bilan - Passif,Total des capitaux propres avant affectation,Total des capitaux propres avant affectation,totaldescapitauxpropresavantaffectation,2014-09-30,2014,9M,351344133.115,1,TND,unite,Estime,augmentation (estimation trimestrielle)
SFBT,Bilan - Passif,Total des capitaux propres avant affectation,Total des capitaux propres avant affectation,totaldescapitauxpropresavantaffectation,2015-03-31,2015,T1,371549906.945,1,TND,unite,Estime,augmentation (estimation trimestrielle)
SFBT,Bilan - Passif,Total des capitaux propres avant affectation,Total des capitaux propres avant affectation,totaldescapitauxpropresavantaffectation,2015-09-30,2015,9M,393681326.248,1,TND,unite,Estime,augmentation (estimation trimestrielle)
SFBT,Bilan - Passif,Total des capitaux propres avant affectation,Total des capitaux propres avant affectation,totaldescapitauxpropresavantaffectation,2016-03-31,2016,T1,414448556.061,1,TND,unite,Estime,augmentation (estimation trimestrielle)
SFBT,Bilan - Passif,Total des capitaux propres avant affectation,Total des capitaux propres avant affectation,totaldescapitauxpropresavantaffectation,2016-09-30,2016,9M,444162803.612,1,TND,unite,Estime,augmentation (estimation trimestrielle)
SFBT,Bilan - Passif,Total des capitaux propres avant affectation,Total des capitaux propres avant affectation,totaldescapitauxpropresavantaffectation,2017-03-31,2017,T1,473511097.025,1,TND,unite,Estime,augmentation (estimation trimestrielle)
SFBT,Bilan - Passif,Total des capitaux propres avant affectation,Total des capitaux propres avant affectation,totaldescapitauxpropresavantaffectation,2017-09-30,2017,9M,508153923.473,1,TND,unite,Estime,augmentation (estimation trimestrielle)
SFBT,Bilan - Passif,Total des capitaux propres avant affectation,Total des capitaux propres avant affectation,totaldescapitauxpropresavantaffectation,2018-03-31,2018,T1,540569896.969,1,TND,unite,Estime,augmentation (estimation trimestrielle)
SFBT,Bilan - Passif,Total des capitaux propres avant affectation,Total des capitaux propres avant affectation,totaldescapitauxpropresavantaffectation,2018-09-30,2018,9M,576560091.035,1,TND,unite,Estime,augmentation (estimation trimestrielle)
SFBT,Bilan - Passif,Total des capitaux propres avant affectation,Total des capitaux propres avant affectation,totaldescapitauxpropresavantaffectation,2019-03-31,2019,T1,603695185.842,1,TND,unite,Estime,augmentation (estimation trimestrielle)
SFBT,Bilan - Passif,Total des capitaux propres avant affectation,Total des capitaux propres avant affectation,totaldescapitauxpropresavantaffectation,2019-09-30,2019,9M,643216731.714,1,TND,unite,Estime,augmentation (estimation trimestrielle)
SFBT,Bilan - Passif,Total des capitaux propres avant affectation,Total des capitaux propres avant affectation,totaldescapitauxpropresavantaffectation,2020-03-31,2020,T1,747305932.733,1,TND,unite,Estime,augmentation (estimation trimestrielle)
SFBT,Bilan - Passif,Total des capitaux propres avant affectation,Total des capitaux propres avant affectation,totaldescapitauxpropresavantaffectation,2020-09-30,2020,9M,767321386.36,1,TND,unite,Estime,augmentation (estimation trimestrielle)
SFBT,Bilan - Passif,Total des capitaux propres avant affectation,Total des capitaux propres avant affectation,totaldescapitauxpropresavantaffectation,2021-03-31,2021,T1,705490917.049,1,TND,unite,Estime,augmentation (estimation trimestrielle)
SFBT,Bilan - Passif,Total des capitaux propres avant affectation,Total des capitaux propres avant affectation,totaldescapitauxpropresavantaffectation,2021-09-30,2021,9M,,1,TND,unite,Estime,augmentation (estimation trimestrielle)
SFBT,Bilan - Passif,Total des capitaux propres avant affectation,Total des capitaux propres avant affectation,totaldescapitauxpropresavantaffectation,2022-03-31,2022,T1,,1,TND,unite,Estime,augmentation (estimation trimestrielle)
SFBT,Bilan - Passif,Total des capitaux propres avant affectation,Total des capitaux propres avant affectation,totaldescapitauxpropresavantaffectation,2022-09-30,2022,9M,,1,TND,unite,Estime,augmentation (estimation trimestrielle)
SFBT,Bilan - Passif,Total des capitaux propres avant affectation,Total des capitaux propres avant affectation,totaldescapitauxpropresavantaffectation,2023-03-31,2023,T1,,1,TND,unite,Estime,augmentation (estimation trimestrielle)
SFBT,Bilan - Passif,Total des capitaux propres avant affectation,Total des capitaux propres avant affectation,totaldescapitauxpropresavantaffectation,2023-09-30,2023,9M,848857614.48,1,TND,unite,Estime,augmentation (estimation trimestrielle)
SFBT,Bilan - Passif,Total des capitaux propres avant affectation,Total des capitaux propres avant affectation,totaldescapitauxpropresavantaffectation,2024-03-31,2024,T1,878447649.794,1,TND,unite,Estime,augmentation (estimation trimestrielle)
SFBT,Bilan - Passif,Total des capitaux propres avant affectation,Total des capitaux propres avant affectation,totaldescapitauxpropresavantaffectation,2024-09-30,2024,9M,905231285.463,1,TND,unite,Estime,augmentation (estimation trimestrielle)
SFBT,Bilan - Passif,Total des capitaux propres avant affectation,Total des capitaux propres avant affectation,totaldescapitauxpropresavantaffectation,2025-03-31,2025,T1,931573181.421,1,TND,unite,Estime,augmentation (estimation trimestrielle)
SFBT,Bilan - Passif,Total des capitaux propres avant résultat de l'exercice,Total des capitaux propres avant résultat de l'exercice,totaldescapitauxpropresavantresultatdelexercice,2005-09-30,2005,9M,97838930.679,1,TND,unite,Estime,augmentation (estimation trimestrielle)
SFBT,Bilan - Passif,Total des capitaux propres avant résultat de l'exercice,Total des capitaux propres avant résultat de l'exercice,totaldescapitauxpropresavantresultatdelexercice,2006-03-31,2006,T1,102647454.589,1,TND,unite,Estime,augmentation (estimation trimestrielle)
SFBT,Bilan - Passif,Total des capitaux propres avant résultat de l'exercice,Total des capitaux propres avant résultat de l'exercice,totaldescapitauxpropresavantresultatdelexercice,2006-09-30,2006,9M,106985078.278,1,TND,unite,Estime,augmentation (estimation trimestrielle)
SFBT,Bilan - Passif,Total des capitaux propres avant résultat de l'exercice,Total des capitaux propres avant résultat de l'exercice,totaldescapitauxpropresavantresultatdelexercice,2007-03-31,2007,T1,112529283.139,1,TND,unite,Estime,augmentation (estimation trimestrielle)
SFBT,Bilan - Passif,Total des capitaux propres avant résultat de l'exercice,Total des capitaux propres avant résultat de l'exercice,totaldescapitauxpropresavantresultatdelexercice,2007-09-30,2007,9M,118158008.104,1,TND,unite,Estime,augmentation (estimation trimestrielle)
SFBT,Bilan - Passif,Total des capitaux propres avant résultat de l'exercice,Total des capitaux propres avant résultat de l'exercice,totaldescapitauxpropresavantresultatdelexercice,2008-03-31,2008,T1,124037985.445,1,TND,unite,Estime,augmentation (estimation trimestrielle)
SFBT,Bilan - Passif,Total des capitaux propres avant résultat de l'exercice,Total des capitaux propres avant résultat de l'exercice,totaldescapitauxpropresavantresultatdelexercice,2008-09-30,2008,9M,130094246.374,1,TND,unite,Estime,augmentation (estimation trimestrielle)
SFBT,Bilan - Passif,Total des capitaux propres avant résultat de l'exercice,Total des capitaux propres avant résultat de l'exercice,totaldescapitauxpropresavantresultatdelexercice,2009-03-31,2009,T1,137661793.717,1,TND,unite,Estime,augmentation (estimation trimestrielle)
SFBT,Bilan - Passif,Total des capitaux propres avant résultat de l'exercice,Total des capitaux propres avant résultat de l'exercice,totaldescapitauxpropresavantresultatdelexercice,2009-09-30,2009,9M,145313424.919,1,TND,unite,Estime,augmentation (estimation trimestrielle)
SFBT,Bilan - Passif,Total des capitaux propres avant résultat de l'exercice,Total des capitaux propres avant résultat de l'exercice,totaldescapitauxpropresavantresultatdelexercice,2010-03-31,2010,T1,153930644.517,1,TND,unite,Estime,augmentation (estimation trimestrielle)
SFBT,Bilan - Passif,Total des capitaux propres avant résultat de l'exercice,Total des capitaux propres avant résultat de l'exercice,totaldescapitauxpropresavantresultatdelexercice,2010-09-30,2010,9M,162643610.896,1,TND,unite,Estime,augmentation (estimation trimestrielle)
SFBT,Bilan - Passif,Total des capitaux propres avant résultat de l'exercice,Total des capitaux propres avant résultat de l'exercice,totaldescapitauxpropresavantresultatdelexercice,2011-03-31,2011,T1,170485973.713,1,TND,unite,Estime,augmentation (estimation trimestrielle)
SFBT,Bilan - Passif,Total des capitaux propres avant résultat de l'exercice,Total des capitaux propres avant résultat de l'exercice,totaldescapitauxpropresavantresultatdelexercice,2011-09-30,2011,9M,178415474.005,1,TND,unite,Estime,augmentation (estimation trimestrielle)
SFBT,Bilan - Passif,Total des capitaux propres avant résultat de l'exercice,Total des capitaux propres avant résultat de l'exercice,totaldescapitauxpropresavantresultatdelexercice,2012-03-31,2012,T1,188812771.505,1,TND,unite,Estime,augmentation (estimation trimestrielle)
SFBT,Bilan - Passif,Total des capitaux propres avant résultat de l'exercice,Total des capitaux propres avant résultat de l'exercice,totaldescapitauxpropresavantresultatdelexercice,2012-09-30,2012,9M,199210069.199,1,TND,unite,Estime,augmentation (estimation trimestrielle)
SFBT,Bilan - Passif,Total des capitaux propres avant résultat de l'exercice,Total des capitaux propres avant résultat de l'exercice,totaldescapitauxpropresavantresultatdelexercice,2013-03-31,2013,T1,210594055.332,1,TND,unite,Estime,augmentation (estimation trimestrielle)
SFBT,Bilan - Passif,Total des capitaux propres avant résultat de l'exercice,Total des capitaux propres avant résultat de l'exercice,totaldescapitauxpropresavantresultatdelexercice,2013-09-30,2013,9M,222104530.072,1,TND,unite,Estime,augmentation (estimation trimestrielle)
SFBT,Bilan - Passif,Total des capitaux propres avant résultat de l'exercice,Total des capitaux propres avant résultat de l'exercice,totaldescapitauxpropresavantresultatdelexercice,2014-03-31,2014,T1,241011141.555,1,TND,unite,Estime,augmentation (estimation trimestrielle)
SFBT,Bilan - Passif,Total des capitaux propres avant résultat de l'exercice,Total des capitaux propres avant résultat de l'exercice,totaldescapitauxpropresavantresultatdelexercice,2014-09-30,2014,9M,259975826.427,1,TND,unite,Estime,augmentation (estimation trimestrielle)
SFBT,Bilan - Passif,Total des capitaux propres avant résultat de l'exercice,Total des capitaux propres avant résultat de l'exercice,totaldescapitauxpropresavantresultatdelexercice,2015-03-31,2015,T1,278178822.541,1,TND,unite,Estime,augmentation (estimation trimestrielle)
SFBT,Bilan - Passif,Total des capitaux propres avant résultat de l'exercice,Total des capitaux propres avant résultat de l'exercice,totaldescapitauxpropresavantresultatdelexercice,2015-09-30,2015,9M,296742316.481,1,TND,unite,Estime,augmentation (estimation trimestrielle)
SFBT,Bilan - Passif,Total des capitaux propres avant résultat de l'exercice,Total des capitaux propres avant résultat de l'exercice,totaldescapitauxpropresavantresultatdelexercice,2016-03-31,2016,T1,313979468.318,1,TND,unite,Estime,augmentation (estimation trimestrielle)
SFBT,Bilan - Passif,Total des capitaux propres avant résultat de l'exercice,Total des capitaux propres avant résultat de l'exercice,totaldescapitauxpropresavantresultatdelexercice,2016-09-30,2016,9M,331178066.73,1,TND,unite,Estime,augmentation (estimation trimestrielle)
SFBT,Bilan - Passif,Total des capitaux propres avant résultat de l'exercice,Total des capitaux propres avant résultat de l'exercice,totaldescapitauxpropresavantresultatdelexercice,2017-03-31,2017,T1,356849506.283,1,TND,unite,Estime,augmentation (estimation trimestrielle)
SFBT,Bilan - Passif,Total des capitaux propres avant résultat de l'exercice,Total des capitaux propres avant résultat de l'exercice,totaldescapitauxpropresavantresultatdelexercice,2017-09-30,2017,9M,382797352.832,1,TND,unite,Estime,augmentation (estimation trimestrielle)
SFBT,Bilan - Passif,Total des capitaux propres avant résultat de l'exercice,Total des capitaux propres avant résultat de l'exercice,totaldescapitauxpropresavantresultatdelexercice,2018-03-31,2018,T1,407439889.719,1,TND,unite,Estime,augmentation (estimation trimestrielle)
SFBT,Bilan - Passif,Total des capitaux propres avant résultat de l'exercice,Total des capitaux propres avant résultat de l'exercice,totaldescapitauxpropresavantresultatdelexercice,2018-09-30,2018,9M,431989921.671,1,TND,unite,Estime,augmentation (estimation trimestrielle)
SFBT,Bilan - Passif,Total des capitaux propres avant résultat de l'exercice,Total des capitaux propres avant résultat de l'exercice,totaldescapitauxpropresavantresultatdelexercice,2019-03-31,2019,T1,456214357.984,1,TND,unite,Estime,augmentation (estimation trimestrielle)
SFBT,Bilan - Passif,Total des capitaux propres avant résultat de l'exercice,Total des capitaux propres avant résultat de l'exercice,totaldescapitauxpropresavantresultatdelexercice,2019-09-30,2019,9M,480864182.831,1,TND,unite,Estime,augmentation (estimation trimestrielle)
SFBT,Bilan - Passif,Total des capitaux propres avant résultat de l'exercice,Total des capitaux propres avant résultat de l'exercice,totaldescapitauxpropresavantresultatdelexercice,2020-03-31,2020,T1,584769769.395,1,TND,unite,Estime,augmentation (estimation trimestrielle)
SFBT,Bilan - Passif,Total des capitaux propres avant résultat de l'exercice,Total des capitaux propres avant résultat de l'exercice,totaldescapitauxpropresavantresultatdelexercice,2020-09-30,2020,9M,608387816.383,1,TND,unite,Estime,augmentation (estimation trimestrielle)
SFBT,Bilan - Passif,Total des capitaux propres avant résultat de l'exercice,Total des capitaux propres avant résultat de l'exercice,totaldescapitauxpropresavantresultatdelexercice,2021-03-31,2021,T1,539855279.289,1,TND,unite,Estime,augmentation (estimation trimestrielle)
SFBT,Bilan - Passif,Total des capitaux propres avant résultat de l'exercice,Total des capitaux propres avant résultat de l'exercice,totaldescapitauxpropresavantresultatdelexercice,2021-09-30,2021,9M,,1,TND,unite,Estime,augmentation (estimation trimestrielle)
SFBT,Bilan - Passif,Total des capitaux propres avant résultat de l'exercice,Total des capitaux propres avant résultat de l'exercice,totaldescapitauxpropresavantresultatdelexercice,2022-03-31,2022,T1,,1,TND,unite,Estime,augmentation (estimation trimestrielle)
SFBT,Bilan - Passif,Total des capitaux propres avant résultat de l'exercice,Total des capitaux propres avant résultat de l'exercice,totaldescapitauxpropresavantresultatdelexercice,2022-09-30,2022,9M,,1,TND,unite,Estime,augmentation (estimation trimestrielle)
SFBT,Bilan - Passif,Total des capitaux propres avant résultat de l'exercice,Total des capitaux propres avant résultat de l'exercice,totaldescapitauxpropresavantresultatdelexercice,2023-03-31,2023,T1,,1,TND,unite,Estime,augmentation (estimation trimestrielle)
SFBT,Bilan - Passif,Total des capitaux propres avant résultat de l'exercice,Total des capitaux propres avant résultat de l'exercice,totaldescapitauxpropresavantresultatdelexercice,2023-09-30,2023,9M,646982909.597,1,TND,unite,Estime,augmentation (estimation trimestrielle)
SFBT,Bilan - Passif,Total des capitaux propres avant résultat de l'exercice,Total des capitaux propres avant résultat de l'exercice,totaldescapitauxpropresavantresultatdelexercice,2024-03-31,2024,T1,674367188.128,1,TND,unite,Estime,augmentation (estimation trimestrielle)
SFBT,Bilan - Passif,Total des capitaux propres avant résultat de l'exercice,Total des capitaux propres avant résultat de l'exercice,totaldescapitauxpropresavantresultatdelexercice,2024-09-30,2024,9M,701841671.839,1,TND,unite,Estime,augmentation (estimation trimestrielle)
SFBT,Bilan - Passif,Total des capitaux propres avant résultat de l'exercice,Total des capitaux propres avant résultat de l'exercice,totaldescapitauxpropresavantresultatdelexercice,2025-03-31,2025,T1,720450385.733,1,TND,unite,Estime,augmentation (estimation trimestrielle)
SFBT,Bilan - Passif,Total des capitaux propres et des passifs,Total des capitaux propres et des passifs,totaldescapitauxpropresetdespassifs,2005-09-30,2005,9M,213460678.555,1,TND,unite,Estime,augmentation (estimation trimestrielle)
SFBT,Bilan - Passif,Total des capitaux propres et des passifs,Total des capitaux propres et des passifs,totaldescapitauxpropresetdespassifs,2006-03-31,2006,T1,222252055.058,1,TND,unite,Estime,augmentation (estimation trimestrielle)
SFBT,Bilan - Passif,Total des capitaux propres et des passifs,Total des capitaux propres et des passifs,totaldescapitauxpropresetdespassifs,2006-09-30,2006,9M,225846046.29,1,TND,unite,Estime,augmentation (estimation trimestrielle)
SFBT,Bilan - Passif,Total des capitaux propres et des passifs,Total des capitaux propres et des passifs,totaldescapitauxpropresetdespassifs,2007-03-31,2007,T1,227574587.218,1,TND,unite,Estime,augmentation (estimation trimestrielle)
SFBT,Bilan - Passif,Total des capitaux propres et des passifs,Total des capitaux propres et des passifs,totaldescapitauxpropresetdespassifs,2007-09-30,2007,9M,235386143.28,1,TND,unite,Estime,augmentation (estimation trimestrielle)
SFBT,Bilan - Passif,Total des capitaux propres et des passifs,Total des capitaux propres et des passifs,totaldescapitauxpropresetdespassifs,2008-03-31,2008,T1,247898600.98,1,TND,unite,Estime,augmentation (estimation trimestrielle)
SFBT,Bilan - Passif,Total des capitaux propres et des passifs,Total des capitaux propres et des passifs,totaldescapitauxpropresetdespassifs,2008-09-30,2008,9M,252615773.641,1,TND,unite,Estime,augmentation (estimation trimestrielle)
SFBT,Bilan - Passif,Total des capitaux propres et des passifs,Total des capitaux propres et des passifs,totaldescapitauxpropresetdespassifs,2009-03-31,2009,T1,263243188.023,1,TND,unite,Estime,augmentation (estimation trimestrielle)
SFBT,Bilan - Passif,Total des capitaux propres et des passifs,Total des capitaux propres et des passifs,totaldescapitauxpropresetdespassifs,2009-09-30,2009,9M,286226001.96,1,TND,unite,Estime,augmentation (estimation trimestrielle)
SFBT,Bilan - Passif,Total des capitaux propres et des passifs,Total des capitaux propres et des passifs,totaldescapitauxpropresetdespassifs,2010-03-31,2010,T1,299947210.689,1,TND,unite,Estime,augmentation (estimation trimestrielle)
SFBT,Bilan - Passif,Total des capitaux propres et des passifs,Total des capitaux propres et des passifs,totaldescapitauxpropresetdespassifs,2010-09-30,2010,9M,318019215.806,1,TND,unite,Estime,augmentation (estimation trimestrielle)
SFBT,Bilan - Passif,Total des capitaux propres et des passifs,Total des capitaux propres et des passifs,totaldescapitauxpropresetdespassifs,2011-03-31,2011,T1,336076590.579,1,TND,unite,Estime,augmentation (estimation trimestrielle)
SFBT,Bilan - Passif,Total des capitaux propres et des passifs,Total des capitaux propres et des passifs,totaldescapitauxpropresetdespassifs,2011-09-30,2011,9M,345533046.978,1,TND,unite,Estime,augmentation (estimation trimestrielle)
SFBT,Bilan - Passif,Total des capitaux propres et des passifs,Total des capitaux propres et des passifs,totaldescapitauxpropresetdespassifs,2012-03-31,2012,T1,373951325.478,1,TND,unite,Estime,augmentation (estimation trimestrielle)
SFBT,Bilan - Passif,Total des capitaux propres et des passifs,Total des capitaux propres et des passifs,totaldescapitauxpropresetdespassifs,2012-09-30,2012,9M,389070435.035,1,TND,unite,Estime,augmentation (estimation trimestrielle)
SFBT,Bilan - Passif,Total des capitaux propres et des passifs,Total des capitaux propres et des passifs,totaldescapitauxpropresetdespassifs,2013-03-31,2013,T1,394373741.61,1,TND,unite,Estime,augmentation (estimation trimestrielle)
SFBT,Bilan - Passif,Total des capitaux propres et des passifs,Total des capitaux propres et des passifs,totaldescapitauxpropresetdespassifs,2013-09-30,2013,9M,424474137.612,1,TND,unite,Estime,augmentation (estimation trimestrielle)
SFBT,Bilan - Passif,Total des capitaux propres et des passifs,Total des capitaux propres et des passifs,totaldescapitauxpropresetdespassifs,2014-03-31,2014,T1,450927922.464,1,TND,unite,Estime,augmentation (estimation trimestrielle)
SFBT,Bilan - Passif,Total des capitaux propres et des passifs,Total des capitaux propres et des passifs,totaldescapitauxpropresetdespassifs,2014-09-30,2014,9M,476558629.526,1,TND,unite,Estime,augmentation (estimation trimestrielle)
SFBT,Bilan - Passif,Total des capitaux propres et des passifs,Total des capitaux propres et des passifs,totaldescapitauxpropresetdespassifs,2015-03-31,2015,T1,501101974.599,1,TND,unite,Estime,augmentation (estimation trimestrielle)
SFBT,Bilan - Passif,Total des capitaux propres et des passifs,Total des capitaux propres et des passifs,totaldescapitauxpropresetdespassifs,2015-09-30,2015,9M,534220783.049,1,TND,unite,Estime,augmentation (estimation trimestrielle)
SFBT,Bilan - Passif,Total des capitaux propres et des passifs,Total des capitaux propres et des passifs,totaldescapitauxpropresetdespassifs,2016-03-31,2016,T1,554317944.776,1,TND,unite,Estime,augmentation (estimation trimestrielle)
SFBT,Bilan - Passif,Total des capitaux propres et des passifs,Total des capitaux propres et des passifs,totaldescapitauxpropresetdespassifs,2016-09-30,2016,9M,594263891.171,1,TND,unite,Estime,augmentation (estimation trimestrielle)
SFBT,Bilan - Passif,Total des capitaux propres et des passifs,Total des capitaux propres et des passifs,totaldescapitauxpropresetdespassifs,2017-03-31,2017,T1,621237390.954,1,TND,unite,Estime,augmentation (estimation trimestrielle)
SFBT,Bilan - Passif,Total des capitaux propres et des passifs,Total des capitaux propres et des passifs,totaldescapitauxpropresetdespassifs,2017-09-30,2017,9M,656396375.517,1,TND,unite,Estime,augmentation (estimation trimestrielle)
SFBT,Bilan - Passif,Total des capitaux propres et des passifs,Total des capitaux propres et des passifs,totaldescapitauxpropresetdespassifs,2018-03-31,2018,T1,722463131.13,1,TND,unite,Estime,augmentation (estimation trimestrielle)
SFBT,Bilan - Passif,Total des capitaux propres et des passifs,Total des capitaux propres et des passifs,totaldescapitauxpropresetdespassifs,2018-09-30,2018,9M,771312788.847,1,TND,unite,Estime,augmentation (estimation trimestrielle)
SFBT,Bilan - Passif,Total des capitaux propres et des passifs,Total des capitaux propres et des passifs,totaldescapitauxpropresetdespassifs,2019-03-31,2019,T1,810787789.868,1,TND,unite,Estime,augmentation (estimation trimestrielle)
SFBT,Bilan - Passif,Total des capitaux propres et des passifs,Total des capitaux propres et des passifs,totaldescapitauxpropresetdespassifs,2019-09-30,2019,9M,870219563.387,1,TND,unite,Estime,augmentation (estimation trimestrielle)
SFBT,Bilan - Passif,Total des capitaux propres et des passifs,Total des capitaux propres et des passifs,totaldescapitauxpropresetdespassifs,2020-03-31,2020,T1,979395796.133,1,TND,unite,Estime,augmentation (estimation trimestrielle)
SFBT,Bilan - Passif,Total des capitaux propres et des passifs,Total des capitaux propres et des passifs,totaldescapitauxpropresetdespassifs,2020-09-30,2020,9M,1008272578.176,1,TND,unite,Estime,augmentation (estimation trimestrielle)
SFBT,Bilan - Passif,Total des capitaux propres et des passifs,Total des capitaux propres et des passifs,totaldescapitauxpropresetdespassifs,2021-03-31,2021,T1,966700605.159,1,TND,unite,Estime,augmentation (estimation trimestrielle)
SFBT,Bilan - Passif,Total des capitaux propres et des passifs,Total des capitaux propres et des passifs,totaldescapitauxpropresetdespassifs,2021-09-30,2021,9M,,1,TND,unite,Estime,augmentation (estimation trimestrielle)
SFBT,Bilan - Passif,Total des capitaux propres et des passifs,Total des capitaux propres et des passifs,totaldescapitauxpropresetdespassifs,2022-03-31,2022,T1,,1,TND,unite,Estime,augmentation (estimation trimestrielle)
SFBT,Bilan - Passif,Total des capitaux propres et des passifs,Total des capitaux propres et des passifs,totaldescapitauxpropresetdespassifs,2022-09-30,2022,9M,,1,TND,unite,Estime,augmentation (estimation trimestrielle)
SFBT,Bilan - Passif,Total des capitaux propres et des passifs,Total des capitaux propres et des passifs,totaldescapitauxpropresetdespassifs,2023-03-31,2023,T1,,1,TND,unite,Estime,augmentation (estimation trimestrielle)
SFBT,Bilan - Passif,Total des capitaux propres et des passifs,Total des capitaux propres et des passifs,totaldescapitauxpropresetdespassifs,2023-09-30,2023,9M,1127813714.256,1,TND,unite,Estime,augmentation (estimation trimestrielle)
SFBT,Bilan - Passif,Total des capitaux propres et des passifs,Total des capitaux propres et des passifs,totaldescapitauxpropresetdespassifs,2024-03-31,2024,T1,1178999292.832,1,TND,unite,Estime,augmentation (estimation trimestrielle)
SFBT,Bilan - Passif,Total des capitaux propres et des passifs,Total des capitaux propres et des passifs,totaldescapitauxpropresetdespassifs,2024-09-30,2024,9M,1233802671.355,1,TND,unite,Estime,augmentation (estimation trimestrielle)
SFBT,Bilan - Passif,Total des capitaux propres et des passifs,Total des capitaux propres et des passifs,totaldescapitauxpropresetdespassifs,2025-03-31,2025,T1,1266158247.682,1,TND,unite,Estime,augmentation (estimation trimestrielle)
SFBT,Bilan - Passif,Total des passifs,Total des passifs,totaldespassifs,2005-09-30,2005,9M,84691887.444,1,TND,unite,Estime,augmentation (estimation trimestrielle)
SFBT,Bilan - Passif,Total des passifs,Total des passifs,totaldespassifs,2006-03-31,2006,T1,86589600.674,1,TND,unite,Estime,augmentation (estimation trimestrielle)
SFBT,Bilan - Passif,Total des passifs,Total des passifs,totaldespassifs,2006-09-30,2006,9M,83597823.565,1,TND,unite,Estime,augmentation (estimation trimestrielle)
SFBT,Bilan - Passif,Total des passifs,Total des passifs,totaldespassifs,2007-03-31,2007,T1,78601266.188,1,TND,unite,Estime,augmentation (estimation trimestrielle)
SFBT,Bilan - Passif,Total des passifs,Total des passifs,totaldespassifs,2007-09-30,2007,9M,79071474.796,1,TND,unite,Estime,augmentation (estimation trimestrielle)
SFBT,Bilan - Passif,Total des passifs,Total des passifs,totaldespassifs,2008-03-31,2008,T1,84567374.246,1,TND,unite,Estime,augmentation (estimation trimestrielle)
SFBT,Bilan - Passif,Total des passifs,Total des passifs,totaldespassifs,2008-09-30,2008,9M,80974957.635,1,TND,unite,Estime,augmentation (estimation trimestrielle)
SFBT,Bilan - Passif,Total des passifs,Total des passifs,totaldespassifs,2009-03-31,2009,T1,83001706.508,1,TND,unite,Estime,augmentation (estimation trimestrielle)
SFBT,Bilan - Passif,Total des passifs,Total des passifs,totaldespassifs,2009-09-30,2009,9M,95812049.417,1,TND,unite,Estime,augmentation (estimation trimestrielle)
SFBT,Bilan - Passif,Total des passifs,Total des passifs,totaldespassifs,2010-03-31,2010,T1,99507393.385,1,TND,unite,Estime,augmentation (estimation trimestrielle)
SFBT,Bilan - Passif,Total des passifs,Total des passifs,totaldespassifs,2010-09-30,2010,9M,108186821.301,1,TND,unite,Estime,augmentation (estimation trimestrielle)
SFBT,Bilan - Passif,Total des passifs,Total des passifs,totaldespassifs,2011-03-31,2011,T1,115191267.679,1,TND,unite,Estime,augmentation (estimation trimestrielle)
SFBT,Bilan - Passif,Total des passifs,Total des passifs,totaldespassifs,2011-09-30,2011,9M,112734482.78,1,TND,unite,Estime,augmentation (estimation trimestrielle)
SFBT,Bilan - Passif,Total des passifs,Total des passifs,totaldespassifs,2012-03-31,2012,T1,128984069.78,1,TND,unite,Estime,augmentation (estimation trimestrielle)
SFBT,Bilan - Passif,Total des passifs,Total des passifs,totaldespassifs,2012-09-30,2012,9M,128288485.963,1,TND,unite,Estime,augmentation (estimation trimestrielle)
SFBT,Bilan - Passif,Total des passifs,Total des passifs,totaldespassifs,2013-03-31,2013,T1,111071587.803,1,TND,unite,Estime,augmentation (estimation trimestrielle)
SFBT,Bilan - Passif,Total des passifs,Total des passifs,totaldespassifs,2013-09-30,2013,9M,118523005.898,1,TND,unite,Estime,augmentation (estimation trimestrielle)
SFBT,Bilan - Passif,Total des passifs,Total des passifs,totaldespassifs,2014-03-31,2014,T1,122833350.693,1,TND,unite,Estime,augmentation (estimation trimestrielle)
SFBT,Bilan - Passif,Total des passifs,Total des passifs,totaldespassifs,2014-09-30,2014,9M,125214496.411,1,TND,unite,Estime,augmentation (estimation trimestrielle)
SFBT,Bilan - Passif,Total des passifs,Total des passifs,totaldespassifs,2015-03-31,2015,T1,129552067.654,1,TND,unite,Estime,augmentation (estimation trimestrielle)
SFBT,Bilan - Passif,Total des passifs,Total des passifs,totaldespassifs,2015-09-30,2015,9M,140539456.801,1,TND,unite,Estime,augmentation (estimation trimestrielle)
SFBT,Bilan - Passif,Total des passifs,Total des passifs,totaldespassifs,2016-03-31,2016,T1,139869388.715,1,TND,unite,Estime,augmentation (estimation trimestrielle)
SFBT,Bilan - Passif,Total des passifs,Total des passifs,totaldespassifs,2016-09-30,2016,9M,150101087.558,1,TND,unite,Estime,augmentation (estimation trimestrielle)
SFBT,Bilan - Passif,Total des passifs,Total des passifs,totaldespassifs,2017-03-31,2017,T1,147726293.93,1,TND,unite,Estime,augmentation (estimation trimestrielle)
SFBT,Bilan - Passif,Total des passifs,Total des passifs,totaldespassifs,2017-09-30,2017,9M,148242452.044,1,TND,unite,Estime,augmentation (estimation trimestrielle)
SFBT,Bilan - Passif,Total des passifs,Total des passifs,totaldespassifs,2018-03-31,2018,T1,181893234.161,1,TND,unite,Estime,augmentation (estimation trimestrielle)
SFBT,Bilan - Passif,Total des passifs,Total des passifs,totaldespassifs,2018-09-30,2018,9M,194752697.812,1,TND,unite,Estime,augmentation (estimation trimestrielle)
SFBT,Bilan - Passif,Total des passifs,Total des passifs,totaldespassifs,2019-03-31,2019,T1,207092604.026,1,TND,unite,Estime,augmentation (estimation trimestrielle)
SFBT,Bilan - Passif,Total des passifs,Total des passifs,totaldespassifs,2019-09-30,2019,9M,227002831.673,1,TND,unite,Estime,augmentation (estimation trimestrielle)
SFBT,Bilan - Passif,Total des passifs,Total des passifs,totaldespassifs,2020-03-31,2020,T1,232089863.4,1,TND,unite,Estime,augmentation (estimation trimestrielle)
SFBT,Bilan - Passif,Total des passifs,Total des passifs,totaldespassifs,2020-09-30,2020,9M,240951191.816,1,TND,unite,Estime,augmentation (estimation trimestrielle)
SFBT,Bilan - Passif,Total des passifs,Total des passifs,totaldespassifs,2021-03-31,2021,T1,261209688.11,1,TND,unite,Estime,augmentation (estimation trimestrielle)
SFBT,Bilan - Passif,Total des passifs,Total des passifs,totaldespassifs,2021-09-30,2021,9M,,1,TND,unite,Estime,augmentation (estimation trimestrielle)
SFBT,Bilan - Passif,Total des passifs,Total des passifs,totaldespassifs,2022-03-31,2022,T1,,1,TND,unite,Estime,augmentation (estimation trimestrielle)
SFBT,Bilan - Passif,Total des passifs,Total des passifs,totaldespassifs,2022-09-30,2022,9M,,1,TND,unite,Estime,augmentation (estimation trimestrielle)
SFBT,Bilan - Passif,Total des passifs,Total des passifs,totaldespassifs,2023-03-31,2023,T1,,1,TND,unite,Estime,augmentation (estimation trimestrielle)
SFBT,Bilan - Passif,Total des passifs,Total des passifs,totaldespassifs,2023-09-30,2023,9M,278956099.776,1,TND,unite,Estime,augmentation (estimation trimestrielle)
SFBT,Bilan - Passif,Total des passifs,Total des passifs,totaldespassifs,2024-03-31,2024,T1,300551643.038,1,TND,unite,Estime,augmentation (estimation trimestrielle)
SFBT,Bilan - Passif,Total des passifs,Total des passifs,totaldespassifs,2024-09-30,2024,9M,328571385.892,1,TND,unite,Estime,augmentation (estimation trimestrielle)
SFBT,Bilan - Passif,Total des passifs,Total des passifs,totaldespassifs,2025-03-31,2025,T1,334585066.26,1,TND,unite,Estime,augmentation (estimation trimestrielle)
SFBT,Bilan - Passif,Total des passifs courants,Total des passifs courants,totaldespassifscourants,2005-09-30,2005,9M,47994779.448,1,TND,unite,Estime,augmentation (estimation trimestrielle)
SFBT,Bilan - Passif,Total des passifs courants,Total des passifs courants,totaldespassifscourants,2006-03-31,2006,T1,51529162.402,1,TND,unite,Estime,augmentation (estimation trimestrielle)
SFBT,Bilan - Passif,Total des passifs courants,Total des passifs courants,totaldespassifscourants,2006-09-30,2006,9M,50143470.766,1,TND,unite,Estime,augmentation (estimation trimestrielle)
SFBT,Bilan - Passif,Total des passifs courants,Total des passifs courants,totaldespassifscourants,2007-03-31,2007,T1,46692566.106,1,TND,unite,Estime,augmentation (estimation trimestrielle)
SFBT,Bilan - Passif,Total des passifs courants,Total des passifs courants,totaldespassifscourants,2007-09-30,2007,9M,48427653.992,1,TND,unite,Estime,augmentation (estimation trimestrielle)
SFBT,Bilan - Passif,Total des passifs courants,Total des passifs courants,totaldespassifscourants,2008-03-31,2008,T1,55013529.807,1,TND,unite,Estime,augmentation (estimation trimestrielle)
SFBT,Bilan - Passif,Total des passifs courants,Total des passifs courants,totaldespassifscourants,2008-09-30,2008,9M,50934090.86,1,TND,unite,Estime,augmentation (estimation trimestrielle)
SFBT,Bilan - Passif,Total des passifs courants,Total des passifs courants,totaldespassifscourants,2009-03-31,2009,T1,52499202.736,1,TND,unite,Estime,augmentation (estimation trimestrielle)
SFBT,Bilan - Passif,Total des passifs courants,Total des passifs courants,totaldespassifscourants,2009-09-30,2009,9M,56440032.126,1,TND,unite,Estime,augmentation (estimation trimestrielle)
SFBT,Bilan - Passif,Total des passifs courants,Total des passifs courants,totaldespassifscourants,2010-03-31,2010,T1,51158153.599,1,TND,unite,Estime,augmentation (estimation trimestrielle)
SFBT,Bilan - Passif,Total des passifs courants,Total des passifs courants,totaldespassifscourants,2010-09-30,2010,9M,59958715.997,1,TND,unite,Estime,augmentation (estimation trimestrielle)
SFBT,Bilan - Passif,Total des passifs courants,Total des passifs courants,totaldespassifscourants,2011-03-31,2011,T1,67047983.765,1,TND,unite,Estime,augmentation (estimation trimestrielle)
SFBT,Bilan - Passif,Total des passifs courants,Total des passifs courants,totaldespassifscourants,2011-09-30,2011,9M,64663872.817,1,TND,unite,Estime,augmentation (estimation trimestrielle)
SFBT,Bilan - Passif,Total des passifs courants,Total des passifs courants,totaldespassifscourants,2012-03-31,2012,T1,80545109.317,1,TND,unite,Estime,augmentation (estimation trimestrielle)
SFBT,Bilan - Passif,Total des passifs courants,Total des passifs courants,totaldespassifscourants,2012-09-30,2012,9M,79708426.547,1,TND,unite,Estime,augmentation (estimation trimestrielle)
SFBT,Bilan - Passif,Total des passifs courants,Total des passifs courants,totaldespassifscourants,2013-03-31,2013,T1,62956396.147,1,TND,unite,Estime,augmentation (estimation trimestrielle)
SFBT,Bilan - Passif,Total des passifs courants,Total des passifs courants,totaldespassifscourants,2013-09-30,2013,9M,71358449.244,1,TND,unite,Estime,augmentation (estimation trimestrielle)
SFBT,Bilan - Passif,Total des passifs courants,Total des passifs courants,totaldespassifscourants,2014-03-31,2014,T1,76332029.365,1,TND,unite,Estime,augmentation (estimation trimestrielle)
SFBT,Bilan - Passif,Total des passifs courants,Total des passifs courants,totaldespassifscourants,2014-09-30,2014,9M,77488091.611,1,TND,unite,Estime,augmentation (estimation trimestrielle)
SFBT,Bilan - Passif,Total des passifs courants,Total des passifs courants,totaldespassifscourants,2015-03-31,2015,T1,80693867.276,1,TND,unite,Estime,augmentation (estimation trimestrielle)
SFBT,Bilan - Passif,Total des passifs courants,Total des passifs courants,totaldespassifscourants,2015-09-30,2015,9M,90654189.377,1,TND,unite,Estime,augmentation (estimation trimestrielle)
SFBT,Bilan - Passif,Total des passifs courants,Total des passifs courants,totaldespassifscourants,2016-03-31,2016,T1,89054570.812,1,TND,unite,Estime,augmentation (estimation trimestrielle)
SFBT,Bilan - Passif,Total des passifs courants,Total des passifs courants,totaldespassifscourants,2016-09-30,2016,9M,96580876.619,1,TND,unite,Estime,augmentation (estimation trimestrielle)
SFBT,Bilan - Passif,Total des passifs courants,Total des passifs courants,totaldespassifscourants,2017-03-31,2017,T1,90702656.077,1,TND,unite,Estime,augmentation (estimation trimestrielle)
SFBT,Bilan - Passif,Total des passifs courants,Total des passifs courants,totaldespassifscourants,2017-09-30,2017,9M,87488853.944,1,TND,unite,Estime,augmentation (estimation trimestrielle)
SFBT,Bilan - Passif,Total des passifs courants,Total des passifs courants,totaldespassifscourants,2018-03-31,2018,T1,117194857.683,1,TND,unite,Estime,augmentation (estimation trimestrielle)
SFBT,Bilan - Passif,Total des passifs courants,Total des passifs courants,totaldespassifscourants,2018-09-30,2018,9M,125966457.461,1,TND,unite,Estime,augmentation (estimation trimestrielle)
SFBT,Bilan - Passif,Total des passifs courants,Total des passifs courants,totaldespassifscourants,2019-03-31,2019,T1,134692599.926,1,TND,unite,Estime,augmentation (estimation trimestrielle)
SFBT,Bilan - Passif,Total des passifs courants,Total des passifs courants,totaldespassifscourants,2019-09-30,2019,9M,151767420.342,1,TND,unite,Estime,augmentation (estimation trimestrielle)
SFBT,Bilan - Passif,Total des passifs courants,Total des passifs courants,totaldespassifscourants,2020-03-31,2020,T1,154415184.032,1,TND,unite,Estime,augmentation (estimation trimestrielle)
SFBT,Bilan - Passif,Total des passifs courants,Total des passifs courants,totaldespassifscourants,2020-09-30,2020,9M,161148632.566,1,TND,unite,Estime,augmentation (estimation trimestrielle)
SFBT,Bilan - Passif,Total des passifs courants,Total des passifs courants,totaldespassifscourants,2021-03-31,2021,T1,179411840.902,1,TND,unite,Estime,augmentation (estimation trimestrielle)
SFBT,Bilan - Passif,Total des passifs courants,Total des passifs courants,totaldespassifscourants,2021-09-30,2021,9M,,1,TND,unite,Estime,augmentation (estimation trimestrielle)
SFBT,Bilan - Passif,Total des passifs courants,Total des passifs courants,totaldespassifscourants,2022-03-31,2022,T1,,1,TND,unite,Estime,augmentation (estimation trimestrielle)
SFBT,Bilan - Passif,Total des passifs courants,Total des passifs courants,totaldespassifscourants,2022-09-30,2022,9M,,1,TND,unite,Estime,augmentation (estimation trimestrielle)
SFBT,Bilan - Passif,Total des passifs courants,Total des passifs courants,totaldespassifscourants,2023-03-31,2023,T1,,1,TND,unite,Estime,augmentation (estimation trimestrielle)
SFBT,Bilan - Passif,Total des passifs courants,Total des passifs courants,totaldespassifscourants,2023-09-30,2023,9M,175557252.954,1,TND,unite,Estime,augmentation (estimation trimestrielle)
SFBT,Bilan - Passif,Total des passifs courants,Total des passifs courants,totaldespassifscourants,2024-03-31,2024,T1,188220355.715,1,TND,unite,Estime,augmentation (estimation trimestrielle)
SFBT,Bilan - Passif,Total des passifs courants,Total des passifs courants,totaldespassifscourants,2024-09-30,2024,9M,213202466.694,1,TND,unite,Estime,augmentation (estimation trimestrielle)
SFBT,Bilan - Passif,Total des passifs courants,Total des passifs courants,totaldespassifscourants,2025-03-31,2025,T1,217067267.229,1,TND,unite,Estime,augmentation (estimation trimestrielle)
SFBT,Bilan - Passif,Total des passifs non courants,Total des passifs non courants,totaldespassifsnoncourants,2005-09-30,2005,9M,36697107.996,1,TND,unite,Estime,augmentation (estimation trimestrielle)
SFBT,Bilan - Passif,Total des passifs non courants,Total des passifs non courants,totaldespassifsnoncourants,2006-03-31,2006,T1,35060438.272,1,TND,unite,Estime,augmentation (estimation trimestrielle)
SFBT,Bilan - Passif,Total des passifs non courants,Total des passifs non courants,totaldespassifsnoncourants,2006-09-30,2006,9M,33454352.799,1,TND,unite,Estime,augmentation (estimation trimestrielle)
SFBT,Bilan - Passif,Total des passifs non courants,Total des passifs non courants,totaldespassifsnoncourants,2007-03-31,2007,T1,31908700.082,1,TND,unite,Estime,augmentation (estimation trimestrielle)
SFBT,Bilan - Passif,Total des passifs non courants,Total des passifs non courants,totaldespassifsnoncourants,2007-09-30,2007,9M,30643820.804,1,TND,unite,Estime,augmentation (estimation trimestrielle)
SFBT,Bilan - Passif,Total des passifs non courants,Total des passifs non courants,totaldespassifsnoncourants,2008-03-31,2008,T1,29553844.44,1,TND,unite,Estime,augmentation (estimation trimestrielle)
SFBT,Bilan - Passif,Total des passifs non courants,Total des passifs non courants,totaldespassifsnoncourants,2008-09-30,2008,9M,30040866.774,1,TND,unite,Estime,augmentation (estimation trimestrielle)
SFBT,Bilan - Passif,Total des passifs non courants,Total des passifs non courants,totaldespassifsnoncourants,2009-03-31,2009,T1,30502503.772,1,TND,unite,Estime,augmentation (estimation trimestrielle)
SFBT,Bilan - Passif,Total des passifs non courants,Total des passifs non courants,totaldespassifsnoncourants,2009-09-30,2009,9M,39372017.291,1,TND,unite,Estime,augmentation (estimation trimestrielle)
SFBT,Bilan - Passif,Total des passifs non courants,Total des passifs non courants,totaldespassifsnoncourants,2010-03-31,2010,T1,48349239.786,1,TND,unite,Estime,augmentation (estimation trimestrielle)
SFBT,Bilan - Passif,Total des passifs non courants,Total des passifs non courants,totaldespassifsnoncourants,2010-09-30,2010,9M,48228105.304,1,TND,unite,Estime,augmentation (estimation trimestrielle)
SFBT,Bilan - Passif,Total des passifs non courants,Total des passifs non courants,totaldespassifsnoncourants,2011-03-31,2011,T1,48143283.914,1,TND,unite,Estime,augmentation (estimation trimestrielle)
SFBT,Bilan - Passif,Total des passifs non courants,Total des passifs non courants,totaldespassifsnoncourants,2011-09-30,2011,9M,48070609.962,1,TND,unite,Estime,augmentation (estimation trimestrielle)
SFBT,Bilan - Passif,Total des passifs non courants,Total des passifs non courants,totaldespassifsnoncourants,2012-03-31,2012,T1,48438960.462,1,TND,unite,Estime,augmentation (estimation trimestrielle)
SFBT,Bilan - Passif,Total des passifs non courants,Total des passifs non courants,totaldespassifsnoncourants,2012-09-30,2012,9M,48580059.416,1,TND,unite,Estime,augmentation (estimation trimestrielle)
SFBT,Bilan - Passif,Total des passifs non courants,Total des passifs non courants,totaldespassifsnoncourants,2013-03-31,2013,T1,48115191.656,1,TND,unite,Estime,augmentation (estimation trimestrielle)
SFBT,Bilan - Passif,Total des passifs non courants,Total des passifs non courants,totaldespassifsnoncourants,2013-09-30,2013,9M,47164556.654,1,TND,unite,Estime,augmentation (estimation trimestrielle)
SFBT,Bilan - Passif,Total des passifs non courants,Total des passifs non courants,totaldespassifsnoncourants,2014-03-31,2014,T1,46501321.328,1,TND,unite,Estime,augmentation (estimation trimestrielle)
SFBT,Bilan - Passif,Total des passifs non courants,Total des passifs non courants,totaldespassifsnoncourants,2014-09-30,2014,9M,47726404.8,1,TND,unite,Estime,augmentation (estimation trimestrielle)
SFBT,Bilan - Passif,Total des passifs non courants,Total des passifs non courants,totaldespassifsnoncourants,2015-03-31,2015,T1,48858200.378,1,TND,unite,Estime,augmentation (estimation trimestrielle)
SFBT,Bilan - Passif,Total des passifs non courants,Total des passifs non courants,totaldespassifsnoncourants,2015-09-30,2015,9M,49885267.425,1,TND,unite,Estime,augmentation (estimation trimestrielle)
SFBT,Bilan - Passif,Total des passifs non courants,Total des passifs non courants,totaldespassifsnoncourants,2016-03-31,2016,T1,50814817.903,1,TND,unite,Estime,augmentation (estimation trimestrielle)
SFBT,Bilan - Passif,Total des passifs non courants,Total des passifs non courants,totaldespassifsnoncourants,2016-09-30,2016,9M,53520210.939,1,TND,unite,Estime,augmentation (estimation trimestrielle)
SFBT,Bilan - Passif,Total des passifs non courants,Total des passifs non courants,totaldespassifsnoncourants,2017-03-31,2017,T1,57023637.853,1,TND,unite,Estime,augmentation (estimation trimestrielle)
SFBT,Bilan - Passif,Total des passifs non courants,Total des passifs non courants,totaldespassifsnoncourants,2017-09-30,2017,9M,60753598.1,1,TND,unite,Estime,augmentation (estimation trimestrielle)
SFBT,Bilan - Passif,Total des passifs non courants,Total des passifs non courants,totaldespassifsnoncourants,2018-03-31,2018,T1,64698376.478,1,TND,unite,Estime,augmentation (estimation trimestrielle)
SFBT,Bilan - Passif,Total des passifs non courants,Total des passifs non courants,totaldespassifsnoncourants,2018-09-30,2018,9M,68786240.35,1,TND,unite,Estime,augmentation (estimation trimestrielle)
SFBT,Bilan - Passif,Total des passifs non courants,Total des passifs non courants,totaldespassifsnoncourants,2019-03-31,2019,T1,72400004.1,1,TND,unite,Estime,augmentation (estimation trimestrielle)
SFBT,Bilan - Passif,Total des passifs non courants,Total des passifs non courants,totaldespassifsnoncourants,2019-09-30,2019,9M,75235411.331,1,TND,unite,Estime,augmentation (estimation trimestrielle)
SFBT,Bilan - Passif,Total des passifs non courants,Total des passifs non courants,totaldespassifsnoncourants,2020-03-31,2020,T1,77674679.368,1,TND,unite,Estime,augmentation (estimation trimestrielle)
SFBT,Bilan - Passif,Total des passifs non courants,Total des passifs non courants,totaldespassifsnoncourants,2020-09-30,2020,9M,79802559.25,1,TND,unite,Estime,augmentation (estimation trimestrielle)
SFBT,Bilan - Passif,Total des passifs non courants,Total des passifs non courants,totaldespassifsnoncourants,2021-03-31,2021,T1,81797847.208,1,TND,unite,Estime,augmentation (estimation trimestrielle)
SFBT,Bilan - Passif,Total des passifs non courants,Total des passifs non courants,totaldespassifsnoncourants,2021-09-30,2021,9M,,1,TND,unite,Estime,augmentation (estimation trimestrielle)
SFBT,Bilan - Passif,Total des passifs non courants,Total des passifs non courants,totaldespassifsnoncourants,2022-03-31,2022,T1,,1,TND,unite,Estime,augmentation (estimation trimestrielle)
SFBT,Bilan - Passif,Total des passifs non courants,Total des passifs non courants,totaldespassifsnoncourants,2022-09-30,2022,9M,,1,TND,unite,Estime,augmentation (estimation trimestrielle)
SFBT,Bilan - Passif,Total des passifs non courants,Total des passifs non courants,totaldespassifsnoncourants,2023-03-31,2023,T1,,1,TND,unite,Estime,augmentation (estimation trimestrielle)
SFBT,Bilan - Passif,Total des passifs non courants,Total des passifs non courants,totaldespassifsnoncourants,2023-09-30,2023,9M,103398846.823,1,TND,unite,Estime,augmentation (estimation trimestrielle)
SFBT,Bilan - Passif,Total des passifs non courants,Total des passifs non courants,totaldespassifsnoncourants,2024-03-31,2024,T1,112331287.323,1,TND,unite,Estime,augmentation (estimation trimestrielle)
SFBT,Bilan - Passif,Total des passifs non courants,Total des passifs non courants,totaldespassifsnoncourants,2024-09-30,2024,9M,115368919.198,1,TND,unite,Estime,augmentation (estimation trimestrielle)
SFBT,Bilan - Passif,Total des passifs non courants,Total des passifs non courants,totaldespassifsnoncourants,2025-03-31,2025,T1,117517799.032,1,TND,unite,Estime,augmentation (estimation trimestrielle)
SFBT,Compte de resultat,Achats d'approvisionnements consommés,Achats d'approvisionnements consommés,achatsdapprovisionnementsconsommes,2005-03-31,2005,T1,9797950.561,1,TND,unite,Estime,augmentation (estimation trimestrielle)
SFBT,Compte de resultat,Achats d'approvisionnements consommés,Achats d'approvisionnements consommés,achatsdapprovisionnementsconsommes,2005-09-30,2005,9M,32459719.514,1,TND,unite,Estime,augmentation (estimation trimestrielle)
SFBT,Compte de resultat,Achats d'approvisionnements consommés,Achats d'approvisionnements consommés,achatsdapprovisionnementsconsommes,2006-03-31,2006,T1,11605974.707,1,TND,unite,Estime,augmentation (estimation trimestrielle)
SFBT,Compte de resultat,Achats d'approvisionnements consommés,Achats d'approvisionnements consommés,achatsdapprovisionnementsconsommes,2006-09-30,2006,9M,37396209.866,1,TND,unite,Estime,augmentation (estimation trimestrielle)
SFBT,Compte de resultat,Achats d'approvisionnements consommés,Achats d'approvisionnements consommés,achatsdapprovisionnementsconsommes,2007-03-31,2007,T1,12327770.786,1,TND,unite,Estime,augmentation (estimation trimestrielle)
SFBT,Compte de resultat,Achats d'approvisionnements consommés,Achats d'approvisionnements consommés,achatsdapprovisionnementsconsommes,2007-09-30,2007,9M,38297113.311,1,TND,unite,Estime,augmentation (estimation trimestrielle)
SFBT,Compte de resultat,Achats d'approvisionnements consommés,Achats d'approvisionnements consommés,achatsdapprovisionnementsconsommes,2008-03-31,2008,T1,13019269.276,1,TND,unite,Estime,augmentation (estimation trimestrielle)
SFBT,Compte de resultat,Achats d'approvisionnements consommés,Achats d'approvisionnements consommés,achatsdapprovisionnementsconsommes,2008-09-30,2008,9M,43707274.233,1,TND,unite,Estime,augmentation (estimation trimestrielle)
SFBT,Compte de resultat,Achats d'approvisionnements consommés,Achats d'approvisionnements consommés,achatsdapprovisionnementsconsommes,2009-03-31,2009,T1,13521947.638,1,TND,unite,Estime,augmentation (estimation trimestrielle)
SFBT,Compte de resultat,Achats d'approvisionnements consommés,Achats d'approvisionnements consommés,achatsdapprovisionnementsconsommes,2009-09-30,2009,9M,44233777.754,1,TND,unite,Estime,augmentation (estimation trimestrielle)
SFBT,Compte de resultat,Achats d'approvisionnements consommés,Achats d'approvisionnements consommés,achatsdapprovisionnementsconsommes,2010-03-31,2010,T1,22407139.0,1,TND,unite,Estime,augmentation (estimation trimestrielle)
SFBT,Compte de resultat,Achats d'approvisionnements consommés,Achats d'approvisionnements consommés,achatsdapprovisionnementsconsommes,2010-09-30,2010,9M,73486108.44,1,TND,unite,Estime,augmentation (estimation trimestrielle)
SFBT,Compte de resultat,Achats d'approvisionnements consommés,Achats d'approvisionnements consommés,achatsdapprovisionnementsconsommes,2011-03-31,2011,T1,26728419.0,1,TND,unite,Estime,augmentation (estimation trimestrielle)
SFBT,Compte de resultat,Achats d'approvisionnements consommés,Achats d'approvisionnements consommés,achatsdapprovisionnementsconsommes,2011-09-30,2011,9M,87927345.551,1,TND,unite,Estime,augmentation (estimation trimestrielle)
SFBT,Compte de resultat,Achats d'approvisionnements consommés,Achats d'approvisionnements consommés,achatsdapprovisionnementsconsommes,2012-03-31,2012,T1,32565655.5,1,TND,unite,Estime,augmentation (estimation trimestrielle)
SFBT,Compte de resultat,Achats d'approvisionnements consommés,Achats d'approvisionnements consommés,achatsdapprovisionnementsconsommes,2012-09-30,2012,9M,107688117.618,1,TND,unite,Estime,augmentation (estimation trimestrielle)
SFBT,Compte de resultat,Achats d'approvisionnements consommés,Achats d'approvisionnements consommés,achatsdapprovisionnementsconsommes,2013-03-31,2013,T1,38035239.0,1,TND,unite,Estime,augmentation (estimation trimestrielle)
SFBT,Compte de resultat,Achats d'approvisionnements consommés,Achats d'approvisionnements consommés,achatsdapprovisionnementsconsommes,2013-09-30,2013,9M,119080493.826,1,TND,unite,Estime,augmentation (estimation trimestrielle)
SFBT,Compte de resultat,Achats d'approvisionnements consommés,Achats d'approvisionnements consommés,achatsdapprovisionnementsconsommes,2014-03-31,2014,T1,35269571.709,1,TND,unite,Estime,augmentation (estimation trimestrielle)
SFBT,Compte de resultat,Achats d'approvisionnements consommés,Achats d'approvisionnements consommés,achatsdapprovisionnementsconsommes,2014-09-30,2014,9M,117372355.488,1,TND,unite,Estime,augmentation (estimation trimestrielle)
SFBT,Compte de resultat,Achats d'approvisionnements consommés,Achats d'approvisionnements consommés,achatsdapprovisionnementsconsommes,2015-03-31,2015,T1,34921467.61,1,TND,unite,Estime,augmentation (estimation trimestrielle)
SFBT,Compte de resultat,Achats d'approvisionnements consommés,Achats d'approvisionnements consommés,achatsdapprovisionnementsconsommes,2015-09-30,2015,9M,123295453.215,1,TND,unite,Estime,augmentation (estimation trimestrielle)
SFBT,Compte de resultat,Achats d'approvisionnements consommés,Achats d'approvisionnements consommés,achatsdapprovisionnementsconsommes,2016-03-31,2016,T1,64340047.278,1,TND,unite,Estime,augmentation (estimation trimestrielle)
SFBT,Compte de resultat,Achats d'approvisionnements consommés,Achats d'approvisionnements consommés,achatsdapprovisionnementsconsommes,2016-09-30,2016,9M,215598041.41,1,TND,unite,Estime,augmentation (estimation trimestrielle)
SFBT,Compte de resultat,Achats d'approvisionnements consommés,Achats d'approvisionnements consommés,achatsdapprovisionnementsconsommes,2017-03-31,2017,T1,71269156.164,1,TND,unite,Estime,augmentation (estimation trimestrielle)
SFBT,Compte de resultat,Achats d'approvisionnements consommés,Achats d'approvisionnements consommés,achatsdapprovisionnementsconsommes,2017-09-30,2017,9M,232769369.75,1,TND,unite,Estime,augmentation (estimation trimestrielle)
SFBT,Compte de resultat,Achats d'approvisionnements consommés,Achats d'approvisionnements consommés,achatsdapprovisionnementsconsommes,2018-03-31,2018,T1,81659741.338,1,TND,unite,Estime,augmentation (estimation trimestrielle)
SFBT,Compte de resultat,Achats d'approvisionnements consommés,Achats d'approvisionnements consommés,achatsdapprovisionnementsconsommes,2018-09-30,2018,9M,267679306.673,1,TND,unite,Estime,augmentation (estimation trimestrielle)
SFBT,Compte de resultat,Achats d'approvisionnements consommés,Achats d'approvisionnements consommés,achatsdapprovisionnementsconsommes,2019-03-31,2019,T1,86954715.432,1,TND,unite,Estime,augmentation (estimation trimestrielle)
SFBT,Compte de resultat,Achats d'approvisionnements consommés,Achats d'approvisionnements consommés,achatsdapprovisionnementsconsommes,2019-09-30,2019,9M,283865667.608,1,TND,unite,Estime,augmentation (estimation trimestrielle)
SFBT,Compte de resultat,Achats d'approvisionnements consommés,Achats d'approvisionnements consommés,achatsdapprovisionnementsconsommes,2020-03-31,2020,T1,89083001.964,1,TND,unite,Estime,augmentation (estimation trimestrielle)
SFBT,Compte de resultat,Achats d'approvisionnements consommés,Achats d'approvisionnements consommés,achatsdapprovisionnementsconsommes,2020-09-30,2020,9M,285913586.955,1,TND,unite,Estime,augmentation (estimation trimestrielle)
SFBT,Compte de resultat,Achats d'approvisionnements consommés,Achats d'approvisionnements consommés,achatsdapprovisionnementsconsommes,2021-03-31,2021,T1,88102570.756,1,TND,unite,Estime,augmentation (estimation trimestrielle)
SFBT,Compte de resultat,Achats d'approvisionnements consommés,Achats d'approvisionnements consommés,achatsdapprovisionnementsconsommes,2021-09-30,2021,9M,,1,TND,unite,Estime,augmentation (estimation trimestrielle)
SFBT,Compte de resultat,Achats d'approvisionnements consommés,Achats d'approvisionnements consommés,achatsdapprovisionnementsconsommes,2022-03-31,2022,T1,90711117.65,1,TND,unite,Estime,augmentation (estimation trimestrielle)
SFBT,Compte de resultat,Achats d'approvisionnements consommés,Achats d'approvisionnements consommés,achatsdapprovisionnementsconsommes,2022-09-30,2022,9M,,1,TND,unite,Estime,augmentation (estimation trimestrielle)
SFBT,Compte de resultat,Achats d'approvisionnements consommés,Achats d'approvisionnements consommés,achatsdapprovisionnementsconsommes,2023-03-31,2023,T1,102410464.179,1,TND,unite,Estime,augmentation (estimation trimestrielle)
SFBT,Compte de resultat,Achats d'approvisionnements consommés,Achats d'approvisionnements consommés,achatsdapprovisionnementsconsommes,2023-09-30,2023,9M,323670069.405,1,TND,unite,Estime,augmentation (estimation trimestrielle)
SFBT,Compte de resultat,Achats d'approvisionnements consommés,Achats d'approvisionnements consommés,achatsdapprovisionnementsconsommes,2024-03-31,2024,T1,96565748.622,1,TND,unite,Estime,augmentation (estimation trimestrielle)
SFBT,Compte de resultat,Achats d'approvisionnements consommés,Achats d'approvisionnements consommés,achatsdapprovisionnementsconsommes,2024-09-30,2024,9M,306328266.176,1,TND,unite,Estime,augmentation (estimation trimestrielle)
SFBT,Compte de resultat,Achats d'approvisionnements consommés,Achats d'approvisionnements consommés,achatsdapprovisionnementsconsommes,2025-03-31,2025,T1,86792941.034,1,TND,unite,Estime,augmentation (estimation trimestrielle)
SFBT,Compte de resultat,Achats de marchandises consommés,Achats de marchandises consommés,achatsdemarchandisesconsommes,2005-03-31,2005,T1,10866998.293,1,TND,unite,Estime,augmentation (estimation trimestrielle)
SFBT,Compte de resultat,Achats de marchandises consommés,Achats de marchandises consommés,achatsdemarchandisesconsommes,2005-09-30,2005,9M,33894020.838,1,TND,unite,Estime,augmentation (estimation trimestrielle)
SFBT,Compte de resultat,Achats de marchandises consommés,Achats de marchandises consommés,achatsdemarchandisesconsommes,2006-03-31,2006,T1,12067220.671,1,TND,unite,Estime,augmentation (estimation trimestrielle)
SFBT,Compte de resultat,Achats de marchandises consommés,Achats de marchandises consommés,achatsdemarchandisesconsommes,2006-09-30,2006,9M,33818479.97,1,TND,unite,Estime,augmentation (estimation trimestrielle)
SFBT,Compte de resultat,Achats de marchandises consommés,Achats de marchandises consommés,achatsdemarchandisesconsommes,2007-03-31,2007,T1,9692974.712,1,TND,unite,Estime,augmentation (estimation trimestrielle)
SFBT,Compte de resultat,Achats de marchandises consommés,Achats de marchandises consommés,achatsdemarchandisesconsommes,2007-09-30,2007,9M,29916458.168,1,TND,unite,Estime,augmentation (estimation trimestrielle)
SFBT,Compte de resultat,Achats de marchandises consommés,Achats de marchandises consommés,achatsdemarchandisesconsommes,2008-03-31,2008,T1,9969387.812,1,TND,unite,Estime,augmentation (estimation trimestrielle)
SFBT,Compte de resultat,Achats de marchandises consommés,Achats de marchandises consommés,achatsdemarchandisesconsommes,2008-09-30,2008,9M,32017759.78,1,TND,unite,Estime,augmentation (estimation trimestrielle)
SFBT,Compte de resultat,Achats de marchandises consommés,Achats de marchandises consommés,achatsdemarchandisesconsommes,2009-03-31,2009,T1,13815547.112,1,TND,unite,Estime,augmentation (estimation trimestrielle)
SFBT,Compte de resultat,Achats de marchandises consommés,Achats de marchandises consommés,achatsdemarchandisesconsommes,2009-09-30,2009,9M,43561528.279,1,TND,unite,Estime,augmentation (estimation trimestrielle)
SFBT,Compte de resultat,Achats de marchandises consommés,Achats de marchandises consommés,achatsdemarchandisesconsommes,2010-03-31,2010,T1,6776481.0,1,TND,unite,Estime,augmentation (estimation trimestrielle)
SFBT,Compte de resultat,Achats de marchandises consommés,Achats de marchandises consommés,achatsdemarchandisesconsommes,2010-09-30,2010,9M,20376910.852,1,TND,unite,Estime,augmentation (estimation trimestrielle)
SFBT,Compte de resultat,Achats de marchandises consommés,Achats de marchandises consommés,achatsdemarchandisesconsommes,2011-03-31,2011,T1,4808244.5,1,TND,unite,Estime,augmentation (estimation trimestrielle)
SFBT,Compte de resultat,Achats de marchandises consommés,Achats de marchandises consommés,achatsdemarchandisesconsommes,2012-03-31,2012,T1,8483694.5,1,TND,unite,Estime,augmentation (estimation trimestrielle)
SFBT,Compte de resultat,Achats de marchandises consommés,Achats de marchandises consommés,achatsdemarchandisesconsommes,2013-03-31,2013,T1,10566571.5,1,TND,unite,Estime,augmentation (estimation trimestrielle)
SFBT,Compte de resultat,Achats de marchandises consommés,Achats de marchandises consommés,achatsdemarchandisesconsommes,2014-03-31,2014,T1,10531610.561,1,TND,unite,Estime,augmentation (estimation trimestrielle)
SFBT,Compte de resultat,Achats de marchandises consommés,Achats de marchandises consommés,achatsdemarchandisesconsommes,2015-03-31,2015,T1,10269843.989,1,TND,unite,Estime,augmentation (estimation trimestrielle)
SFBT,Compte de resultat,Achats de marchandises consommés,Achats de marchandises consommés,achatsdemarchandisesconsommes,2016-03-31,2016,T1,13614321.615,1,TND,unite,Estime,augmentation (estimation trimestrielle)
SFBT,Compte de resultat,Achats de marchandises consommés,Achats de marchandises consommés,achatsdemarchandisesconsommes,2017-03-31,2017,T1,10066795.41,1,TND,unite,Estime,augmentation (estimation trimestrielle)
SFBT,Compte de resultat,Achats de marchandises consommés,Achats de marchandises consommés,achatsdemarchandisesconsommes,2018-03-31,2018,T1,11905079.151,1,TND,unite,Estime,augmentation (estimation trimestrielle)
SFBT,Compte de resultat,Achats de marchandises consommés,Achats de marchandises consommés,achatsdemarchandisesconsommes,2019-03-31,2019,T1,13042440.446,1,TND,unite,Estime,augmentation (estimation trimestrielle)
SFBT,Compte de resultat,Achats de marchandises consommés,Achats de marchandises consommés,achatsdemarchandisesconsommes,2020-03-31,2020,T1,14071509.073,1,TND,unite,Estime,augmentation (estimation trimestrielle)
SFBT,Compte de resultat,Achats de marchandises consommés,Achats de marchandises consommés,achatsdemarchandisesconsommes,2021-03-31,2021,T1,14053068.74,1,TND,unite,Estime,augmentation (estimation trimestrielle)
SFBT,Compte de resultat,Achats de marchandises consommés,Achats de marchandises consommés,achatsdemarchandisesconsommes,2021-09-30,2021,9M,,1,TND,unite,Estime,augmentation (estimation trimestrielle)
SFBT,Compte de resultat,Achats de marchandises consommés,Achats de marchandises consommés,achatsdemarchandisesconsommes,2022-03-31,2022,T1,18670374.188,1,TND,unite,Estime,augmentation (estimation trimestrielle)
SFBT,Compte de resultat,Achats de marchandises consommés,Achats de marchandises consommés,achatsdemarchandisesconsommes,2022-09-30,2022,9M,,1,TND,unite,Estime,augmentation (estimation trimestrielle)
SFBT,Compte de resultat,Achats de marchandises consommés,Achats de marchandises consommés,achatsdemarchandisesconsommes,2023-03-31,2023,T1,20488206.727,1,TND,unite,Estime,augmentation (estimation trimestrielle)
SFBT,Compte de resultat,Achats de marchandises consommés,Achats de marchandises consommés,achatsdemarchandisesconsommes,2023-09-30,2023,9M,59446019.03,1,TND,unite,Estime,augmentation (estimation trimestrielle)
SFBT,Compte de resultat,Achats de marchandises consommés,Achats de marchandises consommés,achatsdemarchandisesconsommes,2024-03-31,2024,T1,19099957.445,1,TND,unite,Estime,augmentation (estimation trimestrielle)
SFBT,Compte de resultat,Achats de marchandises consommés,Achats de marchandises consommés,achatsdemarchandisesconsommes,2024-09-30,2024,9M,53838678.679,1,TND,unite,Estime,augmentation (estimation trimestrielle)
SFBT,Compte de resultat,Achats de marchandises consommés,Achats de marchandises consommés,achatsdemarchandisesconsommes,2025-03-31,2025,T1,16244974.378,1,TND,unite,Estime,augmentation (estimation trimestrielle)
SFBT,Compte de resultat,Autres charges d'exploitation,Autres charges d'exploitation,autreschargesdexploitation,2005-03-31,2005,T1,3456811.053,1,TND,unite,Estime,augmentation (estimation trimestrielle)
SFBT,Compte de resultat,Autres charges d'exploitation,Autres charges d'exploitation,autreschargesdexploitation,2005-09-30,2005,9M,,1,TND,unite,Estime,augmentation (estimation trimestrielle)
SFBT,Compte de resultat,Autres charges d'exploitation,Autres charges d'exploitation,autreschargesdexploitation,2006-03-31,2006,T1,3200968.055,1,TND,unite,Estime,augmentation (estimation trimestrielle)
SFBT,Compte de resultat,Autres charges d'exploitation,Autres charges d'exploitation,autreschargesdexploitation,2006-09-30,2006,9M,9310105.606,1,TND,unite,Estime,augmentation (estimation trimestrielle)
SFBT,Compte de resultat,Autres charges d'exploitation,Autres charges d'exploitation,autreschargesdexploitation,2007-03-31,2007,T1,2921671.572,1,TND,unite,Estime,augmentation (estimation trimestrielle)
SFBT,Compte de resultat,Autres charges d'exploitation,Autres charges d'exploitation,autreschargesdexploitation,2007-09-30,2007,9M,9191807.105,1,TND,unite,Estime,augmentation (estimation trimestrielle)
SFBT,Compte de resultat,Autres charges d'exploitation,Autres charges d'exploitation,autreschargesdexploitation,2008-03-31,2008,T1,3421295.899,1,TND,unite,Estime,augmentation (estimation trimestrielle)
SFBT,Compte de resultat,Autres charges d'exploitation,Autres charges d'exploitation,autreschargesdexploitation,2008-09-30,2008,9M,9419722.478,1,TND,unite,Estime,augmentation (estimation trimestrielle)
SFBT,Compte de resultat,Autres charges d'exploitation,Autres charges d'exploitation,autreschargesdexploitation,2009-03-31,2009,T1,3920647.413,1,TND,unite,Estime,augmentation (estimation trimestrielle)
SFBT,Compte de resultat,Autres charges d'exploitation,Autres charges d'exploitation,autreschargesdexploitation,2009-09-30,2009,9M,11143136.303,1,TND,unite,Estime,augmentation (estimation trimestrielle)
SFBT,Compte de resultat,Autres charges d'exploitation,Autres charges d'exploitation,autreschargesdexploitation,2010-03-31,2010,T1,7419644.5,1,TND,unite,Estime,augmentation (estimation trimestrielle)
SFBT,Compte de resultat,Autres charges d'exploitation,Autres charges d'exploitation,autreschargesdexploitation,2010-09-30,2010,9M,23981809.724,1,TND,unite,Estime,augmentation (estimation trimestrielle)
SFBT,Compte de resultat,Autres charges d'exploitation,Autres charges d'exploitation,autreschargesdexploitation,2011-03-31,2011,T1,6971147.0,1,TND,unite,Estime,augmentation (estimation trimestrielle)
SFBT,Compte de resultat,Autres charges d'exploitation,Autres charges d'exploitation,autreschargesdexploitation,2011-09-30,2011,9M,22748037.962,1,TND,unite,Estime,augmentation (estimation trimestrielle)
SFBT,Compte de resultat,Autres charges d'exploitation,Autres charges d'exploitation,autreschargesdexploitation,2012-03-31,2012,T1,8467475.0,1,TND,unite,Estime,augmentation (estimation trimestrielle)
SFBT,Compte de resultat,Autres charges d'exploitation,Autres charges d'exploitation,autreschargesdexploitation,2012-09-30,2012,9M,26288954.164,1,TND,unite,Estime,augmentation (estimation trimestrielle)
SFBT,Compte de resultat,Autres charges d'exploitation,Autres charges d'exploitation,autreschargesdexploitation,2013-03-31,2013,T1,7969772.0,1,TND,unite,Estime,augmentation (estimation trimestrielle)
SFBT,Compte de resultat,Autres charges d'exploitation,Autres charges d'exploitation,autreschargesdexploitation,2013-09-30,2013,9M,26004020.77,1,TND,unite,Estime,augmentation (estimation trimestrielle)
SFBT,Compte de resultat,Autres charges d'exploitation,Autres charges d'exploitation,autreschargesdexploitation,2014-03-31,2014,T1,9642096.154,1,TND,unite,Estime,augmentation (estimation trimestrielle)
SFBT,Compte de resultat,Autres charges d'exploitation,Autres charges d'exploitation,autreschargesdexploitation,2014-09-30,2014,9M,30845541.812,1,TND,unite,Estime,augmentation (estimation trimestrielle)
SFBT,Compte de resultat,Autres charges d'exploitation,Autres charges d'exploitation,autreschargesdexploitation,2015-03-31,2015,T1,9163615.998,1,TND,unite,Estime,augmentation (estimation trimestrielle)
SFBT,Compte de resultat,Autres charges d'exploitation,Autres charges d'exploitation,autreschargesdexploitation,2015-09-30,2015,9M,19288814.597,1,TND,unite,Estime,augmentation (estimation trimestrielle)
SFBT,Compte de resultat,Autres charges d'exploitation,Autres charges d'exploitation,autreschargesdexploitation,2016-03-31,2016,T1,6038025.584,1,TND,unite,Estime,augmentation (estimation trimestrielle)
SFBT,Compte de resultat,Autres charges d'exploitation,Autres charges d'exploitation,autreschargesdexploitation,2016-09-30,2016,9M,19712585.773,1,TND,unite,Estime,augmentation (estimation trimestrielle)
SFBT,Compte de resultat,Autres charges d'exploitation,Autres charges d'exploitation,autreschargesdexploitation,2017-03-31,2017,T1,6684355.35,1,TND,unite,Estime,augmentation (estimation trimestrielle)
SFBT,Compte de resultat,Autres charges d'exploitation,Autres charges d'exploitation,autreschargesdexploitation,2017-09-30,2017,9M,23862192.855,1,TND,unite,Estime,augmentation (estimation trimestrielle)
SFBT,Compte de resultat,Autres charges d'exploitation,Autres charges d'exploitation,autreschargesdexploitation,2018-03-31,2018,T1,8450013.77,1,TND,unite,Estime,augmentation (estimation trimestrielle)
SFBT,Compte de resultat,Autres charges d'exploitation,Autres charges d'exploitation,autreschargesdexploitation,2018-09-30,2018,9M,26472953.332,1,TND,unite,Estime,augmentation (estimation trimestrielle)
SFBT,Compte de resultat,Autres charges d'exploitation,Autres charges d'exploitation,autreschargesdexploitation,2019-03-31,2019,T1,8169172.281,1,TND,unite,Estime,augmentation (estimation trimestrielle)
SFBT,Compte de resultat,Autres charges d'exploitation,Autres charges d'exploitation,autreschargesdexploitation,2019-09-30,2019,9M,26064504.333,1,TND,unite,Estime,augmentation (estimation trimestrielle)
SFBT,Compte de resultat,Autres charges d'exploitation,Autres charges d'exploitation,autreschargesdexploitation,2020-03-31,2020,T1,10159609.652,1,TND,unite,Estime,augmentation (estimation trimestrielle)
SFBT,Compte de resultat,Autres charges d'exploitation,Autres charges d'exploitation,autreschargesdexploitation,2020-09-30,2020,9M,34730076.658,1,TND,unite,Estime,augmentation (estimation trimestrielle)
SFBT,Compte de resultat,Autres charges d'exploitation,Autres charges d'exploitation,autreschargesdexploitation,2021-03-31,2021,T1,9749714.463,1,TND,unite,Estime,augmentation (estimation trimestrielle)
SFBT,Compte de resultat,Autres charges d'exploitation,Autres charges d'exploitation,autreschargesdexploitation,2021-09-30,2021,9M,,1,TND,unite,Estime,augmentation (estimation trimestrielle)
SFBT,Compte de resultat,Autres charges d'exploitation,Autres charges d'exploitation,autreschargesdexploitation,2022-03-31,2022,T1,9862422.596,1,TND,unite,Estime,augmentation (estimation trimestrielle)
SFBT,Compte de resultat,Autres charges d'exploitation,Autres charges d'exploitation,autreschargesdexploitation,2022-09-30,2022,9M,,1,TND,unite,Estime,augmentation (estimation trimestrielle)
SFBT,Compte de resultat,Autres charges d'exploitation,Autres charges d'exploitation,autreschargesdexploitation,2023-03-31,2023,T1,10253798.084,1,TND,unite,Estime,augmentation (estimation trimestrielle)
SFBT,Compte de resultat,Autres charges d'exploitation,Autres charges d'exploitation,autreschargesdexploitation,2023-09-30,2023,9M,34959870.477,1,TND,unite,Estime,augmentation (estimation trimestrielle)
SFBT,Compte de resultat,Autres charges d'exploitation,Autres charges d'exploitation,autreschargesdexploitation,2024-03-31,2024,T1,14273616.476,1,TND,unite,Estime,augmentation (estimation trimestrielle)
SFBT,Compte de resultat,Autres charges d'exploitation,Autres charges d'exploitation,autreschargesdexploitation,2024-09-30,2024,9M,49267857.13,1,TND,unite,Estime,augmentation (estimation trimestrielle)
SFBT,Compte de resultat,Autres charges d'exploitation,Autres charges d'exploitation,autreschargesdexploitation,2025-03-31,2025,T1,16426700.977,1,TND,unite,Estime,augmentation (estimation trimestrielle)
SFBT,Compte de resultat,Autres gains ordinaires,Autres gains ordinaires,autresgainsordinaires,2005-03-31,2005,T1,160317.727,1,TND,unite,Estime,augmentation (estimation trimestrielle)
SFBT,Compte de resultat,Autres gains ordinaires,Autres gains ordinaires,autresgainsordinaires,2005-09-30,2005,9M,,1,TND,unite,Estime,augmentation (estimation trimestrielle)
SFBT,Compte de resultat,Autres gains ordinaires,Autres gains ordinaires,autresgainsordinaires,2006-03-31,2006,T1,95193.482,1,TND,unite,Estime,augmentation (estimation trimestrielle)
SFBT,Compte de resultat,Autres gains ordinaires,Autres gains ordinaires,autresgainsordinaires,2006-09-30,2006,9M,178226.258,1,TND,unite,Estime,augmentation (estimation trimestrielle)
SFBT,Compte de resultat,Autres gains ordinaires,Autres gains ordinaires,autresgainsordinaires,2007-03-31,2007,T1,53145.082,1,TND,unite,Estime,augmentation (estimation trimestrielle)
SFBT,Compte de resultat,Autres gains ordinaires,Autres gains ordinaires,autresgainsordinaires,2007-09-30,2007,9M,135860.177,1,TND,unite,Estime,augmentation (estimation trimestrielle)
SFBT,Compte de resultat,Autres gains ordinaires,Autres gains ordinaires,autresgainsordinaires,2008-03-31,2008,T1,64005.143,1,TND,unite,Estime,augmentation (estimation trimestrielle)
SFBT,Compte de resultat,Autres gains ordinaires,Autres gains ordinaires,autresgainsordinaires,2008-09-30,2008,9M,275492.711,1,TND,unite,Estime,augmentation (estimation trimestrielle)
SFBT,Compte de resultat,Autres gains ordinaires,Autres gains ordinaires,autresgainsordinaires,2009-03-31,2009,T1,593179.137,1,TND,unite,Estime,augmentation (estimation trimestrielle)
SFBT,Compte de resultat,Autres gains ordinaires,Autres gains ordinaires,autresgainsordinaires,2009-09-30,2009,9M,1275644.53,1,TND,unite,Estime,augmentation (estimation trimestrielle)
SFBT,Compte de resultat,Autres gains ordinaires,Autres gains ordinaires,autresgainsordinaires,2010-03-31,2010,T1,138291.5,1,TND,unite,Estime,augmentation (estimation trimestrielle)
SFBT,Compte de resultat,Autres gains ordinaires,Autres gains ordinaires,autresgainsordinaires,2010-09-30,2010,9M,315694.924,1,TND,unite,Estime,augmentation (estimation trimestrielle)
SFBT,Compte de resultat,Autres gains ordinaires,Autres gains ordinaires,autresgainsordinaires,2011-03-31,2011,T1,132538.5,1,TND,unite,Estime,augmentation (estimation trimestrielle)
SFBT,Compte de resultat,Autres gains ordinaires,Autres gains ordinaires,autresgainsordinaires,2011-09-30,2011,9M,424972.061,1,TND,unite,Estime,augmentation (estimation trimestrielle)
SFBT,Compte de resultat,Autres gains ordinaires,Autres gains ordinaires,autresgainsordinaires,2012-03-31,2012,T1,209535.5,1,TND,unite,Estime,augmentation (estimation trimestrielle)
SFBT,Compte de resultat,Autres gains ordinaires,Autres gains ordinaires,autresgainsordinaires,2012-09-30,2012,9M,425048.139,1,TND,unite,Estime,augmentation (estimation trimestrielle)
SFBT,Compte de resultat,Autres gains ordinaires,Autres gains ordinaires,autresgainsordinaires,2013-03-31,2013,T1,93182.5,1,TND,unite,Estime,augmentation (estimation trimestrielle)
SFBT,Compte de resultat,Autres gains ordinaires,Autres gains ordinaires,autresgainsordinaires,2013-09-30,2013,9M,354181.861,1,TND,unite,Estime,augmentation (estimation trimestrielle)
SFBT,Compte de resultat,Autres gains ordinaires,Autres gains ordinaires,autresgainsordinaires,2014-03-31,2014,T1,103669.026,1,TND,unite,Estime,augmentation (estimation trimestrielle)
SFBT,Compte de resultat,Autres gains ordinaires,Autres gains ordinaires,autresgainsordinaires,2014-09-30,2014,9M,410023.809,1,TND,unite,Estime,augmentation (estimation trimestrielle)
SFBT,Compte de resultat,Autres gains ordinaires,Autres gains ordinaires,autresgainsordinaires,2015-03-31,2015,T1,219001.25,1,TND,unite,Estime,augmentation (estimation trimestrielle)
SFBT,Compte de resultat,Autres gains ordinaires,Autres gains ordinaires,autresgainsordinaires,2015-09-30,2015,9M,518086.782,1,TND,unite,Estime,augmentation (estimation trimestrielle)
SFBT,Compte de resultat,Autres gains ordinaires,Autres gains ordinaires,autresgainsordinaires,2016-03-31,2016,T1,282910.829,1,TND,unite,Estime,augmentation (estimation trimestrielle)
SFBT,Compte de resultat,Autres gains ordinaires,Autres gains ordinaires,autresgainsordinaires,2016-09-30,2016,9M,849947.541,1,TND,unite,Estime,augmentation (estimation trimestrielle)
SFBT,Compte de resultat,Autres gains ordinaires,Autres gains ordinaires,autresgainsordinaires,2017-03-31,2017,T1,361602.443,1,TND,unite,Estime,augmentation (estimation trimestrielle)
SFBT,Compte de resultat,Autres gains ordinaires,Autres gains ordinaires,autresgainsordinaires,2017-09-30,2017,9M,853989.521,1,TND,unite,Estime,augmentation (estimation trimestrielle)
SFBT,Compte de resultat,Autres gains ordinaires,Autres gains ordinaires,autresgainsordinaires,2018-03-31,2018,T1,237442.476,1,TND,unite,Estime,augmentation (estimation trimestrielle)
SFBT,Compte de resultat,Autres gains ordinaires,Autres gains ordinaires,autresgainsordinaires,2018-09-30,2018,9M,602584.628,1,TND,unite,Estime,augmentation (estimation trimestrielle)
SFBT,Compte de resultat,Autres gains ordinaires,Autres gains ordinaires,autresgainsordinaires,2019-03-31,2019,T1,98408.844,1,TND,unite,Estime,augmentation (estimation trimestrielle)
SFBT,Compte de resultat,Autres gains ordinaires,Autres gains ordinaires,autresgainsordinaires,2019-09-30,2019,9M,645582.117,1,TND,unite,Estime,augmentation (estimation trimestrielle)
SFBT,Compte de resultat,Autres gains ordinaires,Autres gains ordinaires,autresgainsordinaires,2020-03-31,2020,T1,63063.26,1,TND,unite,Estime,augmentation (estimation trimestrielle)
SFBT,Compte de resultat,Autres gains ordinaires,Autres gains ordinaires,autresgainsordinaires,2020-09-30,2020,9M,312950.717,1,TND,unite,Estime,augmentation (estimation trimestrielle)
SFBT,Compte de resultat,Autres gains ordinaires,Autres gains ordinaires,autresgainsordinaires,2021-03-31,2021,T1,26829.383,1,TND,unite,Estime,augmentation (estimation trimestrielle)
SFBT,Compte de resultat,Autres gains ordinaires,Autres gains ordinaires,autresgainsordinaires,2021-09-30,2021,9M,,1,TND,unite,Estime,augmentation (estimation trimestrielle)
SFBT,Compte de resultat,Autres gains ordinaires,Autres gains ordinaires,autresgainsordinaires,2022-03-31,2022,T1,181158.211,1,TND,unite,Estime,augmentation (estimation trimestrielle)
SFBT,Compte de resultat,Autres gains ordinaires,Autres gains ordinaires,autresgainsordinaires,2022-09-30,2022,9M,,1,TND,unite,Estime,augmentation (estimation trimestrielle)
SFBT,Compte de resultat,Autres gains ordinaires,Autres gains ordinaires,autresgainsordinaires,2023-03-31,2023,T1,68078.939,1,TND,unite,Estime,augmentation (estimation trimestrielle)
SFBT,Compte de resultat,Autres gains ordinaires,Autres gains ordinaires,autresgainsordinaires,2023-09-30,2023,9M,462129.073,1,TND,unite,Estime,augmentation (estimation trimestrielle)
SFBT,Compte de resultat,Autres gains ordinaires,Autres gains ordinaires,autresgainsordinaires,2024-03-31,2024,T1,197411.774,1,TND,unite,Estime,augmentation (estimation trimestrielle)
SFBT,Compte de resultat,Autres gains ordinaires,Autres gains ordinaires,autresgainsordinaires,2024-09-30,2024,9M,708658.717,1,TND,unite,Estime,augmentation (estimation trimestrielle)
SFBT,Compte de resultat,Autres gains ordinaires,Autres gains ordinaires,autresgainsordinaires,2025-03-31,2025,T1,217636.046,1,TND,unite,Estime,augmentation (estimation trimestrielle)
SFBT,Compte de resultat,Autres pertes ordinaires,Autres pertes ordinaires,autrespertesordinaires,2005-03-31,2005,T1,-70122.133,1,TND,unite,Estime,augmentation (estimation trimestrielle)
SFBT,Compte de resultat,Autres pertes ordinaires,Autres pertes ordinaires,autrespertesordinaires,2005-09-30,2005,9M,,1,TND,unite,Estime,augmentation (estimation trimestrielle)
SFBT,Compte de resultat,Autres pertes ordinaires,Autres pertes ordinaires,autrespertesordinaires,2006-03-31,2006,T1,-154660.495,1,TND,unite,Estime,augmentation (estimation trimestrielle)
SFBT,Compte de resultat,Autres pertes ordinaires,Autres pertes ordinaires,autrespertesordinaires,2006-09-30,2006,9M,-323008.544,1,TND,unite,Estime,augmentation (estimation trimestrielle)
SFBT,Compte de resultat,Autres pertes ordinaires,Autres pertes ordinaires,autrespertesordinaires,2007-03-31,2007,T1,-20016.901,1,TND,unite,Estime,augmentation (estimation trimestrielle)
SFBT,Compte de resultat,Autres pertes ordinaires,Autres pertes ordinaires,autrespertesordinaires,2007-09-30,2007,9M,-86479.986,1,TND,unite,Estime,augmentation (estimation trimestrielle)
SFBT,Compte de resultat,Autres pertes ordinaires,Autres pertes ordinaires,autrespertesordinaires,2008-03-31,2008,T1,-14328.226,1,TND,unite,Estime,augmentation (estimation trimestrielle)
SFBT,Compte de resultat,Autres pertes ordinaires,Autres pertes ordinaires,autrespertesordinaires,2008-09-30,2008,9M,-40673.054,1,TND,unite,Estime,augmentation (estimation trimestrielle)
SFBT,Compte de resultat,Autres pertes ordinaires,Autres pertes ordinaires,autrespertesordinaires,2009-03-31,2009,T1,-41926.463,1,TND,unite,Estime,augmentation (estimation trimestrielle)
SFBT,Compte de resultat,Autres pertes ordinaires,Autres pertes ordinaires,autrespertesordinaires,2009-09-30,2009,9M,-100097.557,1,TND,unite,Estime,augmentation (estimation trimestrielle)
SFBT,Compte de resultat,Autres pertes ordinaires,Autres pertes ordinaires,autrespertesordinaires,2010-03-31,2010,T1,20361.0,1,TND,unite,Estime,augmentation (estimation trimestrielle)
SFBT,Compte de resultat,Autres pertes ordinaires,Autres pertes ordinaires,autrespertesordinaires,2010-09-30,2010,9M,-162416.775,1,TND,unite,Estime,augmentation (estimation trimestrielle)
SFBT,Compte de resultat,Autres pertes ordinaires,Autres pertes ordinaires,autrespertesordinaires,2011-03-31,2011,T1,67032.5,1,TND,unite,Estime,augmentation (estimation trimestrielle)
SFBT,Compte de resultat,Autres pertes ordinaires,Autres pertes ordinaires,autrespertesordinaires,2011-09-30,2011,9M,-307188.184,1,TND,unite,Estime,augmentation (estimation trimestrielle)
SFBT,Compte de resultat,Autres pertes ordinaires,Autres pertes ordinaires,autrespertesordinaires,2012-03-31,2012,T1,-78736.5,1,TND,unite,Estime,augmentation (estimation trimestrielle)
SFBT,Compte de resultat,Autres pertes ordinaires,Autres pertes ordinaires,autrespertesordinaires,2012-09-30,2012,9M,-247706.277,1,TND,unite,Estime,augmentation (estimation trimestrielle)
SFBT,Compte de resultat,Autres pertes ordinaires,Autres pertes ordinaires,autrespertesordinaires,2013-03-31,2013,T1,-52318.0,1,TND,unite,Estime,augmentation (estimation trimestrielle)
SFBT,Compte de resultat,Autres pertes ordinaires,Autres pertes ordinaires,autrespertesordinaires,2013-09-30,2013,9M,-217076.296,1,TND,unite,Estime,augmentation (estimation trimestrielle)
SFBT,Compte de resultat,Autres pertes ordinaires,Autres pertes ordinaires,autrespertesordinaires,2014-03-31,2014,T1,-15739.242,1,TND,unite,Estime,augmentation (estimation trimestrielle)
SFBT,Compte de resultat,Autres pertes ordinaires,Autres pertes ordinaires,autrespertesordinaires,2014-09-30,2014,9M,-231589.568,1,TND,unite,Estime,augmentation (estimation trimestrielle)
SFBT,Compte de resultat,Autres pertes ordinaires,Autres pertes ordinaires,autrespertesordinaires,2015-03-31,2015,T1,-59257.444,1,TND,unite,Estime,augmentation (estimation trimestrielle)
SFBT,Compte de resultat,Autres pertes ordinaires,Autres pertes ordinaires,autrespertesordinaires,2015-09-30,2015,9M,-136886.271,1,TND,unite,Estime,augmentation (estimation trimestrielle)
SFBT,Compte de resultat,Autres pertes ordinaires,Autres pertes ordinaires,autrespertesordinaires,2016-03-31,2016,T1,-23617.862,1,TND,unite,Estime,augmentation (estimation trimestrielle)
SFBT,Compte de resultat,Autres pertes ordinaires,Autres pertes ordinaires,autrespertesordinaires,2016-09-30,2016,9M,-71923.913,1,TND,unite,Estime,augmentation (estimation trimestrielle)
SFBT,Compte de resultat,Autres pertes ordinaires,Autres pertes ordinaires,autrespertesordinaires,2017-03-31,2017,T1,-129919.03,1,TND,unite,Estime,augmentation (estimation trimestrielle)
SFBT,Compte de resultat,Autres pertes ordinaires,Autres pertes ordinaires,autrespertesordinaires,2017-09-30,2017,9M,-232985.943,1,TND,unite,Estime,augmentation (estimation trimestrielle)
SFBT,Compte de resultat,Autres pertes ordinaires,Autres pertes ordinaires,autrespertesordinaires,2018-03-31,2018,T1,-121034.909,1,TND,unite,Estime,augmentation (estimation trimestrielle)
SFBT,Compte de resultat,Autres pertes ordinaires,Autres pertes ordinaires,autrespertesordinaires,2018-09-30,2018,9M,-433713.228,1,TND,unite,Estime,augmentation (estimation trimestrielle)
SFBT,Compte de resultat,Autres pertes ordinaires,Autres pertes ordinaires,autrespertesordinaires,2019-03-31,2019,T1,-80335.259,1,TND,unite,Estime,augmentation (estimation trimestrielle)
SFBT,Compte de resultat,Autres pertes ordinaires,Autres pertes ordinaires,autrespertesordinaires,2019-09-30,2019,9M,-237787.028,1,TND,unite,Estime,augmentation (estimation trimestrielle)
SFBT,Compte de resultat,Autres pertes ordinaires,Autres pertes ordinaires,autrespertesordinaires,2020-03-31,2020,T1,-24071.88,1,TND,unite,Estime,augmentation (estimation trimestrielle)
SFBT,Compte de resultat,Autres pertes ordinaires,Autres pertes ordinaires,autrespertesordinaires,2020-09-30,2020,9M,-143024.087,1,TND,unite,Estime,augmentation (estimation trimestrielle)
SFBT,Compte de resultat,Autres pertes ordinaires,Autres pertes ordinaires,autrespertesordinaires,2021-03-31,2021,T1,-28341.571,1,TND,unite,Estime,augmentation (estimation trimestrielle)
SFBT,Compte de resultat,Autres pertes ordinaires,Autres pertes ordinaires,autrespertesordinaires,2021-09-30,2021,9M,,1,TND,unite,Estime,augmentation (estimation trimestrielle)
SFBT,Compte de resultat,Autres pertes ordinaires,Autres pertes ordinaires,autrespertesordinaires,2022-03-31,2022,T1,-41593.38,1,TND,unite,Estime,augmentation (estimation trimestrielle)
SFBT,Compte de resultat,Autres pertes ordinaires,Autres pertes ordinaires,autrespertesordinaires,2022-09-30,2022,9M,,1,TND,unite,Estime,augmentation (estimation trimestrielle)
SFBT,Compte de resultat,Autres pertes ordinaires,Autres pertes ordinaires,autrespertesordinaires,2023-03-31,2023,T1,-17194.269,1,TND,unite,Estime,augmentation (estimation trimestrielle)
SFBT,Compte de resultat,Autres pertes ordinaires,Autres pertes ordinaires,autrespertesordinaires,2023-09-30,2023,9M,-58090.87,1,TND,unite,Estime,augmentation (estimation trimestrielle)
SFBT,Compte de resultat,Autres pertes ordinaires,Autres pertes ordinaires,autrespertesordinaires,2024-03-31,2024,T1,-1272243.678,1,TND,unite,Estime,augmentation (estimation trimestrielle)
SFBT,Compte de resultat,Autres pertes ordinaires,Autres pertes ordinaires,autrespertesordinaires,2024-09-30,2024,9M,-3045102.116,1,TND,unite,Estime,augmentation (estimation trimestrielle)
SFBT,Compte de resultat,Autres pertes ordinaires,Autres pertes ordinaires,autrespertesordinaires,2025-03-31,2025,T1,-839116.156,1,TND,unite,Estime,augmentation (estimation trimestrielle)
SFBT,Compte de resultat,Autres produits d'exploitation,Autres produits d'exploitation,autresproduitsdexploitation,2005-03-31,2005,T1,1869709.604,1,TND,unite,Estime,augmentation (estimation trimestrielle)
SFBT,Compte de resultat,Autres produits d'exploitation,Autres produits d'exploitation,autresproduitsdexploitation,2005-09-30,2005,9M,,1,TND,unite,Estime,augmentation (estimation trimestrielle)
SFBT,Compte de resultat,Autres produits d'exploitation,Autres produits d'exploitation,autresproduitsdexploitation,2006-03-31,2006,T1,2713678.954,1,TND,unite,Estime,augmentation (estimation trimestrielle)
SFBT,Compte de resultat,Autres produits d'exploitation,Autres produits d'exploitation,autresproduitsdexploitation,2006-09-30,2006,9M,8179582.935,1,TND,unite,Estime,augmentation (estimation trimestrielle)
SFBT,Compte de resultat,Autres produits d'exploitation,Autres produits d'exploitation,autresproduitsdexploitation,2007-03-31,2007,T1,2528039.365,1,TND,unite,Estime,augmentation (estimation trimestrielle)
SFBT,Compte de resultat,Autres produits d'exploitation,Autres produits d'exploitation,autresproduitsdexploitation,2007-09-30,2007,9M,7874930.821,1,TND,unite,Estime,augmentation (estimation trimestrielle)
SFBT,Compte de resultat,Autres produits d'exploitation,Autres produits d'exploitation,autresproduitsdexploitation,2008-03-31,2008,T1,3182734.181,1,TND,unite,Estime,augmentation (estimation trimestrielle)
SFBT,Compte de resultat,Autres produits d'exploitation,Autres produits d'exploitation,autresproduitsdexploitation,2008-09-30,2008,9M,9517630.12,1,TND,unite,Estime,augmentation (estimation trimestrielle)
SFBT,Compte de resultat,Autres produits d'exploitation,Autres produits d'exploitation,autresproduitsdexploitation,2009-03-31,2009,T1,3752727.757,1,TND,unite,Estime,augmentation (estimation trimestrielle)
SFBT,Compte de resultat,Autres produits d'exploitation,Autres produits d'exploitation,autresproduitsdexploitation,2009-09-30,2009,9M,11660053.8,1,TND,unite,Estime,augmentation (estimation trimestrielle)
SFBT,Compte de resultat,Autres produits d'exploitation,Autres produits d'exploitation,autresproduitsdexploitation,2010-03-31,2010,T1,3989291.5,1,TND,unite,Estime,augmentation (estimation trimestrielle)
SFBT,Compte de resultat,Autres produits d'exploitation,Autres produits d'exploitation,autresproduitsdexploitation,2010-09-30,2010,9M,12255096.374,1,TND,unite,Estime,augmentation (estimation trimestrielle)
SFBT,Compte de resultat,Autres produits d'exploitation,Autres produits d'exploitation,autresproduitsdexploitation,2011-03-31,2011,T1,5099109.5,1,TND,unite,Estime,augmentation (estimation trimestrielle)
SFBT,Compte de resultat,Autres produits d'exploitation,Autres produits d'exploitation,autresproduitsdexploitation,2011-09-30,2011,9M,15796755.623,1,TND,unite,Estime,augmentation (estimation trimestrielle)
SFBT,Compte de resultat,Autres produits d'exploitation,Autres produits d'exploitation,autresproduitsdexploitation,2012-03-31,2012,T1,5956145.5,1,TND,unite,Estime,augmentation (estimation trimestrielle)
SFBT,Compte de resultat,Autres produits d'exploitation,Autres produits d'exploitation,autresproduitsdexploitation,2012-09-30,2012,9M,18484693.683,1,TND,unite,Estime,augmentation (estimation trimestrielle)
SFBT,Compte de resultat,Autres produits d'exploitation,Autres produits d'exploitation,autresproduitsdexploitation,2013-03-31,2013,T1,7014563.0,1,TND,unite,Estime,augmentation (estimation trimestrielle)
SFBT,Compte de resultat,Autres produits d'exploitation,Autres produits d'exploitation,autresproduitsdexploitation,2013-09-30,2013,9M,21465044.646,1,TND,unite,Estime,augmentation (estimation trimestrielle)
SFBT,Compte de resultat,Autres produits d'exploitation,Autres produits d'exploitation,autresproduitsdexploitation,2014-03-31,2014,T1,8169096.31,1,TND,unite,Estime,augmentation (estimation trimestrielle)
SFBT,Compte de resultat,Autres produits d'exploitation,Autres produits d'exploitation,autresproduitsdexploitation,2014-09-30,2014,9M,24806005.388,1,TND,unite,Estime,augmentation (estimation trimestrielle)
SFBT,Compte de resultat,Autres produits d'exploitation,Autres produits d'exploitation,autresproduitsdexploitation,2015-03-31,2015,T1,7300628.701,1,TND,unite,Estime,augmentation (estimation trimestrielle)
SFBT,Compte de resultat,Autres produits d'exploitation,Autres produits d'exploitation,autresproduitsdexploitation,2015-09-30,2015,9M,22674468.025,1,TND,unite,Estime,augmentation (estimation trimestrielle)
SFBT,Compte de resultat,Autres produits d'exploitation,Autres produits d'exploitation,autresproduitsdexploitation,2016-03-31,2016,T1,1076965.844,1,TND,unite,Estime,augmentation (estimation trimestrielle)
SFBT,Compte de resultat,Autres produits d'exploitation,Autres produits d'exploitation,autresproduitsdexploitation,2016-09-30,2016,9M,3282431.476,1,TND,unite,Estime,augmentation (estimation trimestrielle)
SFBT,Compte de resultat,Autres produits d'exploitation,Autres produits d'exploitation,autresproduitsdexploitation,2017-03-31,2017,T1,995578.887,1,TND,unite,Estime,augmentation (estimation trimestrielle)
SFBT,Compte de resultat,Autres produits d'exploitation,Autres produits d'exploitation,autresproduitsdexploitation,2017-09-30,2017,9M,4261929.542,1,TND,unite,Estime,augmentation (estimation trimestrielle)
SFBT,Compte de resultat,Autres produits d'exploitation,Autres produits d'exploitation,autresproduitsdexploitation,2018-03-31,2018,T1,1310323.968,1,TND,unite,Estime,augmentation (estimation trimestrielle)
SFBT,Compte de resultat,Autres produits d'exploitation,Autres produits d'exploitation,autresproduitsdexploitation,2018-09-30,2018,9M,4468900.19,1,TND,unite,Estime,augmentation (estimation trimestrielle)
SFBT,Compte de resultat,Autres produits d'exploitation,Autres produits d'exploitation,autresproduitsdexploitation,2019-03-31,2019,T1,1273359.345,1,TND,unite,Estime,augmentation (estimation trimestrielle)
SFBT,Compte de resultat,Autres produits d'exploitation,Autres produits d'exploitation,autresproduitsdexploitation,2019-09-30,2019,9M,4598236.522,1,TND,unite,Estime,augmentation (estimation trimestrielle)
SFBT,Compte de resultat,Autres produits d'exploitation,Autres produits d'exploitation,autresproduitsdexploitation,2020-03-31,2020,T1,1338459.153,1,TND,unite,Estime,augmentation (estimation trimestrielle)
SFBT,Compte de resultat,Autres produits d'exploitation,Autres produits d'exploitation,autresproduitsdexploitation,2020-09-30,2020,9M,4146060.779,1,TND,unite,Estime,augmentation (estimation trimestrielle)
SFBT,Compte de resultat,Autres produits d'exploitation,Autres produits d'exploitation,autresproduitsdexploitation,2021-03-31,2021,T1,1380297.614,1,TND,unite,Estime,augmentation (estimation trimestrielle)
SFBT,Compte de resultat,Autres produits d'exploitation,Autres produits d'exploitation,autresproduitsdexploitation,2021-09-30,2021,9M,,1,TND,unite,Estime,augmentation (estimation trimestrielle)
SFBT,Compte de resultat,Autres produits d'exploitation,Autres produits d'exploitation,autresproduitsdexploitation,2022-03-31,2022,T1,1834233.109,1,TND,unite,Estime,augmentation (estimation trimestrielle)
SFBT,Compte de resultat,Autres produits d'exploitation,Autres produits d'exploitation,autresproduitsdexploitation,2022-09-30,2022,9M,,1,TND,unite,Estime,augmentation (estimation trimestrielle)
SFBT,Compte de resultat,Autres produits d'exploitation,Autres produits d'exploitation,autresproduitsdexploitation,2023-03-31,2023,T1,1770394.796,1,TND,unite,Estime,augmentation (estimation trimestrielle)
SFBT,Compte de resultat,Autres produits d'exploitation,Autres produits d'exploitation,autresproduitsdexploitation,2023-09-30,2023,9M,5161746.228,1,TND,unite,Estime,augmentation (estimation trimestrielle)
SFBT,Compte de resultat,Autres produits d'exploitation,Autres produits d'exploitation,autresproduitsdexploitation,2024-03-31,2024,T1,1439471.178,1,TND,unite,Estime,augmentation (estimation trimestrielle)
SFBT,Compte de resultat,Autres produits d'exploitation,Autres produits d'exploitation,autresproduitsdexploitation,2024-09-30,2024,9M,4383671.33,1,TND,unite,Estime,augmentation (estimation trimestrielle)
SFBT,Compte de resultat,Autres produits d'exploitation,Autres produits d'exploitation,autresproduitsdexploitation,2025-03-31,2025,T1,1518208.519,1,TND,unite,Estime,augmentation (estimation trimestrielle)
SFBT,Compte de resultat,Charges de personnel,Charges de personnel,chargesdepersonnel,2005-03-31,2005,T1,2836272.32,1,TND,unite,Estime,augmentation (estimation trimestrielle)
SFBT,Compte de resultat,Charges de personnel,Charges de personnel,chargesdepersonnel,2005-09-30,2005,9M,8227717.222,1,TND,unite,Estime,augmentation (estimation trimestrielle)
SFBT,Compte de resultat,Charges de personnel,Charges de personnel,chargesdepersonnel,2006-03-31,2006,T1,2801223.347,1,TND,unite,Estime,augmentation (estimation trimestrielle)
SFBT,Compte de resultat,Charges de personnel,Charges de personnel,chargesdepersonnel,2006-09-30,2006,9M,8205361.627,1,TND,unite,Estime,augmentation (estimation trimestrielle)
SFBT,Compte de resultat,Charges de personnel,Charges de personnel,chargesdepersonnel,2007-03-31,2007,T1,2838182.135,1,TND,unite,Estime,augmentation (estimation trimestrielle)
SFBT,Compte de resultat,Charges de personnel,Charges de personnel,chargesdepersonnel,2007-09-30,2007,9M,8362003.894,1,TND,unite,Estime,augmentation (estimation trimestrielle)
SFBT,Compte de resultat,Charges de personnel,Charges de personnel,chargesdepersonnel,2008-03-31,2008,T1,2962301.831,1,TND,unite,Estime,augmentation (estimation trimestrielle)
SFBT,Compte de resultat,Charges de personnel,Charges de personnel,chargesdepersonnel,2008-09-30,2008,9M,8550802.718,1,TND,unite,Estime,augmentation (estimation trimestrielle)
SFBT,Compte de resultat,Charges de personnel,Charges de personnel,chargesdepersonnel,2009-03-31,2009,T1,3181092.643,1,TND,unite,Estime,augmentation (estimation trimestrielle)
SFBT,Compte de resultat,Charges de personnel,Charges de personnel,chargesdepersonnel,2009-09-30,2009,9M,9192575.777,1,TND,unite,Estime,augmentation (estimation trimestrielle)
SFBT,Compte de resultat,Charges de personnel,Charges de personnel,chargesdepersonnel,2010-03-31,2010,T1,3101915.5,1,TND,unite,Estime,augmentation (estimation trimestrielle)
SFBT,Compte de resultat,Charges de personnel,Charges de personnel,chargesdepersonnel,2010-09-30,2010,9M,9305432.758,1,TND,unite,Estime,augmentation (estimation trimestrielle)
SFBT,Compte de resultat,Charges de personnel,Charges de personnel,chargesdepersonnel,2011-03-31,2011,T1,5081688.0,1,TND,unite,Estime,augmentation (estimation trimestrielle)
SFBT,Compte de resultat,Charges de personnel,Charges de personnel,chargesdepersonnel,2011-09-30,2011,9M,16160283.912,1,TND,unite,Estime,augmentation (estimation trimestrielle)
SFBT,Compte de resultat,Charges de personnel,Charges de personnel,chargesdepersonnel,2012-03-31,2012,T1,5962165.0,1,TND,unite,Estime,augmentation (estimation trimestrielle)
SFBT,Compte de resultat,Charges de personnel,Charges de personnel,chargesdepersonnel,2012-09-30,2012,9M,18056609.58,1,TND,unite,Estime,augmentation (estimation trimestrielle)
SFBT,Compte de resultat,Charges de personnel,Charges de personnel,chargesdepersonnel,2013-03-31,2013,T1,6770407.0,1,TND,unite,Estime,augmentation (estimation trimestrielle)
SFBT,Compte de resultat,Charges de personnel,Charges de personnel,chargesdepersonnel,2013-09-30,2013,9M,19690446.027,1,TND,unite,Estime,augmentation (estimation trimestrielle)
SFBT,Compte de resultat,Charges de personnel,Charges de personnel,chargesdepersonnel,2014-03-31,2014,T1,6939823.195,1,TND,unite,Estime,augmentation (estimation trimestrielle)
SFBT,Compte de resultat,Charges de personnel,Charges de personnel,chargesdepersonnel,2014-09-30,2014,9M,20742736.837,1,TND,unite,Estime,augmentation (estimation trimestrielle)
SFBT,Compte de resultat,Charges de personnel,Charges de personnel,chargesdepersonnel,2015-03-31,2015,T1,7513158.91,1,TND,unite,Estime,augmentation (estimation trimestrielle)
SFBT,Compte de resultat,Charges de personnel,Charges de personnel,chargesdepersonnel,2015-09-30,2015,9M,22116974.793,1,TND,unite,Estime,augmentation (estimation trimestrielle)
SFBT,Compte de resultat,Charges de personnel,Charges de personnel,chargesdepersonnel,2016-03-31,2016,T1,8428275.284,1,TND,unite,Estime,augmentation (estimation trimestrielle)
SFBT,Compte de resultat,Charges de personnel,Charges de personnel,chargesdepersonnel,2016-09-30,2016,9M,24353957.414,1,TND,unite,Estime,augmentation (estimation trimestrielle)
SFBT,Compte de resultat,Charges de personnel,Charges de personnel,chargesdepersonnel,2017-03-31,2017,T1,9191414.173,1,TND,unite,Estime,augmentation (estimation trimestrielle)
SFBT,Compte de resultat,Charges de personnel,Charges de personnel,chargesdepersonnel,2017-09-30,2017,9M,26554779.196,1,TND,unite,Estime,augmentation (estimation trimestrielle)
SFBT,Compte de resultat,Charges de personnel,Charges de personnel,chargesdepersonnel,2018-03-31,2018,T1,9480467.998,1,TND,unite,Estime,augmentation (estimation trimestrielle)
SFBT,Compte de resultat,Charges de personnel,Charges de personnel,chargesdepersonnel,2018-09-30,2018,9M,28112505.506,1,TND,unite,Estime,augmentation (estimation trimestrielle)
SFBT,Compte de resultat,Charges de personnel,Charges de personnel,chargesdepersonnel,2019-03-31,2019,T1,9772056.474,1,TND,unite,Estime,augmentation (estimation trimestrielle)
SFBT,Compte de resultat,Charges de personnel,Charges de personnel,chargesdepersonnel,2019-09-30,2019,9M,28483098.999,1,TND,unite,Estime,augmentation (estimation trimestrielle)
SFBT,Compte de resultat,Charges de personnel,Charges de personnel,chargesdepersonnel,2020-03-31,2020,T1,10114025.02,1,TND,unite,Estime,augmentation (estimation trimestrielle)
SFBT,Compte de resultat,Charges de personnel,Charges de personnel,chargesdepersonnel,2020-09-30,2020,9M,29373852.455,1,TND,unite,Estime,augmentation (estimation trimestrielle)
SFBT,Compte de resultat,Charges de personnel,Charges de personnel,chargesdepersonnel,2021-03-31,2021,T1,9643915.943,1,TND,unite,Estime,augmentation (estimation trimestrielle)
SFBT,Compte de resultat,Charges de personnel,Charges de personnel,chargesdepersonnel,2021-09-30,2021,9M,,1,TND,unite,Estime,augmentation (estimation trimestrielle)
SFBT,Compte de resultat,Charges de personnel,Charges de personnel,chargesdepersonnel,2022-03-31,2022,T1,10111039.057,1,TND,unite,Estime,augmentation (estimation trimestrielle)
SFBT,Compte de resultat,Charges de personnel,Charges de personnel,chargesdepersonnel,2022-09-30,2022,9M,,1,TND,unite,Estime,augmentation (estimation trimestrielle)
SFBT,Compte de resultat,Charges de personnel,Charges de personnel,chargesdepersonnel,2023-03-31,2023,T1,10601698.46,1,TND,unite,Estime,augmentation (estimation trimestrielle)
SFBT,Compte de resultat,Charges de personnel,Charges de personnel,chargesdepersonnel,2023-09-30,2023,9M,32014553.733,1,TND,unite,Estime,augmentation (estimation trimestrielle)
SFBT,Compte de resultat,Charges de personnel,Charges de personnel,chargesdepersonnel,2024-03-31,2024,T1,11358159.905,1,TND,unite,Estime,augmentation (estimation trimestrielle)
SFBT,Compte de resultat,Charges de personnel,Charges de personnel,chargesdepersonnel,2024-09-30,2024,9M,34555828.144,1,TND,unite,Estime,augmentation (estimation trimestrielle)
SFBT,Compte de resultat,Charges de personnel,Charges de personnel,chargesdepersonnel,2025-03-31,2025,T1,13746627.297,1,TND,unite,Estime,augmentation (estimation trimestrielle)
SFBT,Compte de resultat,Charges financières nettes,Charges financières nettes,chargesfinancieresnettes,2005-03-31,2005,T1,-243091.19,1,TND,unite,Estime,augmentation (estimation trimestrielle)
SFBT,Compte de resultat,Charges financières nettes,Charges financières nettes,chargesfinancieresnettes,2005-09-30,2005,9M,,1,TND,unite,Estime,augmentation (estimation trimestrielle)
SFBT,Compte de resultat,Charges financières nettes,Charges financières nettes,chargesfinancieresnettes,2006-03-31,2006,T1,-279251.856,1,TND,unite,Estime,augmentation (estimation trimestrielle)
SFBT,Compte de resultat,Charges financières nettes,Charges financières nettes,chargesfinancieresnettes,2006-09-30,2006,9M,-916431.738,1,TND,unite,Estime,augmentation (estimation trimestrielle)
SFBT,Compte de resultat,Charges financières nettes,Charges financières nettes,chargesfinancieresnettes,2007-03-31,2007,T1,-226381.463,1,TND,unite,Estime,augmentation (estimation trimestrielle)
SFBT,Compte de resultat,Charges financières nettes,Charges financières nettes,chargesfinancieresnettes,2007-09-30,2007,9M,-1069315.82,1,TND,unite,Estime,augmentation (estimation trimestrielle)
SFBT,Compte de resultat,Charges financières nettes,Charges financières nettes,chargesfinancieresnettes,2008-03-31,2008,T1,-266305.371,1,TND,unite,Estime,augmentation (estimation trimestrielle)
SFBT,Compte de resultat,Charges financières nettes,Charges financières nettes,chargesfinancieresnettes,2008-09-30,2008,9M,-892134.482,1,TND,unite,Estime,augmentation (estimation trimestrielle)
SFBT,Compte de resultat,Charges financières nettes,Charges financières nettes,chargesfinancieresnettes,2009-03-31,2009,T1,-167837.051,1,TND,unite,Estime,augmentation (estimation trimestrielle)
SFBT,Compte de resultat,Charges financières nettes,Charges financières nettes,chargesfinancieresnettes,2009-09-30,2009,9M,-1067343.477,1,TND,unite,Estime,augmentation (estimation trimestrielle)
SFBT,Compte de resultat,Charges financières nettes,Charges financières nettes,chargesfinancieresnettes,2010-03-31,2010,T1,929041.5,1,TND,unite,Estime,augmentation (estimation trimestrielle)
SFBT,Compte de resultat,Charges financières nettes,Charges financières nettes,chargesfinancieresnettes,2010-09-30,2010,9M,-522023.066,1,TND,unite,Estime,augmentation (estimation trimestrielle)
SFBT,Compte de resultat,Charges financières nettes,Charges financières nettes,chargesfinancieresnettes,2011-03-31,2011,T1,862601.0,1,TND,unite,Estime,augmentation (estimation trimestrielle)
SFBT,Compte de resultat,Charges financières nettes,Charges financières nettes,chargesfinancieresnettes,2011-09-30,2011,9M,-1127471.728,1,TND,unite,Estime,augmentation (estimation trimestrielle)
SFBT,Compte de resultat,Charges financières nettes,Charges financières nettes,chargesfinancieresnettes,2012-03-31,2012,T1,-855959.5,1,TND,unite,Estime,augmentation (estimation trimestrielle)
SFBT,Compte de resultat,Charges financières nettes,Charges financières nettes,chargesfinancieresnettes,2012-09-30,2012,9M,-2843807.446,1,TND,unite,Estime,augmentation (estimation trimestrielle)
SFBT,Compte de resultat,Charges financières nettes,Charges financières nettes,chargesfinancieresnettes,2013-03-31,2013,T1,-1571549.5,1,TND,unite,Estime,augmentation (estimation trimestrielle)
SFBT,Compte de resultat,Charges financières nettes,Charges financières nettes,chargesfinancieresnettes,2013-09-30,2013,9M,-4917405.02,1,TND,unite,Estime,augmentation (estimation trimestrielle)
SFBT,Compte de resultat,Charges financières nettes,Charges financières nettes,chargesfinancieresnettes,2014-03-31,2014,T1,-446107.556,1,TND,unite,Estime,augmentation (estimation trimestrielle)
SFBT,Compte de resultat,Charges financières nettes,Charges financières nettes,chargesfinancieresnettes,2014-09-30,2014,9M,-1623196.478,1,TND,unite,Estime,augmentation (estimation trimestrielle)
SFBT,Compte de resultat,Charges financières nettes,Charges financières nettes,chargesfinancieresnettes,2015-03-31,2015,T1,-472451.366,1,TND,unite,Estime,augmentation (estimation trimestrielle)
SFBT,Compte de resultat,Charges financières nettes,Charges financières nettes,chargesfinancieresnettes,2015-09-30,2015,9M,-1504389.552,1,TND,unite,Estime,augmentation (estimation trimestrielle)
SFBT,Compte de resultat,Charges financières nettes,Charges financières nettes,chargesfinancieresnettes,2016-03-31,2016,T1,-1054942.545,1,TND,unite,Estime,augmentation (estimation trimestrielle)
SFBT,Compte de resultat,Charges financières nettes,Charges financières nettes,chargesfinancieresnettes,2016-09-30,2016,9M,-2145196.32,1,TND,unite,Estime,augmentation (estimation trimestrielle)
SFBT,Compte de resultat,Charges financières nettes,Charges financières nettes,chargesfinancieresnettes,2017-03-31,2017,T1,-1508925.608,1,TND,unite,Estime,augmentation (estimation trimestrielle)
SFBT,Compte de resultat,Charges financières nettes,Charges financières nettes,chargesfinancieresnettes,2017-09-30,2017,9M,-4063019.824,1,TND,unite,Estime,augmentation (estimation trimestrielle)
SFBT,Compte de resultat,Charges financières nettes,Charges financières nettes,chargesfinancieresnettes,2018-03-31,2018,T1,-1025752.531,1,TND,unite,Estime,augmentation (estimation trimestrielle)
SFBT,Compte de resultat,Charges financières nettes,Charges financières nettes,chargesfinancieresnettes,2018-09-30,2018,9M,-2929748.379,1,TND,unite,Estime,augmentation (estimation trimestrielle)
SFBT,Compte de resultat,Charges financières nettes,Charges financières nettes,chargesfinancieresnettes,2019-03-31,2019,T1,-502703.193,1,TND,unite,Estime,augmentation (estimation trimestrielle)
SFBT,Compte de resultat,Charges financières nettes,Charges financières nettes,chargesfinancieresnettes,2019-09-30,2019,9M,-2252836.501,1,TND,unite,Estime,augmentation (estimation trimestrielle)
SFBT,Compte de resultat,Charges financières nettes,Charges financières nettes,chargesfinancieresnettes,2020-03-31,2020,T1,-237611.106,1,TND,unite,Estime,augmentation (estimation trimestrielle)
SFBT,Compte de resultat,Charges financières nettes,Charges financières nettes,chargesfinancieresnettes,2020-09-30,2020,9M,-721197.313,1,TND,unite,Estime,augmentation (estimation trimestrielle)
SFBT,Compte de resultat,Charges financières nettes,Charges financières nettes,chargesfinancieresnettes,2021-03-31,2021,T1,-198426.978,1,TND,unite,Estime,augmentation (estimation trimestrielle)
SFBT,Compte de resultat,Contribution Sociale de Solidarité,Contribution Sociale de Solidarité,contributionsocialedesolidarite,2020-03-31,2020,T1,-351504.447,1,TND,unite,Estime,augmentation (estimation trimestrielle)
SFBT,Compte de resultat,Contribution Sociale de Solidarité,Contribution Sociale de Solidarité,contributionsocialedesolidarite,2020-09-30,2020,9M,-1293098.326,1,TND,unite,Estime,augmentation (estimation trimestrielle)
SFBT,Compte de resultat,Contribution Sociale de Solidarité,Contribution Sociale de Solidarité,contributionsocialedesolidarite,2021-03-31,2021,T1,-359532.171,1,TND,unite,Estime,augmentation (estimation trimestrielle)
SFBT,Compte de resultat,Contribution Sociale de Solidarité,Contribution Sociale de Solidarité,contributionsocialedesolidarite,2021-09-30,2021,9M,,1,TND,unite,Estime,augmentation (estimation trimestrielle)
SFBT,Compte de resultat,Contribution Sociale de Solidarité,Contribution Sociale de Solidarité,contributionsocialedesolidarite,2022-03-31,2022,T1,-475390.25,1,TND,unite,Estime,augmentation (estimation trimestrielle)
SFBT,Compte de resultat,Contribution Sociale de Solidarité,Contribution Sociale de Solidarité,contributionsocialedesolidarite,2022-09-30,2022,9M,,1,TND,unite,Estime,augmentation (estimation trimestrielle)
SFBT,Compte de resultat,Contribution Sociale de Solidarité,Contribution Sociale de Solidarité,contributionsocialedesolidarite,2023-03-31,2023,T1,-1349223.09,1,TND,unite,Estime,augmentation (estimation trimestrielle)
SFBT,Compte de resultat,Contribution au profit de l’Etat,Contribution au profit de l’Etat,contributionauprofitdeletat,2024-03-31,2024,T1,-1507404.12,1,TND,unite,Estime,augmentation (estimation trimestrielle)
SFBT,Compte de resultat,Contribution au profit de l’Etat,Contribution au profit de l’Etat,contributionauprofitdeletat,2025-03-31,2025,T1,-520496.53,1,TND,unite,Estime,augmentation (estimation trimestrielle)
SFBT,Compte de resultat,Dotations aux amortissements et aux provisions,Dotations aux amortissements et aux provisions,dotationsauxamortissementsetauxprovisions,2005-03-31,2005,T1,2303774.283,1,TND,unite,Estime,augmentation (estimation trimestrielle)
SFBT,Compte de resultat,Dotations aux amortissements et aux provisions,Dotations aux amortissements et aux provisions,dotationsauxamortissementsetauxprovisions,2005-09-30,2005,9M,8124903.654,1,TND,unite,Estime,augmentation (estimation trimestrielle)
SFBT,Compte de resultat,Dotations aux amortissements et aux provisions,Dotations aux amortissements et aux provisions,dotationsauxamortissementsetauxprovisions,2006-03-31,2006,T1,2278262.522,1,TND,unite,Estime,augmentation (estimation trimestrielle)
SFBT,Compte de resultat,Dotations aux amortissements et aux provisions,Dotations aux amortissements et aux provisions,dotationsauxamortissementsetauxprovisions,2006-09-30,2006,9M,7168948.783,1,TND,unite,Estime,augmentation (estimation trimestrielle)
SFBT,Compte de resultat,Dotations aux amortissements et aux provisions,Dotations aux amortissements et aux provisions,dotationsauxamortissementsetauxprovisions,2007-03-31,2007,T1,2908076.52,1,TND,unite,Estime,augmentation (estimation trimestrielle)
SFBT,Compte de resultat,Dotations aux amortissements et aux provisions,Dotations aux amortissements et aux provisions,dotationsauxamortissementsetauxprovisions,2007-09-30,2007,9M,8542096.803,1,TND,unite,Estime,augmentation (estimation trimestrielle)
SFBT,Compte de resultat,Dotations aux amortissements et aux provisions,Dotations aux amortissements et aux provisions,dotationsauxamortissementsetauxprovisions,2008-03-31,2008,T1,2408840.812,1,TND,unite,Estime,augmentation (estimation trimestrielle)
SFBT,Compte de resultat,Dotations aux amortissements et aux provisions,Dotations aux amortissements et aux provisions,dotationsauxamortissementsetauxprovisions,2008-09-30,2008,9M,7208184.71,1,TND,unite,Estime,augmentation (estimation trimestrielle)
SFBT,Compte de resultat,Dotations aux amortissements et aux provisions,Dotations aux amortissements et aux provisions,dotationsauxamortissementsetauxprovisions,2009-03-31,2009,T1,2246875.385,1,TND,unite,Estime,augmentation (estimation trimestrielle)
SFBT,Compte de resultat,Dotations aux amortissements et aux provisions,Dotations aux amortissements et aux provisions,dotationsauxamortissementsetauxprovisions,2009-09-30,2009,9M,6907390.522,1,TND,unite,Estime,augmentation (estimation trimestrielle)
SFBT,Compte de resultat,Dotations aux amortissements et aux provisions,Dotations aux amortissements et aux provisions,dotationsauxamortissementsetauxprovisions,2010-03-31,2010,T1,2330847.5,1,TND,unite,Estime,augmentation (estimation trimestrielle)
SFBT,Compte de resultat,Dotations aux amortissements et aux provisions,Dotations aux amortissements et aux provisions,dotationsauxamortissementsetauxprovisions,2010-09-30,2010,9M,7091331.294,1,TND,unite,Estime,augmentation (estimation trimestrielle)
SFBT,Compte de resultat,Dotations aux amortissements et aux provisions,Dotations aux amortissements et aux provisions,dotationsauxamortissementsetauxprovisions,2011-03-31,2011,T1,2586330.0,1,TND,unite,Estime,augmentation (estimation trimestrielle)
SFBT,Compte de resultat,Dotations aux amortissements et aux provisions,Dotations aux amortissements et aux provisions,dotationsauxamortissementsetauxprovisions,2011-09-30,2011,9M,9248488.308,1,TND,unite,Estime,augmentation (estimation trimestrielle)
SFBT,Compte de resultat,Dotations aux amortissements et aux provisions,Dotations aux amortissements et aux provisions,dotationsauxamortissementsetauxprovisions,2012-03-31,2012,T1,2970703.0,1,TND,unite,Estime,augmentation (estimation trimestrielle)
SFBT,Compte de resultat,Dotations aux amortissements et aux provisions,Dotations aux amortissements et aux provisions,dotationsauxamortissementsetauxprovisions,2012-09-30,2012,9M,9719061.708,1,TND,unite,Estime,augmentation (estimation trimestrielle)
SFBT,Compte de resultat,Dotations aux amortissements et aux provisions,Dotations aux amortissements et aux provisions,dotationsauxamortissementsetauxprovisions,2013-03-31,2013,T1,3472279.5,1,TND,unite,Estime,augmentation (estimation trimestrielle)
SFBT,Compte de resultat,Dotations aux amortissements et aux provisions,Dotations aux amortissements et aux provisions,dotationsauxamortissementsetauxprovisions,2013-09-30,2013,9M,11966804.455,1,TND,unite,Estime,augmentation (estimation trimestrielle)
SFBT,Compte de resultat,Dotations aux amortissements et aux provisions,Dotations aux amortissements et aux provisions,dotationsauxamortissementsetauxprovisions,2014-03-31,2014,T1,3530243.331,1,TND,unite,Estime,augmentation (estimation trimestrielle)
SFBT,Compte de resultat,Dotations aux amortissements et aux provisions,Dotations aux amortissements et aux provisions,dotationsauxamortissementsetauxprovisions,2014-09-30,2014,9M,11846316.542,1,TND,unite,Estime,augmentation (estimation trimestrielle)
SFBT,Compte de resultat,Dotations aux amortissements et aux provisions,Dotations aux amortissements et aux provisions,dotationsauxamortissementsetauxprovisions,2015-03-31,2015,T1,4108287.627,1,TND,unite,Estime,augmentation (estimation trimestrielle)
SFBT,Compte de resultat,Dotations aux amortissements et aux provisions,Dotations aux amortissements et aux provisions,dotationsauxamortissementsetauxprovisions,2015-09-30,2015,9M,13340823.968,1,TND,unite,Estime,augmentation (estimation trimestrielle)
SFBT,Compte de resultat,Dotations aux amortissements et aux provisions,Dotations aux amortissements et aux provisions,dotationsauxamortissementsetauxprovisions,2016-03-31,2016,T1,4303539.017,1,TND,unite,Estime,augmentation (estimation trimestrielle)
SFBT,Compte de resultat,Dotations aux amortissements et aux provisions,Dotations aux amortissements et aux provisions,dotationsauxamortissementsetauxprovisions,2016-09-30,2016,9M,14285246.501,1,TND,unite,Estime,augmentation (estimation trimestrielle)
SFBT,Compte de resultat,Dotations aux amortissements et aux provisions,Dotations aux amortissements et aux provisions,dotationsauxamortissementsetauxprovisions,2017-03-31,2017,T1,4649681.428,1,TND,unite,Estime,augmentation (estimation trimestrielle)
SFBT,Compte de resultat,Dotations aux amortissements et aux provisions,Dotations aux amortissements et aux provisions,dotationsauxamortissementsetauxprovisions,2017-09-30,2017,9M,16428260.168,1,TND,unite,Estime,augmentation (estimation trimestrielle)
SFBT,Compte de resultat,Dotations aux amortissements et aux provisions,Dotations aux amortissements et aux provisions,dotationsauxamortissementsetauxprovisions,2018-03-31,2018,T1,4752856.702,1,TND,unite,Estime,augmentation (estimation trimestrielle)
SFBT,Compte de resultat,Dotations aux amortissements et aux provisions,Dotations aux amortissements et aux provisions,dotationsauxamortissementsetauxprovisions,2018-09-30,2018,9M,17440396.655,1,TND,unite,Estime,augmentation (estimation trimestrielle)
SFBT,Compte de resultat,Dotations aux amortissements et aux provisions,Dotations aux amortissements et aux provisions,dotationsauxamortissementsetauxprovisions,2019-03-31,2019,T1,6721822.652,1,TND,unite,Estime,augmentation (estimation trimestrielle)
SFBT,Compte de resultat,Dotations aux amortissements et aux provisions,Dotations aux amortissements et aux provisions,dotationsauxamortissementsetauxprovisions,2019-09-30,2019,9M,20748671.453,1,TND,unite,Estime,augmentation (estimation trimestrielle)
SFBT,Compte de resultat,Dotations aux amortissements et aux provisions,Dotations aux amortissements et aux provisions,dotationsauxamortissementsetauxprovisions,2020-03-31,2020,T1,6957654.448,1,TND,unite,Estime,augmentation (estimation trimestrielle)
SFBT,Compte de resultat,Dotations aux amortissements et aux provisions,Dotations aux amortissements et aux provisions,dotationsauxamortissementsetauxprovisions,2020-09-30,2020,9M,24284070.034,1,TND,unite,Estime,augmentation (estimation trimestrielle)
SFBT,Compte de resultat,Dotations aux amortissements et aux provisions,Dotations aux amortissements et aux provisions,dotationsauxamortissementsetauxprovisions,2021-03-31,2021,T1,7638530.125,1,TND,unite,Estime,augmentation (estimation trimestrielle)
SFBT,Compte de resultat,Dotations aux amortissements et aux provisions,Dotations aux amortissements et aux provisions,dotationsauxamortissementsetauxprovisions,2021-09-30,2021,9M,,1,TND,unite,Estime,augmentation (estimation trimestrielle)
SFBT,Compte de resultat,Dotations aux amortissements et aux provisions,Dotations aux amortissements et aux provisions,dotationsauxamortissementsetauxprovisions,2022-03-31,2022,T1,7329191.462,1,TND,unite,Estime,augmentation (estimation trimestrielle)
SFBT,Compte de resultat,Dotations aux amortissements et aux provisions,Dotations aux amortissements et aux provisions,dotationsauxamortissementsetauxprovisions,2022-09-30,2022,9M,,1,TND,unite,Estime,augmentation (estimation trimestrielle)
SFBT,Compte de resultat,Dotations aux amortissements et aux provisions,Dotations aux amortissements et aux provisions,dotationsauxamortissementsetauxprovisions,2023-03-31,2023,T1,6335172.685,1,TND,unite,Estime,augmentation (estimation trimestrielle)
SFBT,Compte de resultat,Dotations aux amortissements et aux provisions,Dotations aux amortissements et aux provisions,dotationsauxamortissementsetauxprovisions,2023-09-30,2023,9M,26030633.177,1,TND,unite,Estime,augmentation (estimation trimestrielle)
SFBT,Compte de resultat,Dotations aux amortissements et aux provisions,Dotations aux amortissements et aux provisions,dotationsauxamortissementsetauxprovisions,2024-03-31,2024,T1,7946463.811,1,TND,unite,Estime,augmentation (estimation trimestrielle)
SFBT,Compte de resultat,Dotations aux amortissements et aux provisions,Dotations aux amortissements et aux provisions,dotationsauxamortissementsetauxprovisions,2024-09-30,2024,9M,25630153.871,1,TND,unite,Estime,augmentation (estimation trimestrielle)
SFBT,Compte de resultat,Dotations aux amortissements et aux provisions,Dotations aux amortissements et aux provisions,dotationsauxamortissementsetauxprovisions,2025-03-31,2025,T1,6135800.786,1,TND,unite,Estime,augmentation (estimation trimestrielle)
SFBT,Compte de resultat,Eléments extraordinaires (Contribution Sociale de Solidarité),Eléments extraordinaires (Contribution Sociale de Solidarité),elementsextraordinairescontributionsocialedesolidarite,2019-03-31,2019,T1,241783.0,1,TND,unite,Estime,augmentation (estimation trimestrielle)
SFBT,Compte de resultat,Impôt sur les revenus des capitaux mobiliers,Impôt sur les revenus des capitaux mobiliers,impotsurlesrevenusdescapitauxmobiliers,2021-03-31,2021,T1,-570067.05,1,TND,unite,Estime,augmentation (estimation trimestrielle)
SFBT,Compte de resultat,Impôt sur les sociétés,Impôt sur les sociétés,impotsurlessocietes,2005-03-31,2005,T1,1450000.0,1,TND,unite,Estime,augmentation (estimation trimestrielle)
SFBT,Compte de resultat,Impôt sur les sociétés,Impôt sur les sociétés,impotsurlessocietes,2005-09-30,2005,9M,4879885.025,1,TND,unite,Estime,augmentation (estimation trimestrielle)
SFBT,Compte de resultat,Impôt sur les sociétés,Impôt sur les sociétés,impotsurlessocietes,2006-03-31,2006,T1,1100000.0,1,TND,unite,Estime,augmentation (estimation trimestrielle)
SFBT,Compte de resultat,Impôt sur les sociétés,Impôt sur les sociétés,impotsurlessocietes,2006-09-30,2006,9M,3997291.85,1,TND,unite,Estime,augmentation (estimation trimestrielle)
SFBT,Compte de resultat,Impôt sur les sociétés,Impôt sur les sociétés,impotsurlessocietes,2007-03-31,2007,T1,1850000.0,1,TND,unite,Estime,augmentation (estimation trimestrielle)
SFBT,Compte de resultat,Impôt sur les sociétés,Impôt sur les sociétés,impotsurlessocietes,2007-09-30,2007,9M,5777826.95,1,TND,unite,Estime,augmentation (estimation trimestrielle)
SFBT,Compte de resultat,Impôt sur les sociétés,Impôt sur les sociétés,impotsurlessocietes,2008-03-31,2008,T1,1300000.0,1,TND,unite,Estime,augmentation (estimation trimestrielle)
SFBT,Compte de resultat,Impôt sur les sociétés,Impôt sur les sociétés,impotsurlessocietes,2008-09-30,2008,9M,4581197.7,1,TND,unite,Estime,augmentation (estimation trimestrielle)
SFBT,Compte de resultat,Impôt sur les sociétés,Impôt sur les sociétés,impotsurlessocietes,2009-03-31,2009,T1,1650000.0,1,TND,unite,Estime,augmentation (estimation trimestrielle)
SFBT,Compte de resultat,Impôt sur les sociétés,Impôt sur les sociétés,impotsurlessocietes,2009-09-30,2009,9M,5550566.4,1,TND,unite,Estime,augmentation (estimation trimestrielle)
SFBT,Compte de resultat,Impôt sur les sociétés,Impôt sur les sociétés,impotsurlessocietes,2010-03-31,2010,T1,2100000.0,1,TND,unite,Estime,augmentation (estimation trimestrielle)
SFBT,Compte de resultat,Impôt sur les sociétés,Impôt sur les sociétés,impotsurlessocietes,2010-09-30,2010,9M,6460383.9,1,TND,unite,Estime,augmentation (estimation trimestrielle)
SFBT,Compte de resultat,Impôt sur les sociétés,Impôt sur les sociétés,impotsurlessocietes,2011-03-31,2011,T1,2270000.0,1,TND,unite,Estime,augmentation (estimation trimestrielle)
SFBT,Compte de resultat,Impôt sur les sociétés,Impôt sur les sociétés,impotsurlessocietes,2011-09-30,2011,9M,6520755.95,1,TND,unite,Estime,augmentation (estimation trimestrielle)
SFBT,Compte de resultat,Impôt sur les sociétés,Impôt sur les sociétés,impotsurlessocietes,2012-03-31,2012,T1,2570000.0,1,TND,unite,Estime,augmentation (estimation trimestrielle)
SFBT,Compte de resultat,Impôt sur les sociétés,Impôt sur les sociétés,impotsurlessocietes,2012-09-30,2012,9M,6447619.25,1,TND,unite,Estime,augmentation (estimation trimestrielle)
SFBT,Compte de resultat,Impôt sur les sociétés,Impôt sur les sociétés,impotsurlessocietes,2013-03-31,2013,T1,3425300.0,1,TND,unite,Estime,augmentation (estimation trimestrielle)
SFBT,Compte de resultat,Impôt sur les sociétés,Impôt sur les sociétés,impotsurlessocietes,2013-09-30,2013,9M,7882641.8,1,TND,unite,Estime,augmentation (estimation trimestrielle)
SFBT,Compte de resultat,Impôt sur les sociétés,Impôt sur les sociétés,impotsurlessocietes,2014-03-31,2014,T1,2008758.6,1,TND,unite,Estime,augmentation (estimation trimestrielle)
SFBT,Compte de resultat,Impôt sur les sociétés,Impôt sur les sociétés,impotsurlessocietes,2014-09-30,2014,9M,7076931.137,1,TND,unite,Estime,augmentation (estimation trimestrielle)
SFBT,Compte de resultat,Impôt sur les sociétés,Impôt sur les sociétés,impotsurlessocietes,2015-03-31,2015,T1,2947550.0,1,TND,unite,Estime,augmentation (estimation trimestrielle)
SFBT,Compte de resultat,Impôt sur les sociétés,Impôt sur les sociétés,impotsurlessocietes,2015-09-30,2015,9M,8879622.114,1,TND,unite,Estime,augmentation (estimation trimestrielle)
SFBT,Compte de resultat,Impôt sur les sociétés,Impôt sur les sociétés,impotsurlessocietes,2016-03-31,2016,T1,4244277.5,1,TND,unite,Estime,augmentation (estimation trimestrielle)
SFBT,Compte de resultat,Impôt sur les sociétés,Impôt sur les sociétés,impotsurlessocietes,2016-09-30,2016,9M,11812468.054,1,TND,unite,Estime,augmentation (estimation trimestrielle)
SFBT,Compte de resultat,Impôt sur les sociétés,Impôt sur les sociétés,impotsurlessocietes,2017-03-31,2017,T1,4694283.5,1,TND,unite,Estime,augmentation (estimation trimestrielle)
SFBT,Compte de resultat,Impôt sur les sociétés,Impôt sur les sociétés,impotsurlessocietes,2017-09-30,2017,9M,13205005.075,1,TND,unite,Estime,augmentation (estimation trimestrielle)
SFBT,Compte de resultat,Impôt sur les sociétés,Impôt sur les sociétés,impotsurlessocietes,2018-03-31,2018,T1,5625162.5,1,TND,unite,Estime,augmentation (estimation trimestrielle)
SFBT,Compte de resultat,Impôt sur les sociétés,Impôt sur les sociétés,impotsurlessocietes,2018-09-30,2018,9M,15277839.325,1,TND,unite,Estime,augmentation (estimation trimestrielle)
SFBT,Compte de resultat,Impôt sur les sociétés,Impôt sur les sociétés,impotsurlessocietes,2019-03-31,2019,T1,5740000.0,1,TND,unite,Estime,augmentation (estimation trimestrielle)
SFBT,Compte de resultat,Impôt sur les sociétés,Impôt sur les sociétés,impotsurlessocietes,2019-09-30,2019,9M,-8004073.425,1,TND,unite,Estime,augmentation (estimation trimestrielle)
SFBT,Compte de resultat,Impôt sur les sociétés,Impôt sur les sociétés,impotsurlessocietes,2020-03-31,2020,T1,-8463500.0,1,TND,unite,Estime,augmentation (estimation trimestrielle)
SFBT,Compte de resultat,Impôt sur les sociétés,Impôt sur les sociétés,impotsurlessocietes,2020-09-30,2020,9M,-31225318.75,1,TND,unite,Estime,augmentation (estimation trimestrielle)
SFBT,Compte de resultat,Impôt sur les sociétés,Impôt sur les sociétés,impotsurlessocietes,2021-03-31,2021,T1,-5392982.5,1,TND,unite,Estime,augmentation (estimation trimestrielle)
SFBT,Compte de resultat,Impôt sur les sociétés,Impôt sur les sociétés,impotsurlessocietes,2024-03-31,2024,T1,-7537020.6,1,TND,unite,Estime,augmentation (estimation trimestrielle)
SFBT,Compte de resultat,Impôt sur les sociétés,Impôt sur les sociétés,impotsurlessocietes,2024-09-30,2024,9M,-32180730.3,1,TND,unite,Estime,augmentation (estimation trimestrielle)
SFBT,Compte de resultat,Impôt sur les sociétés,Impôt sur les sociétés,impotsurlessocietes,2025-03-31,2025,T1,-10409930.6,1,TND,unite,Estime,augmentation (estimation trimestrielle)
SFBT,Compte de resultat,Impôts sur les sociétés,Impôts sur les sociétés,impotssurlessocietes,2022-03-31,2022,T1,-7130853.75,1,TND,unite,Estime,augmentation (estimation trimestrielle)
SFBT,Compte de resultat,Impôts sur les sociétés,Impôts sur les sociétés,impotssurlessocietes,2022-09-30,2022,9M,,1,TND,unite,Estime,augmentation (estimation trimestrielle)
SFBT,Compte de resultat,Impôts sur les sociétés,Impôts sur les sociétés,impotssurlessocietes,2023-03-31,2023,T1,-6746115.45,1,TND,unite,Estime,augmentation (estimation trimestrielle)
SFBT,Compte de resultat,Production immobilisée,Production immobilisée,productionimmobilisee,2020-03-31,2020,T1,93852.451,1,TND,unite,Estime,augmentation (estimation trimestrielle)
SFBT,Compte de resultat,Production immobilisée,Production immobilisée,productionimmobilisee,2020-09-30,2020,9M,261643.553,1,TND,unite,Estime,augmentation (estimation trimestrielle)
SFBT,Compte de resultat,Production immobilisée,Production immobilisée,productionimmobilisee,2024-03-31,2024,T1,13887.5,1,TND,unite,Estime,augmentation (estimation trimestrielle)
SFBT,Compte de resultat,Production immobilisée,Production immobilisée,productionimmobilisee,2024-09-30,2024,9M,27775.0,1,TND,unite,Estime,augmentation (estimation trimestrielle)
SFBT,Compte de resultat,Produits des placements,Produits des placements,produitsdesplacements,2005-03-31,2005,T1,8327255.798,1,TND,unite,Estime,augmentation (estimation trimestrielle)
SFBT,Compte de resultat,Produits des placements,Produits des placements,produitsdesplacements,2005-09-30,2005,9M,,1,TND,unite,Estime,augmentation (estimation trimestrielle)
SFBT,Compte de resultat,Produits des placements,Produits des placements,produitsdesplacements,2006-03-31,2006,T1,9755349.469,1,TND,unite,Estime,augmentation (estimation trimestrielle)
SFBT,Compte de resultat,Produits des placements,Produits des placements,produitsdesplacements,2006-09-30,2006,9M,19596629.476,1,TND,unite,Estime,augmentation (estimation trimestrielle)
SFBT,Compte de resultat,Produits des placements,Produits des placements,produitsdesplacements,2007-03-31,2007,T1,10744609.492,1,TND,unite,Estime,augmentation (estimation trimestrielle)
SFBT,Compte de resultat,Produits des placements,Produits des placements,produitsdesplacements,2007-09-30,2007,9M,21728937.973,1,TND,unite,Estime,augmentation (estimation trimestrielle)
SFBT,Compte de resultat,Produits des placements,Produits des placements,produitsdesplacements,2008-03-31,2008,T1,10628106.772,1,TND,unite,Estime,augmentation (estimation trimestrielle)
SFBT,Compte de resultat,Produits des placements,Produits des placements,produitsdesplacements,2008-09-30,2008,9M,21555369.918,1,TND,unite,Estime,augmentation (estimation trimestrielle)
SFBT,Compte de resultat,Produits des placements,Produits des placements,produitsdesplacements,2009-03-31,2009,T1,11024456.801,1,TND,unite,Estime,augmentation (estimation trimestrielle)
SFBT,Compte de resultat,Produits des placements,Produits des placements,produitsdesplacements,2009-09-30,2009,9M,22383125.889,1,TND,unite,Estime,augmentation (estimation trimestrielle)
SFBT,Compte de resultat,Produits des placements,Produits des placements,produitsdesplacements,2010-03-31,2010,T1,12353717.0,1,TND,unite,Estime,augmentation (estimation trimestrielle)
SFBT,Compte de resultat,Produits des placements,Produits des placements,produitsdesplacements,2010-09-30,2010,9M,24910725.528,1,TND,unite,Estime,augmentation (estimation trimestrielle)
SFBT,Compte de resultat,Produits des placements,Produits des placements,produitsdesplacements,2011-03-31,2011,T1,14651018.5,1,TND,unite,Estime,augmentation (estimation trimestrielle)
SFBT,Compte de resultat,Produits des placements,Produits des placements,produitsdesplacements,2011-09-30,2011,9M,29053568.881,1,TND,unite,Estime,augmentation (estimation trimestrielle)
SFBT,Compte de resultat,Produits des placements,Produits des placements,produitsdesplacements,2012-03-31,2012,T1,14813910.5,1,TND,unite,Estime,augmentation (estimation trimestrielle)
SFBT,Compte de resultat,Produits des placements,Produits des placements,produitsdesplacements,2012-09-30,2012,9M,29854348.21,1,TND,unite,Estime,augmentation (estimation trimestrielle)
SFBT,Compte de resultat,Produits des placements,Produits des placements,produitsdesplacements,2013-03-31,2013,T1,23335876.5,1,TND,unite,Estime,augmentation (estimation trimestrielle)
SFBT,Compte de resultat,Produits des placements,Produits des placements,produitsdesplacements,2013-09-30,2013,9M,46915626.916,1,TND,unite,Estime,augmentation (estimation trimestrielle)
SFBT,Compte de resultat,Produits des placements,Produits des placements,produitsdesplacements,2014-03-31,2014,T1,23889584.866,1,TND,unite,Estime,augmentation (estimation trimestrielle)
SFBT,Compte de resultat,Produits des placements,Produits des placements,produitsdesplacements,2014-09-30,2014,9M,48081341.742,1,TND,unite,Estime,augmentation (estimation trimestrielle)
SFBT,Compte de resultat,Produits des placements,Produits des placements,produitsdesplacements,2015-03-31,2015,T1,26969750.12,1,TND,unite,Estime,augmentation (estimation trimestrielle)
SFBT,Compte de resultat,Produits des placements,Produits des placements,produitsdesplacements,2015-09-30,2015,9M,54284768.251,1,TND,unite,Estime,augmentation (estimation trimestrielle)
SFBT,Compte de resultat,Produits des placements,Produits des placements,produitsdesplacements,2016-03-31,2016,T1,29839753.514,1,TND,unite,Estime,augmentation (estimation trimestrielle)
SFBT,Compte de resultat,Produits des placements,Produits des placements,produitsdesplacements,2016-09-30,2016,9M,60122498.58,1,TND,unite,Estime,augmentation (estimation trimestrielle)
SFBT,Compte de resultat,Produits des placements,Produits des placements,produitsdesplacements,2017-03-31,2017,T1,30948983.42,1,TND,unite,Estime,augmentation (estimation trimestrielle)
SFBT,Compte de resultat,Produits des placements,Produits des placements,produitsdesplacements,2017-09-30,2017,9M,63209391.874,1,TND,unite,Estime,augmentation (estimation trimestrielle)
SFBT,Compte de resultat,Produits des placements,Produits des placements,produitsdesplacements,2018-03-31,2018,T1,33672132.161,1,TND,unite,Estime,augmentation (estimation trimestrielle)
SFBT,Compte de resultat,Produits des placements,Produits des placements,produitsdesplacements,2018-09-30,2018,9M,68388375.145,1,TND,unite,Estime,augmentation (estimation trimestrielle)
SFBT,Compte de resultat,Produits des placements,Produits des placements,produitsdesplacements,2019-03-31,2019,T1,34738449.917,1,TND,unite,Estime,augmentation (estimation trimestrielle)
SFBT,Compte de resultat,Produits des placements,Produits des placements,produitsdesplacements,2019-09-30,2019,9M,72112842.672,1,TND,unite,Estime,augmentation (estimation trimestrielle)
SFBT,Compte de resultat,Produits des placements,Produits des placements,produitsdesplacements,2020-03-31,2020,T1,34477755.816,1,TND,unite,Estime,augmentation (estimation trimestrielle)
SFBT,Compte de resultat,Produits des placements,Produits des placements,produitsdesplacements,2020-09-30,2020,9M,71215495.269,1,TND,unite,Estime,augmentation (estimation trimestrielle)
SFBT,Compte de resultat,Produits des placements,Produits des placements,produitsdesplacements,2021-03-31,2021,T1,36131699.63,1,TND,unite,Estime,augmentation (estimation trimestrielle)
SFBT,Compte de resultat,Produits des placements,Produits des placements,produitsdesplacements,2021-09-30,2021,9M,,1,TND,unite,Estime,augmentation (estimation trimestrielle)
SFBT,Compte de resultat,Produits des placements,Produits des placements,produitsdesplacements,2022-03-31,2022,T1,37095275.165,1,TND,unite,Estime,augmentation (estimation trimestrielle)
SFBT,Compte de resultat,Produits des placements,Produits des placements,produitsdesplacements,2022-09-30,2022,9M,,1,TND,unite,Estime,augmentation (estimation trimestrielle)
SFBT,Compte de resultat,Produits des placements,Produits des placements,produitsdesplacements,2023-03-31,2023,T1,42115633.124,1,TND,unite,Estime,augmentation (estimation trimestrielle)
SFBT,Compte de resultat,Produits des placements,Produits des placements,produitsdesplacements,2023-09-30,2023,9M,88256132.3,1,TND,unite,Estime,augmentation (estimation trimestrielle)
SFBT,Compte de resultat,Produits des placements,Produits des placements,produitsdesplacements,2024-03-31,2024,T1,47293602.975,1,TND,unite,Estime,augmentation (estimation trimestrielle)
SFBT,Compte de resultat,Produits des placements,Produits des placements,produitsdesplacements,2024-09-30,2024,9M,102551954.594,1,TND,unite,Estime,augmentation (estimation trimestrielle)
SFBT,Compte de resultat,Produits des placements,Produits des placements,produitsdesplacements,2025-03-31,2025,T1,53635866.678,1,TND,unite,Estime,augmentation (estimation trimestrielle)
SFBT,Compte de resultat,Produits et charges financiers nets,Produits et charges financiers nets,produitsetchargesfinanciersnets,2022-03-31,2022,T1,-136649.698,1,TND,unite,Estime,augmentation (estimation trimestrielle)
SFBT,Compte de resultat,Produits et charges financiers nets,Produits et charges financiers nets,produitsetchargesfinanciersnets,2022-09-30,2022,9M,,1,TND,unite,Estime,augmentation (estimation trimestrielle)
SFBT,Compte de resultat,Produits et charges financiers nets,Produits et charges financiers nets,produitsetchargesfinanciersnets,2023-03-31,2023,T1,212090.465,1,TND,unite,Estime,augmentation (estimation trimestrielle)
SFBT,Compte de resultat,Produits et charges financiers nets,Produits et charges financiers nets,produitsetchargesfinanciersnets,2023-09-30,2023,9M,988631.765,1,TND,unite,Estime,augmentation (estimation trimestrielle)
SFBT,Compte de resultat,Produits et charges financiers nets,Produits et charges financiers nets,produitsetchargesfinanciersnets,2024-03-31,2024,T1,450220.92,1,TND,unite,Estime,augmentation (estimation trimestrielle)
SFBT,Compte de resultat,Produits et charges financiers nets,Produits et charges financiers nets,produitsetchargesfinanciersnets,2024-09-30,2024,9M,1959917.34,1,TND,unite,Estime,augmentation (estimation trimestrielle)
SFBT,Compte de resultat,Produits et charges financiers nets,Produits et charges financiers nets,produitsetchargesfinanciersnets,2025-03-31,2025,T1,2559173.935,1,TND,unite,Estime,augmentation (estimation trimestrielle)
SFBT,Compte de resultat,RESULTAT D'EXPLOITATION,RESULTAT D'EXPLOITATION,resultatdexploitation,2005-03-31,2005,T1,6052700.947,1,TND,unite,Estime,augmentation (estimation trimestrielle)
SFBT,Compte de resultat,RESULTAT D'EXPLOITATION,RESULTAT D'EXPLOITATION,resultatdexploitation,2005-09-30,2005,9M,,1,TND,unite,Estime,augmentation (estimation trimestrielle)
SFBT,Compte de resultat,RESULTAT D'EXPLOITATION,RESULTAT D'EXPLOITATION,resultatdexploitation,2006-03-31,2006,T1,6527288.81,1,TND,unite,Estime,augmentation (estimation trimestrielle)
SFBT,Compte de resultat,RESULTAT D'EXPLOITATION,RESULTAT D'EXPLOITATION,resultatdexploitation,2006-09-30,2006,9M,20725020.846,1,TND,unite,Estime,augmentation (estimation trimestrielle)
SFBT,Compte de resultat,RESULTAT D'EXPLOITATION,RESULTAT D'EXPLOITATION,resultatdexploitation,2007-03-31,2007,T1,7299043.241,1,TND,unite,Estime,augmentation (estimation trimestrielle)
SFBT,Compte de resultat,RESULTAT D'EXPLOITATION,RESULTAT D'EXPLOITATION,resultatdexploitation,2007-09-30,2007,9M,23225484.986,1,TND,unite,Estime,augmentation (estimation trimestrielle)
SFBT,Compte de resultat,RESULTAT D'EXPLOITATION,RESULTAT D'EXPLOITATION,resultatdexploitation,2008-03-31,2008,T1,8025502.042,1,TND,unite,Estime,augmentation (estimation trimestrielle)
SFBT,Compte de resultat,RESULTAT D'EXPLOITATION,RESULTAT D'EXPLOITATION,resultatdexploitation,2008-09-30,2008,9M,25229712.24,1,TND,unite,Estime,augmentation (estimation trimestrielle)
SFBT,Compte de resultat,RESULTAT D'EXPLOITATION,RESULTAT D'EXPLOITATION,resultatdexploitation,2009-03-31,2009,T1,8494760.822,1,TND,unite,Estime,augmentation (estimation trimestrielle)
SFBT,Compte de resultat,RESULTAT D'EXPLOITATION,RESULTAT D'EXPLOITATION,resultatdexploitation,2009-09-30,2009,9M,28276963.197,1,TND,unite,Estime,augmentation (estimation trimestrielle)
SFBT,Compte de resultat,RESULTAT D'EXPLOITATION,RESULTAT D'EXPLOITATION,resultatdexploitation,2010-03-31,2010,T1,10060246.0,1,TND,unite,Estime,augmentation (estimation trimestrielle)
SFBT,Compte de resultat,RESULTAT D'EXPLOITATION,RESULTAT D'EXPLOITATION,resultatdexploitation,2010-09-30,2010,9M,31005991.899,1,TND,unite,Estime,augmentation (estimation trimestrielle)
SFBT,Compte de resultat,RESULTAT D'EXPLOITATION,RESULTAT D'EXPLOITATION,resultatdexploitation,2011-03-31,2011,T1,11101869.0,1,TND,unite,Estime,augmentation (estimation trimestrielle)
SFBT,Compte de resultat,RESULTAT D'EXPLOITATION,RESULTAT D'EXPLOITATION,resultatdexploitation,2011-09-30,2011,9M,34719232.114,1,TND,unite,Estime,augmentation (estimation trimestrielle)
SFBT,Compte de resultat,RESULTAT D'EXPLOITATION,RESULTAT D'EXPLOITATION,resultatdexploitation,2012-03-31,2012,T1,12938436.5,1,TND,unite,Estime,augmentation (estimation trimestrielle)
SFBT,Compte de resultat,RESULTAT D'EXPLOITATION,RESULTAT D'EXPLOITATION,resultatdexploitation,2012-09-30,2012,9M,40831616.497,1,TND,unite,Estime,augmentation (estimation trimestrielle)
SFBT,Compte de resultat,RESULTAT D'EXPLOITATION,RESULTAT D'EXPLOITATION,resultatdexploitation,2013-03-31,2013,T1,17205062.0,1,TND,unite,Estime,augmentation (estimation trimestrielle)
SFBT,Compte de resultat,RESULTAT D'EXPLOITATION,RESULTAT D'EXPLOITATION,resultatdexploitation,2013-09-30,2013,9M,49593915.979,1,TND,unite,Estime,augmentation (estimation trimestrielle)
SFBT,Compte de resultat,RESULTAT D'EXPLOITATION,RESULTAT D'EXPLOITATION,resultatdexploitation,2014-03-31,2014,T1,17246689.88,1,TND,unite,Estime,augmentation (estimation trimestrielle)
SFBT,Compte de resultat,RESULTAT D'EXPLOITATION,RESULTAT D'EXPLOITATION,resultatdexploitation,2014-09-30,2014,9M,51808658.32,1,TND,unite,Estime,augmentation (estimation trimestrielle)
SFBT,Compte de resultat,RESULTAT D'EXPLOITATION,RESULTAT D'EXPLOITATION,resultatdexploitation,2015-03-31,2015,T1,16996918.794,1,TND,unite,Estime,augmentation (estimation trimestrielle)
SFBT,Compte de resultat,RESULTAT D'EXPLOITATION,RESULTAT D'EXPLOITATION,resultatdexploitation,2015-09-30,2015,9M,52657052.671,1,TND,unite,Estime,augmentation (estimation trimestrielle)
SFBT,Compte de resultat,RESULTAT D'EXPLOITATION,RESULTAT D'EXPLOITATION,resultatdexploitation,2016-03-31,2016,T1,19436662.894,1,TND,unite,Estime,augmentation (estimation trimestrielle)
SFBT,Compte de resultat,RESULTAT D'EXPLOITATION,RESULTAT D'EXPLOITATION,resultatdexploitation,2016-09-30,2016,9M,69133580.909,1,TND,unite,Estime,augmentation (estimation trimestrielle)
SFBT,Compte de resultat,RESULTAT D'EXPLOITATION,RESULTAT D'EXPLOITATION,resultatdexploitation,2017-03-31,2017,T1,22820135.997,1,TND,unite,Estime,augmentation (estimation trimestrielle)
SFBT,Compte de resultat,RESULTAT D'EXPLOITATION,RESULTAT D'EXPLOITATION,resultatdexploitation,2017-09-30,2017,9M,78794200.088,1,TND,unite,Estime,augmentation (estimation trimestrielle)
SFBT,Compte de resultat,RESULTAT D'EXPLOITATION,RESULTAT D'EXPLOITATION,resultatdexploitation,2018-03-31,2018,T1,28311250.374,1,TND,unite,Estime,augmentation (estimation trimestrielle)
SFBT,Compte de resultat,RESULTAT D'EXPLOITATION,RESULTAT D'EXPLOITATION,resultatdexploitation,2018-09-30,2018,9M,94624426.103,1,TND,unite,Estime,augmentation (estimation trimestrielle)
SFBT,Compte de resultat,RESULTAT D'EXPLOITATION,RESULTAT D'EXPLOITATION,resultatdexploitation,2019-03-31,2019,T1,29916597.586,1,TND,unite,Estime,augmentation (estimation trimestrielle)
SFBT,Compte de resultat,RESULTAT D'EXPLOITATION,RESULTAT D'EXPLOITATION,resultatdexploitation,2019-09-30,2019,9M,112387172.618,1,TND,unite,Estime,augmentation (estimation trimestrielle)
SFBT,Compte de resultat,RESULTAT D'EXPLOITATION,RESULTAT D'EXPLOITATION,resultatdexploitation,2020-03-31,2020,T1,32908117.707,1,TND,unite,Estime,augmentation (estimation trimestrielle)
SFBT,Compte de resultat,RESULTAT D'EXPLOITATION,RESULTAT D'EXPLOITATION,resultatdexploitation,2020-09-30,2020,9M,120835302.078,1,TND,unite,Estime,augmentation (estimation trimestrielle)
SFBT,Compte de resultat,RESULTAT D'EXPLOITATION,RESULTAT D'EXPLOITATION,resultatdexploitation,2021-03-31,2021,T1,35267988.37,1,TND,unite,Estime,augmentation (estimation trimestrielle)
SFBT,Compte de resultat,RESULTAT D'EXPLOITATION,RESULTAT D'EXPLOITATION,resultatdexploitation,2021-09-30,2021,9M,,1,TND,unite,Estime,augmentation (estimation trimestrielle)
SFBT,Compte de resultat,RESULTAT D'EXPLOITATION,RESULTAT D'EXPLOITATION,resultatdexploitation,2022-03-31,2022,T1,43933725.099,1,TND,unite,Estime,augmentation (estimation trimestrielle)
SFBT,Compte de resultat,RESULTAT D'EXPLOITATION,RESULTAT D'EXPLOITATION,resultatdexploitation,2022-09-30,2022,9M,,1,TND,unite,Estime,augmentation (estimation trimestrielle)
SFBT,Compte de resultat,RESULTAT D'EXPLOITATION,RESULTAT D'EXPLOITATION,resultatdexploitation,2023-03-31,2023,T1,40824575.367,1,TND,unite,Estime,augmentation (estimation trimestrielle)
SFBT,Compte de resultat,RESULTAT D'EXPLOITATION,RESULTAT D'EXPLOITATION,resultatdexploitation,2023-09-30,2023,9M,139647203.324,1,TND,unite,Estime,augmentation (estimation trimestrielle)
SFBT,Compte de resultat,RESULTAT D'EXPLOITATION,RESULTAT D'EXPLOITATION,resultatdexploitation,2024-03-31,2024,T1,39689034.601,1,TND,unite,Estime,augmentation (estimation trimestrielle)
SFBT,Compte de resultat,RESULTAT D'EXPLOITATION,RESULTAT D'EXPLOITATION,resultatdexploitation,2024-09-30,2024,9M,141063246.935,1,TND,unite,Estime,augmentation (estimation trimestrielle)
SFBT,Compte de resultat,RESULTAT D'EXPLOITATION,RESULTAT D'EXPLOITATION,resultatdexploitation,2025-03-31,2025,T1,40175710.407,1,TND,unite,Estime,augmentation (estimation trimestrielle)
SFBT,Compte de resultat,RESULTAT NET DE LA PERIODE,RESULTAT NET DE LA PERIODE,resultatnetdelexercice,2005-03-31,2005,T1,12777061.151,1,TND,unite,Estime,augmentation (estimation trimestrielle)
SFBT,Compte de resultat,RESULTAT NET DE LA PERIODE,RESULTAT NET DE LA PERIODE,resultatnetdelexercice,2005-09-30,2005,9M,30929860.431,1,TND,unite,Estime,augmentation (estimation trimestrielle)
SFBT,Compte de resultat,RESULTAT NET DE LA PERIODE,RESULTAT NET DE LA PERIODE,resultatnetdelexercice,2006-03-31,2006,T1,14843919.409,1,TND,unite,Estime,augmentation (estimation trimestrielle)
SFBT,Compte de resultat,RESULTAT NET DE LA PERIODE,RESULTAT NET DE LA PERIODE,resultatnetdelexercice,2006-09-30,2006,9M,35263144.447,1,TND,unite,Estime,augmentation (estimation trimestrielle)
SFBT,Compte de resultat,RESULTAT NET DE LA PERIODE,RESULTAT NET DE LA PERIODE,resultatnetdelexercice,2007-03-31,2007,T1,16000399.451,1,TND,unite,Estime,augmentation (estimation trimestrielle)
SFBT,Compte de resultat,RESULTAT NET DE LA PERIODE,RESULTAT NET DE LA PERIODE,resultatnetdelexercice,2007-09-30,2007,9M,38156660.38,1,TND,unite,Estime,augmentation (estimation trimestrielle)
SFBT,Compte de resultat,RESULTAT NET DE LA PERIODE,RESULTAT NET DE LA PERIODE,resultatnetdelexercice,2008-03-31,2008,T1,17136980.36,1,TND,unite,Estime,augmentation (estimation trimestrielle)
SFBT,Compte de resultat,RESULTAT NET DE LA PERIODE,RESULTAT NET DE LA PERIODE,resultatnetdelexercice,2008-09-30,2008,9M,41546569.633,1,TND,unite,Estime,augmentation (estimation trimestrielle)
SFBT,Compte de resultat,RESULTAT NET DE LA PERIODE,RESULTAT NET DE LA PERIODE,resultatnetdelexercice,2009-03-31,2009,T1,18252633.247,1,TND,unite,Estime,augmentation (estimation trimestrielle)
SFBT,Compte de resultat,RESULTAT NET DE LA PERIODE,RESULTAT NET DE LA PERIODE,resultatnetdelexercice,2009-09-30,2009,9M,45217726.183,1,TND,unite,Estime,augmentation (estimation trimestrielle)
SFBT,Compte de resultat,RESULTAT NET DE LA PERIODE,RESULTAT NET DE LA PERIODE,resultatnetdelexercice,2010-03-31,2010,T1,19502852.0,1,TND,unite,Estime,augmentation (estimation trimestrielle)
SFBT,Compte de resultat,RESULTAT NET DE LA PERIODE,RESULTAT NET DE LA PERIODE,resultatnetdelexercice,2011-03-31,2011,T1,22685792.5,1,TND,unite,Estime,augmentation (estimation trimestrielle)
SFBT,Compte de resultat,RESULTAT NET DE LA PERIODE,RESULTAT NET DE LA PERIODE,resultatnetdelexercice,2011-09-30,2011,9M,54383090.193,1,TND,unite,Estime,augmentation (estimation trimestrielle)
SFBT,Compte de resultat,RESULTAT NET DE LA PERIODE,RESULTAT NET DE LA PERIODE,resultatnetdelexercice,2012-03-31,2012,T1,24457186.5,1,TND,unite,Estime,augmentation (estimation trimestrielle)
SFBT,Compte de resultat,RESULTAT NET DE LA PERIODE,RESULTAT NET DE LA PERIODE,resultatnetdelexercice,2012-09-30,2012,9M,61571879.873,1,TND,unite,Estime,augmentation (estimation trimestrielle)
SFBT,Compte de resultat,RESULTAT NET DE LA PERIODE,RESULTAT NET DE LA PERIODE,resultatnetdelexercice,2013-03-31,2013,T1,35584953.5,1,TND,unite,Estime,augmentation (estimation trimestrielle)
SFBT,Compte de resultat,RESULTAT NET DE LA PERIODE,RESULTAT NET DE LA PERIODE,resultatnetdelexercice,2013-09-30,2013,9M,83846601.641,1,TND,unite,Estime,augmentation (estimation trimestrielle)
SFBT,Compte de resultat,RESULTAT NET DE LA PERIODE,RESULTAT NET DE LA PERIODE,resultatnetdelexercice,2014-03-31,2014,T1,38769338.373,1,TND,unite,Estime,augmentation (estimation trimestrielle)
SFBT,Compte de resultat,RESULTAT NET DE LA PERIODE,RESULTAT NET DE LA PERIODE,resultatnetdelexercice,2014-09-30,2014,9M,91368306.688,1,TND,unite,Estime,augmentation (estimation trimestrielle)
SFBT,Compte de resultat,RESULTAT NET DE LA PERIODE,RESULTAT NET DE LA PERIODE,resultatnetdelexercice,2015-03-31,2015,T1,40706411.355,1,TND,unite,Estime,augmentation (estimation trimestrielle)
SFBT,Compte de resultat,RESULTAT NET DE LA PERIODE,RESULTAT NET DE LA PERIODE,resultatnetdelexercice,2015-09-30,2015,9M,96939009.767,1,TND,unite,Estime,augmentation (estimation trimestrielle)
SFBT,Compte de resultat,RESULTAT NET DE LA PERIODE,RESULTAT NET DE LA PERIODE,resultatnetdelexercice,2016-03-31,2016,T1,44236489.331,1,TND,unite,Estime,augmentation (estimation trimestrielle)
SFBT,Compte de resultat,RESULTAT NET DE LA PERIODE,RESULTAT NET DE LA PERIODE,resultatnetdelexercice,2016-09-30,2016,9M,112984736.882,1,TND,unite,Estime,augmentation (estimation trimestrielle)
SFBT,Compte de resultat,RESULTAT NET DE LA PERIODE,RESULTAT NET DE LA PERIODE,resultatnetdelexercice,2017-03-31,2017,T1,47797593.722,1,TND,unite,Estime,augmentation (estimation trimestrielle)
SFBT,Compte de resultat,RESULTAT NET DE LA PERIODE,RESULTAT NET DE LA PERIODE,resultatnetdelexercice,2017-09-30,2017,9M,125356570.641,1,TND,unite,Estime,augmentation (estimation trimestrielle)
SFBT,Compte de resultat,RESULTAT NET DE LA PERIODE,RESULTAT NET DE LA PERIODE,resultatnetdelexercice,2018-03-31,2018,T1,55448875.072,1,TND,unite,Estime,augmentation (estimation trimestrielle)
SFBT,Compte de resultat,RESULTAT NET DE LA PERIODE,RESULTAT NET DE LA PERIODE,resultatnetdelexercice,2018-09-30,2018,9M,116390644.364,1,TND,unite,Estime,augmentation (estimation trimestrielle)
SFBT,Compte de resultat,RESULTAT NET DE LA PERIODE,RESULTAT NET DE LA PERIODE,resultatnetdelexercice,2019-03-31,2019,T1,58188634.895,1,TND,unite,Estime,augmentation (estimation trimestrielle)
SFBT,Compte de resultat,RESULTAT NET DE LA PERIODE,RESULTAT NET DE LA PERIODE,resultatnetdelexercice,2019-09-30,2019,9M,134723153.883,1,TND,unite,Estime,augmentation (estimation trimestrielle)
SFBT,Compte de resultat,RESULTAT NET DE LA PERIODE,RESULTAT NET DE LA PERIODE,resultatnetdelexercice,2020-03-31,2020,T1,58372249.35,1,TND,unite,Estime,augmentation (estimation trimestrielle)
SFBT,Compte de resultat,RESULTAT NET DE LA PERIODE,RESULTAT NET DE LA PERIODE,resultatnetdelexercice,2020-09-30,2020,9M,158933569.977,1,TND,unite,Estime,augmentation (estimation trimestrielle)
SFBT,Compte de resultat,RESULTAT NET DE LA PERIODE,RESULTAT NET DE LA PERIODE,resultatnetdelexercice,2021-03-31,2021,T1,64877167.113,1,TND,unite,Estime,augmentation (estimation trimestrielle)
SFBT,Compte de resultat,RESULTAT NET DE LA PERIODE,RESULTAT NET DE LA PERIODE,resultatnetdelexercice,2021-09-30,2021,9M,,1,TND,unite,Estime,augmentation (estimation trimestrielle)
SFBT,Compte de resultat,RESULTAT NET DE LA PERIODE,RESULTAT NET DE LA PERIODE,resultatnetdelexercice,2022-03-31,2022,T1,73425671.397,1,TND,unite,Estime,augmentation (estimation trimestrielle)
SFBT,Compte de resultat,RESULTAT NET DE LA PERIODE,RESULTAT NET DE LA PERIODE,resultatnetdelexercice,2022-09-30,2022,9M,,1,TND,unite,Estime,augmentation (estimation trimestrielle)
SFBT,Compte de resultat,RESULTAT NET DE LA PERIODE,RESULTAT NET DE LA PERIODE,resultatnetdelexercice,2023-03-31,2023,T1,75107845.087,1,TND,unite,Estime,augmentation (estimation trimestrielle)
SFBT,Compte de resultat,RESULTAT NET DE LA PERIODE,RESULTAT NET DE LA PERIODE,resultatnetdelexercice,2023-09-30,2023,9M,201874704.882,1,TND,unite,Estime,augmentation (estimation trimestrielle)
SFBT,Compte de resultat,RESULTAT NET DE LA PERIODE,RESULTAT NET DE LA PERIODE,resultatnetdelexercice,2024-03-31,2024,T1,77313601.87,1,TND,unite,Estime,augmentation (estimation trimestrielle)
SFBT,Compte de resultat,RESULTAT NET DE LA PERIODE,RESULTAT NET DE LA PERIODE,resultatnetdelexercice,2024-09-30,2024,9M,203389613.624,1,TND,unite,Estime,augmentation (estimation trimestrielle)
SFBT,Compte de resultat,RESULTAT NET DE LA PERIODE,RESULTAT NET DE LA PERIODE,resultatnetdelexercice,2025-03-31,2025,T1,84818843.78,1,TND,unite,Estime,augmentation (estimation trimestrielle)
SFBT,Compte de resultat,Revenus,Revenus,revenus,2005-03-31,2005,T1,33345548.459,1,TND,unite,Estime,augmentation (estimation trimestrielle)
SFBT,Compte de resultat,Revenus,Revenus,revenus,2005-09-30,2005,9M,104671680.744,1,TND,unite,Estime,augmentation (estimation trimestrielle)
SFBT,Compte de resultat,Revenus,Revenus,revenus,2006-03-31,2006,T1,36084948.543,1,TND,unite,Estime,augmentation (estimation trimestrielle)
SFBT,Compte de resultat,Revenus,Revenus,revenus,2006-09-30,2006,9M,108859159.881,1,TND,unite,Estime,augmentation (estimation trimestrielle)
SFBT,Compte de resultat,Revenus,Revenus,revenus,2007-03-31,2007,T1,35207828.065,1,TND,unite,Estime,augmentation (estimation trimestrielle)
SFBT,Compte de resultat,Revenus,Revenus,revenus,2007-09-30,2007,9M,109203325.646,1,TND,unite,Estime,augmentation (estimation trimestrielle)
SFBT,Compte de resultat,Revenus,Revenus,revenus,2008-03-31,2008,T1,36309659.067,1,TND,unite,Estime,augmentation (estimation trimestrielle)
SFBT,Compte de resultat,Revenus,Revenus,revenus,2008-09-30,2008,9M,115988801.44,1,TND,unite,Estime,augmentation (estimation trimestrielle)
SFBT,Compte de resultat,Revenus,Revenus,revenus,2009-03-31,2009,T1,41526829.819,1,TND,unite,Estime,augmentation (estimation trimestrielle)
SFBT,Compte de resultat,Revenus,Revenus,revenus,2009-09-30,2009,9M,131804693.285,1,TND,unite,Estime,augmentation (estimation trimestrielle)
SFBT,Compte de resultat,Revenus,Revenus,revenus,2010-03-31,2010,T1,46998758.5,1,TND,unite,Estime,augmentation (estimation trimestrielle)
SFBT,Compte de resultat,Revenus,Revenus,revenus,2010-09-30,2010,9M,150949116.663,1,TND,unite,Estime,augmentation (estimation trimestrielle)
SFBT,Compte de resultat,Revenus,Revenus,revenus,2011-03-31,2011,T1,52311766.5,1,TND,unite,Estime,augmentation (estimation trimestrielle)
SFBT,Compte de resultat,Revenus,Revenus,revenus,2011-09-30,2011,9M,172440449.364,1,TND,unite,Estime,augmentation (estimation trimestrielle)
SFBT,Compte de resultat,Revenus,Revenus,revenus,2012-03-31,2012,T1,65804938.5,1,TND,unite,Estime,augmentation (estimation trimestrielle)
SFBT,Compte de resultat,Revenus,Revenus,revenus,2012-09-30,2012,9M,211901035.157,1,TND,unite,Estime,augmentation (estimation trimestrielle)
SFBT,Compte de resultat,Revenus,Revenus,revenus,2013-03-31,2013,T1,77408266.5,1,TND,unite,Estime,augmentation (estimation trimestrielle)
SFBT,Compte de resultat,Revenus,Revenus,revenus,2013-09-30,2013,9M,237320616.454,1,TND,unite,Estime,augmentation (estimation trimestrielle)
SFBT,Compte de resultat,Revenus,Revenus,revenus,2014-03-31,2014,T1,74854574.25,1,TND,unite,Estime,augmentation (estimation trimestrielle)
SFBT,Compte de resultat,Revenus,Revenus,revenus,2014-09-30,2014,9M,241194062.641,1,TND,unite,Estime,augmentation (estimation trimestrielle)
SFBT,Compte de resultat,Revenus,Revenus,revenus,2015-03-31,2015,T1,74378237.059,1,TND,unite,Estime,augmentation (estimation trimestrielle)
SFBT,Compte de resultat,Revenus,Revenus,revenus,2015-09-30,2015,9M,235883821.531,1,TND,unite,Estime,augmentation (estimation trimestrielle)
SFBT,Compte de resultat,Revenus,Revenus,revenus,2016-03-31,2016,T1,111814609.444,1,TND,unite,Estime,augmentation (estimation trimestrielle)
SFBT,Compte de resultat,Revenus,Revenus,revenus,2016-09-30,2016,9M,378852491.478,1,TND,unite,Estime,augmentation (estimation trimestrielle)
SFBT,Compte de resultat,Revenus,Revenus,revenus,2017-03-31,2017,T1,120999557.514,1,TND,unite,Estime,augmentation (estimation trimestrielle)
SFBT,Compte de resultat,Revenus,Revenus,revenus,2017-09-30,2017,9M,406958845.771,1,TND,unite,Estime,augmentation (estimation trimestrielle)
SFBT,Compte de resultat,Revenus,Revenus,revenus,2018-03-31,2018,T1,138989067.908,1,TND,unite,Estime,augmentation (estimation trimestrielle)
SFBT,Compte de resultat,Revenus,Revenus,revenus,2018-09-30,2018,9M,464002040.694,1,TND,unite,Estime,augmentation (estimation trimestrielle)
SFBT,Compte de resultat,Revenus,Revenus,revenus,2019-03-31,2019,T1,145294228.441,1,TND,unite,Estime,augmentation (estimation trimestrielle)
SFBT,Compte de resultat,Revenus,Revenus,revenus,2019-09-30,2019,9M,500914552.324,1,TND,unite,Estime,augmentation (estimation trimestrielle)
SFBT,Compte de resultat,Revenus,Revenus,revenus,2020-03-31,2020,T1,154681405.013,1,TND,unite,Estime,augmentation (estimation trimestrielle)
SFBT,Compte de resultat,Revenus,Revenus,revenus,2020-09-30,2020,9M,530648432.296,1,TND,unite,Estime,augmentation (estimation trimestrielle)
SFBT,Compte de resultat,Revenus,Revenus,revenus,2021-03-31,2021,T1,151617909.148,1,TND,unite,Estime,augmentation (estimation trimestrielle)
SFBT,Compte de resultat,Revenus,Revenus,revenus,2021-09-30,2021,9M,,1,TND,unite,Estime,augmentation (estimation trimestrielle)
SFBT,Compte de resultat,Revenus,Revenus,revenus,2022-03-31,2022,T1,170200642.724,1,TND,unite,Estime,augmentation (estimation trimestrielle)
SFBT,Compte de resultat,Revenus,Revenus,revenus,2022-09-30,2022,9M,,1,TND,unite,Estime,augmentation (estimation trimestrielle)
SFBT,Compte de resultat,Revenus,Revenus,revenus,2023-03-31,2023,T1,178761696.742,1,TND,unite,Estime,augmentation (estimation trimestrielle)
SFBT,Compte de resultat,Revenus,Revenus,revenus,2023-09-30,2023,9M,592194400.643,1,TND,unite,Estime,augmentation (estimation trimestrielle)
SFBT,Compte de resultat,Revenus,Revenus,revenus,2024-03-31,2024,T1,183545550.151,1,TND,unite,Estime,augmentation (estimation trimestrielle)
SFBT,Compte de resultat,Revenus,Revenus,revenus,2024-09-30,2024,9M,601838363.317,1,TND,unite,Estime,augmentation (estimation trimestrielle)
SFBT,Compte de resultat,Revenus,Revenus,revenus,2025-03-31,2025,T1,178920995.017,1,TND,unite,Estime,augmentation (estimation trimestrielle)
SFBT,Compte de resultat,Résultat de l'exercice,Résultat de l'exercice,resultatdelexercice,2016-03-31,2016,T1,44236489.331,1,TND,unite,Estime,augmentation (estimation trimestrielle)
SFBT,Compte de resultat,Résultat de l'exercice,Résultat de l'exercice,resultatdelexercice,2016-09-30,2016,9M,94831616.882,1,TND,unite,Estime,augmentation (estimation trimestrielle)
SFBT,Compte de resultat,Résultat de l'exercice,Résultat de l'exercice,resultatdelexercice,2017-03-31,2017,T1,47797593.722,1,TND,unite,Estime,augmentation (estimation trimestrielle)
SFBT,Compte de resultat,Résultat de l'exercice,Résultat de l'exercice,resultatdelexercice,2017-09-30,2017,9M,103385820.641,1,TND,unite,Estime,augmentation (estimation trimestrielle)
SFBT,Compte de resultat,Résultat de l'exercice,Résultat de l'exercice,resultatdelexercice,2018-03-31,2018,T1,55448875.072,1,TND,unite,Estime,augmentation (estimation trimestrielle)
SFBT,Compte de resultat,Résultat de l'exercice,Résultat de l'exercice,resultatdelexercice,2019-03-31,2019,T1,58188634.895,1,TND,unite,Estime,augmentation (estimation trimestrielle)
SFBT,Compte de resultat,Résultat des activités ordinaires,Résultat des activités ordinaires,resultatdesactivitesordinaires,2005-03-31,2005,T1,12777061.151,1,TND,unite,Estime,augmentation (estimation trimestrielle)
SFBT,Compte de resultat,Résultat des activités ordinaires,Résultat des activités ordinaires,resultatdesactivitesordinaires,2005-09-30,2005,9M,30929860.431,1,TND,unite,Estime,augmentation (estimation trimestrielle)
SFBT,Compte de resultat,Résultat des activités ordinaires,Résultat des activités ordinaires,resultatdesactivitesordinaires,2006-03-31,2006,T1,14843919.409,1,TND,unite,Estime,augmentation (estimation trimestrielle)
SFBT,Compte de resultat,Résultat des activités ordinaires,Résultat des activités ordinaires,resultatdesactivitesordinaires,2006-09-30,2006,9M,35263144.447,1,TND,unite,Estime,augmentation (estimation trimestrielle)
SFBT,Compte de resultat,Résultat des activités ordinaires,Résultat des activités ordinaires,resultatdesactivitesordinaires,2007-03-31,2007,T1,16000399.451,1,TND,unite,Estime,augmentation (estimation trimestrielle)
SFBT,Compte de resultat,Résultat des activités ordinaires,Résultat des activités ordinaires,resultatdesactivitesordinaires,2007-09-30,2007,9M,38156660.38,1,TND,unite,Estime,augmentation (estimation trimestrielle)
SFBT,Compte de resultat,Résultat des activités ordinaires,Résultat des activités ordinaires,resultatdesactivitesordinaires,2008-03-31,2008,T1,17136980.36,1,TND,unite,Estime,augmentation (estimation trimestrielle)
SFBT,Compte de resultat,Résultat des activités ordinaires,Résultat des activités ordinaires,resultatdesactivitesordinaires,2008-09-30,2008,9M,41546569.633,1,TND,unite,Estime,augmentation (estimation trimestrielle)
SFBT,Compte de resultat,Résultat des activités ordinaires,Résultat des activités ordinaires,resultatdesactivitesordinaires,2009-03-31,2009,T1,18252633.247,1,TND,unite,Estime,augmentation (estimation trimestrielle)
SFBT,Compte de resultat,Résultat des activités ordinaires,Résultat des activités ordinaires,resultatdesactivitesordinaires,2009-09-30,2009,9M,45217726.183,1,TND,unite,Estime,augmentation (estimation trimestrielle)
SFBT,Compte de resultat,Résultat des activités ordinaires,Résultat des activités ordinaires,resultatdesactivitesordinaires,2012-03-31,2012,T1,24457186.5,1,TND,unite,Estime,augmentation (estimation trimestrielle)
SFBT,Compte de resultat,Résultat des activités ordinaires,Résultat des activités ordinaires,resultatdesactivitesordinaires,2013-03-31,2013,T1,35584953.5,1,TND,unite,Estime,augmentation (estimation trimestrielle)
SFBT,Compte de resultat,Résultat des activités ordinaires,Résultat des activités ordinaires,resultatdesactivitesordinaires,2014-03-31,2014,T1,38769338.373,1,TND,unite,Estime,augmentation (estimation trimestrielle)
SFBT,Compte de resultat,Résultat des activités ordinaires,Résultat des activités ordinaires,resultatdesactivitesordinaires,2015-03-31,2015,T1,40706411.355,1,TND,unite,Estime,augmentation (estimation trimestrielle)
SFBT,Compte de resultat,Résultat des activités ordinaires après impôt,Résultat des activités ordinaires après impôt,resultatdesactivitesordinairesapresimpot,2010-03-31,2010,T1,19502852.0,1,TND,unite,Estime,augmentation (estimation trimestrielle)
SFBT,Compte de resultat,Résultat des activités ordinaires après impôt,Résultat des activités ordinaires après impôt,resultatdesactivitesordinairesapresimpot,2010-09-30,2010,9M,47188783.609,1,TND,unite,Estime,augmentation (estimation trimestrielle)
SFBT,Compte de resultat,Résultat des activités ordinaires après impôt,Résultat des activités ordinaires après impôt,resultatdesactivitesordinairesapresimpot,2011-03-31,2011,T1,22685792.5,1,TND,unite,Estime,augmentation (estimation trimestrielle)
SFBT,Compte de resultat,Résultat des activités ordinaires après impôt,Résultat des activités ordinaires après impôt,resultatdesactivitesordinairesapresimpot,2011-09-30,2011,9M,54383090.193,1,TND,unite,Estime,augmentation (estimation trimestrielle)
SFBT,Compte de resultat,Résultat des activités ordinaires après impôt,Résultat des activités ordinaires après impôt,resultatdesactivitesordinairesapresimpot,2012-03-31,2012,T1,24457186.5,1,TND,unite,Estime,augmentation (estimation trimestrielle)
SFBT,Compte de resultat,Résultat des activités ordinaires après impôt,Résultat des activités ordinaires après impôt,resultatdesactivitesordinairesapresimpot,2012-09-30,2012,9M,61571879.873,1,TND,unite,Estime,augmentation (estimation trimestrielle)
SFBT,Compte de resultat,Résultat des activités ordinaires après impôt,Résultat des activités ordinaires après impôt,resultatdesactivitesordinairesapresimpot,2013-03-31,2013,T1,35584953.5,1,TND,unite,Estime,augmentation (estimation trimestrielle)
SFBT,Compte de resultat,Résultat des activités ordinaires après impôt,Résultat des activités ordinaires après impôt,resultatdesactivitesordinairesapresimpot,2013-09-30,2013,9M,83846601.641,1,TND,unite,Estime,augmentation (estimation trimestrielle)
SFBT,Compte de resultat,Résultat des activités ordinaires après impôt,Résultat des activités ordinaires après impôt,resultatdesactivitesordinairesapresimpot,2016-03-31,2016,T1,44236489.331,1,TND,unite,Estime,augmentation (estimation trimestrielle)
SFBT,Compte de resultat,Résultat des activités ordinaires après impôt,Résultat des activités ordinaires après impôt,resultatdesactivitesordinairesapresimpot,2016-09-30,2016,9M,116076438.744,1,TND,unite,Estime,augmentation (estimation trimestrielle)
SFBT,Compte de resultat,Résultat des activités ordinaires après impôt,Résultat des activités ordinaires après impôt,resultatdesactivitesordinairesapresimpot,2017-03-31,2017,T1,47797593.722,1,TND,unite,Estime,augmentation (estimation trimestrielle)
SFBT,Compte de resultat,Résultat des activités ordinaires après impôt,Résultat des activités ordinaires après impôt,resultatdesactivitesordinairesapresimpot,2017-09-30,2017,9M,125356570.641,1,TND,unite,Estime,augmentation (estimation trimestrielle)
SFBT,Compte de resultat,Résultat des activités ordinaires après impôt,Résultat des activités ordinaires après impôt,resultatdesactivitesordinairesapresimpot,2018-03-31,2018,T1,55448875.072,1,TND,unite,Estime,augmentation (estimation trimestrielle)
SFBT,Compte de resultat,Résultat des activités ordinaires après impôt,Résultat des activités ordinaires après impôt,resultatdesactivitesordinairesapresimpot,2018-09-30,2018,9M,144974084.944,1,TND,unite,Estime,augmentation (estimation trimestrielle)
SFBT,Compte de resultat,Résultat des activités ordinaires après impôt,Résultat des activités ordinaires après impôt,resultatdesactivitesordinairesapresimpot,2019-03-31,2019,T1,58430417.895,1,TND,unite,Estime,augmentation (estimation trimestrielle)
SFBT,Compte de resultat,Résultat des activités ordinaires après impôt,Résultat des activités ordinaires après impôt,resultatdesactivitesordinairesapresimpot,2019-09-30,2019,9M,163170900.453,1,TND,unite,Estime,augmentation (estimation trimestrielle)
SFBT,Compte de resultat,Résultat des activités ordinaires après impôt,Résultat des activités ordinaires après impôt,resultatdesactivitesordinairesapresimpot,2020-03-31,2020,T1,58372249.35,1,TND,unite,Estime,augmentation (estimation trimestrielle)
SFBT,Compte de resultat,Résultat des activités ordinaires après impôt,Résultat des activités ordinaires après impôt,resultatdesactivitesordinairesapresimpot,2020-09-30,2020,9M,159875163.857,1,TND,unite,Estime,augmentation (estimation trimestrielle)
SFBT,Compte de resultat,Résultat des activités ordinaires après impôt,Résultat des activités ordinaires après impôt,resultatdesactivitesordinairesapresimpot,2021-03-31,2021,T1,64877167.113,1,TND,unite,Estime,augmentation (estimation trimestrielle)
SFBT,Compte de resultat,Résultat des activités ordinaires après impôt,Résultat des activités ordinaires après impôt,resultatdesactivitesordinairesapresimpot,2021-09-30,2021,9M,,1,TND,unite,Estime,augmentation (estimation trimestrielle)
SFBT,Compte de resultat,Résultat des activités ordinaires après impôt,Résultat des activités ordinaires après impôt,resultatdesactivitesordinairesapresimpot,2022-03-31,2022,T1,73425671.397,1,TND,unite,Estime,augmentation (estimation trimestrielle)
SFBT,Compte de resultat,Résultat des activités ordinaires après impôt,Résultat des activités ordinaires après impôt,resultatdesactivitesordinairesapresimpot,2022-09-30,2022,9M,,1,TND,unite,Estime,augmentation (estimation trimestrielle)
SFBT,Compte de resultat,Résultat des activités ordinaires après impôt,Résultat des activités ordinaires après impôt,resultatdesactivitesordinairesapresimpot,2023-03-31,2023,T1,75107845.087,1,TND,unite,Estime,augmentation (estimation trimestrielle)
SFBT,Compte de resultat,Résultat des activités ordinaires après impôt,Résultat des activités ordinaires après impôt,resultatdesactivitesordinairesapresimpot,2023-09-30,2023,9M,201874704.882,1,TND,unite,Estime,augmentation (estimation trimestrielle)
SFBT,Compte de resultat,Résultat des activités ordinaires après impôt,Résultat des activités ordinaires après impôt,resultatdesactivitesordinairesapresimpot,2024-03-31,2024,T1,77313601.87,1,TND,unite,Estime,augmentation (estimation trimestrielle)
SFBT,Compte de resultat,Résultat des activités ordinaires après impôt,Résultat des activités ordinaires après impôt,resultatdesactivitesordinairesapresimpot,2024-09-30,2024,9M,203389613.624,1,TND,unite,Estime,augmentation (estimation trimestrielle)
SFBT,Compte de resultat,Résultat des activités ordinaires après impôt,Résultat des activités ordinaires après impôt,resultatdesactivitesordinairesapresimpot,2025-03-31,2025,T1,84818843.78,1,TND,unite,Estime,augmentation (estimation trimestrielle)
SFBT,Compte de resultat,Résultat des activités ordinaires après impôt et réinvest,Résultat des activités ordinaires après impôt et réinvest,resultatdesactivitesordinairesapresimpotetreinvest,2010-03-31,2010,T1,19502852.0,1,TND,unite,Estime,augmentation (estimation trimestrielle)
SFBT,Compte de resultat,Résultat des activités ordinaires après impôt et réinvest,Résultat des activités ordinaires après impôt et réinvest,resultatdesactivitesordinairesapresimpotetreinvest,2011-03-31,2011,T1,22685792.5,1,TND,unite,Estime,augmentation (estimation trimestrielle)
SFBT,Compte de resultat,Résultat des activités ordinaires après reinvest et impôt,Résultat des activités ordinaires après reinvest et impôt,resultatdesactivitesordinairesapresreinvestetimpot,2005-03-31,2005,T1,12777061.151,1,TND,unite,Estime,augmentation (estimation trimestrielle)
SFBT,Compte de resultat,Résultat des activités ordinaires après reinvest et impôt,Résultat des activités ordinaires après reinvest et impôt,resultatdesactivitesordinairesapresreinvestetimpot,2005-09-30,2005,9M,30929860.431,1,TND,unite,Estime,augmentation (estimation trimestrielle)
SFBT,Compte de resultat,Résultat des activités ordinaires après reinvest et impôt,Résultat des activités ordinaires après reinvest et impôt,resultatdesactivitesordinairesapresreinvestetimpot,2006-03-31,2006,T1,14843919.409,1,TND,unite,Estime,augmentation (estimation trimestrielle)
SFBT,Compte de resultat,Résultat des activités ordinaires après reinvest et impôt,Résultat des activités ordinaires après reinvest et impôt,resultatdesactivitesordinairesapresreinvestetimpot,2006-09-30,2006,9M,33376294.447,1,TND,unite,Estime,augmentation (estimation trimestrielle)
SFBT,Compte de resultat,Résultat des activités ordinaires après reinvest et impôt,Résultat des activités ordinaires après reinvest et impôt,resultatdesactivitesordinairesapresreinvestetimpot,2007-03-31,2007,T1,16000399.451,1,TND,unite,Estime,augmentation (estimation trimestrielle)
SFBT,Compte de resultat,Résultat des activités ordinaires après reinvest et impôt,Résultat des activités ordinaires après reinvest et impôt,resultatdesactivitesordinairesapresreinvestetimpot,2007-09-30,2007,9M,38156660.38,1,TND,unite,Estime,augmentation (estimation trimestrielle)
SFBT,Compte de resultat,Résultat des activités ordinaires après reinvest et impôt,Résultat des activités ordinaires après reinvest et impôt,resultatdesactivitesordinairesapresreinvestetimpot,2008-03-31,2008,T1,17136980.36,1,TND,unite,Estime,augmentation (estimation trimestrielle)
SFBT,Compte de resultat,Résultat des activités ordinaires après reinvest et impôt,Résultat des activités ordinaires après reinvest et impôt,resultatdesactivitesordinairesapresreinvestetimpot,2008-09-30,2008,9M,41546569.633,1,TND,unite,Estime,augmentation (estimation trimestrielle)
SFBT,Compte de resultat,Résultat des activités ordinaires après reinvest et impôt,Résultat des activités ordinaires après reinvest et impôt,resultatdesactivitesordinairesapresreinvestetimpot,2009-03-31,2009,T1,18252633.247,1,TND,unite,Estime,augmentation (estimation trimestrielle)
SFBT,Compte de resultat,Résultat des activités ordinaires après reinvest et impôt,Résultat des activités ordinaires après reinvest et impôt,resultatdesactivitesordinairesapresreinvestetimpot,2009-09-30,2009,9M,42884393.183,1,TND,unite,Estime,augmentation (estimation trimestrielle)
SFBT,Compte de resultat,Résultat des activités ordinaires avant impôt,Résultat des activités ordinaires avant  impôt,resultatdesactivitesordinairesavantimpot,2010-03-31,2010,T1,21602852.0,1,TND,unite,Estime,augmentation (estimation trimestrielle)
SFBT,Compte de resultat,Résultat des activités ordinaires avant impôt,Résultat des activités ordinaires avant  impôt,resultatdesactivitesordinairesavantimpot,2011-03-31,2011,T1,24955792.5,1,TND,unite,Estime,augmentation (estimation trimestrielle)
SFBT,Compte de resultat,Résultat des activités ordinaires avant réinvestissements et impôt,Résultat des activités ordinaires avant réinvestissements et impôt,resultatdesactivitesordinairesavantreinvestissementsetimpot,2005-03-31,2005,T1,14227061.151,1,TND,unite,Estime,augmentation (estimation trimestrielle)
SFBT,Compte de resultat,Résultat des activités ordinaires avant réinvestissements et impôt,Résultat des activités ordinaires avant réinvestissements et impôt,resultatdesactivitesordinairesavantreinvestissementsetimpot,2005-09-30,2005,9M,35809745.457,1,TND,unite,Estime,augmentation (estimation trimestrielle)
SFBT,Compte de resultat,Résultat des activités ordinaires avant réinvestissements et impôt,Résultat des activités ordinaires avant réinvestissements et impôt,resultatdesactivitesordinairesavantreinvestissementsetimpot,2006-03-31,2006,T1,15943919.409,1,TND,unite,Estime,augmentation (estimation trimestrielle)
SFBT,Compte de resultat,Résultat des activités ordinaires avant réinvestissements et impôt,Résultat des activités ordinaires avant réinvestissements et impôt,resultatdesactivitesordinairesavantreinvestissementsetimpot,2006-09-30,2006,9M,39260436.297,1,TND,unite,Estime,augmentation (estimation trimestrielle)
SFBT,Compte de resultat,Résultat des activités ordinaires avant réinvestissements et impôt,Résultat des activités ordinaires avant réinvestissements et impôt,resultatdesactivitesordinairesavantreinvestissementsetimpot,2007-03-31,2007,T1,17850399.451,1,TND,unite,Estime,augmentation (estimation trimestrielle)
SFBT,Compte de resultat,Résultat des activités ordinaires avant réinvestissements et impôt,Résultat des activités ordinaires avant réinvestissements et impôt,resultatdesactivitesordinairesavantreinvestissementsetimpot,2007-09-30,2007,9M,43934487.33,1,TND,unite,Estime,augmentation (estimation trimestrielle)
SFBT,Compte de resultat,Résultat des activités ordinaires avant réinvestissements et impôt,Résultat des activités ordinaires avant réinvestissements et impôt,resultatdesactivitesordinairesavantreinvestissementsetimpot,2008-03-31,2008,T1,18436980.36,1,TND,unite,Estime,augmentation (estimation trimestrielle)
SFBT,Compte de resultat,Résultat des activités ordinaires avant réinvestissements et impôt,Résultat des activités ordinaires avant réinvestissements et impôt,resultatdesactivitesordinairesavantreinvestissementsetimpot,2009-03-31,2009,T1,19902633.247,1,TND,unite,Estime,augmentation (estimation trimestrielle)
SFBT,Compte de resultat,Résultat des activités ordinaires avant réinvestissements et impôt,Résultat des activités ordinaires avant réinvestissements et impôt,resultatdesactivitesordinairesavantreinvestissementsetimpot,2012-03-31,2012,T1,27027186.5,1,TND,unite,Estime,augmentation (estimation trimestrielle)
SFBT,Compte de resultat,Résultat des activités ordinaires avant réinvestissements et impôt,Résultat des activités ordinaires avant réinvestissements et impôt,resultatdesactivitesordinairesavantreinvestissementsetimpot,2012-09-30,2012,9M,68019499.123,1,TND,unite,Estime,augmentation (estimation trimestrielle)
SFBT,Compte de resultat,Résultat des activités ordinaires avant réinvestissements et impôt,Résultat des activités ordinaires avant réinvestissements et impôt,resultatdesactivitesordinairesavantreinvestissementsetimpot,2013-03-31,2013,T1,39010253.5,1,TND,unite,Estime,augmentation (estimation trimestrielle)
SFBT,Compte de resultat,Résultat des activités ordinaires avant réinvestissements et impôt,Résultat des activités ordinaires avant réinvestissements et impôt,resultatdesactivitesordinairesavantreinvestissementsetimpot,2013-09-30,2013,9M,91729243.442,1,TND,unite,Estime,augmentation (estimation trimestrielle)
SFBT,Compte de resultat,Résultat des activités ordinaires avant réinvestissements et impôt,Résultat des activités ordinaires avant réinvestissements et impôt,resultatdesactivitesordinairesavantreinvestissementsetimpot,2014-03-31,2014,T1,40778096.973,1,TND,unite,Estime,augmentation (estimation trimestrielle)
SFBT,Compte de resultat,Résultat des activités ordinaires avant réinvestissements et impôt,Résultat des activités ordinaires avant réinvestissements et impôt,resultatdesactivitesordinairesavantreinvestissementsetimpot,2014-09-30,2014,9M,98445237.825,1,TND,unite,Estime,augmentation (estimation trimestrielle)
SFBT,Compte de resultat,Résultat des activités ordinaires avant réinvestissements et impôt,Résultat des activités ordinaires avant réinvestissements et impôt,resultatdesactivitesordinairesavantreinvestissementsetimpot,2015-03-31,2015,T1,43653961.355,1,TND,unite,Estime,augmentation (estimation trimestrielle)
SFBT,Compte de resultat,Résultat des activités ordinaires avant réinvestissements et impôt,Résultat des activités ordinaires avant réinvestissements et impôt,resultatdesactivitesordinairesavantreinvestissementsetimpot,2015-09-30,2015,9M,105818631.881,1,TND,unite,Estime,augmentation (estimation trimestrielle)
SFBT,Compte de resultat,Résultat des activités ordinaires avant réinvestissements et impôt,Résultat des activités ordinaires avant réinvestissements et impôt,resultatdesactivitesordinairesavantreinvestissementsetimpot,2016-03-31,2016,T1,48480766.831,1,TND,unite,Estime,augmentation (estimation trimestrielle)
SFBT,Compte de resultat,Résultat des activités ordinaires avant réinvestissements et impôt,Résultat des activités ordinaires avant réinvestissements et impôt,resultatdesactivitesordinairesavantreinvestissementsetimpot,2016-09-30,2016,9M,127888906.799,1,TND,unite,Estime,augmentation (estimation trimestrielle)
SFBT,Compte de resultat,Résultat des activités ordinaires avant réinvestissements et impôt,Résultat des activités ordinaires avant réinvestissements et impôt,resultatdesactivitesordinairesavantreinvestissementsetimpot,2017-03-31,2017,T1,52491877.222,1,TND,unite,Estime,augmentation (estimation trimestrielle)
SFBT,Compte de resultat,Résultat des activités ordinaires avant réinvestissements et impôt,Résultat des activités ordinaires avant réinvestissements et impôt,resultatdesactivitesordinairesavantreinvestissementsetimpot,2017-09-30,2017,9M,138561575.716,1,TND,unite,Estime,augmentation (estimation trimestrielle)
SFBT,Compte de resultat,Résultat des activités ordinaires avant réinvestissements et impôt,Résultat des activités ordinaires avant réinvestissements et impôt,resultatdesactivitesordinairesavantreinvestissementsetimpot,2018-03-31,2018,T1,61074037.572,1,TND,unite,Estime,augmentation (estimation trimestrielle)
SFBT,Compte de resultat,Résultat des activités ordinaires avant réinvestissements et impôt,Résultat des activités ordinaires avant réinvestissements et impôt,resultatdesactivitesordinairesavantreinvestissementsetimpot,2019-03-31,2019,T1,64170417.895,1,TND,unite,Estime,augmentation (estimation trimestrielle)
SFBT,Compte de resultat,Résultat des activités ordinaires avant réinvestissements et impôt,Résultat des activités ordinaires avant réinvestissements et impôt,resultatdesactivitesordinairesavantreinvestissementsetimpot,2019-09-30,2019,9M,182654973.878,1,TND,unite,Estime,augmentation (estimation trimestrielle)
SFBT,Compte de resultat,Résultat des activités ordinaires avant réinvestissements et impôt,Résultat des activités ordinaires avant réinvestissements et impôt,resultatdesactivitesordinairesavantreinvestissementsetimpot,2020-03-31,2020,T1,67187253.796,1,TND,unite,Estime,augmentation (estimation trimestrielle)
SFBT,Compte de resultat,Résultat des activités ordinaires avant réinvestissements et impôt,Résultat des activités ordinaires avant réinvestissements et impôt,resultatdesactivitesordinairesavantreinvestissementsetimpot,2020-09-30,2020,9M,191499526.664,1,TND,unite,Estime,augmentation (estimation trimestrielle)
SFBT,Compte de resultat,Résultat des activités ordinaires avant réinvestissements et impôt,Résultat des activités ordinaires avant réinvestissements et impôt,resultatdesactivitesordinairesavantreinvestissementsetimpot,2021-03-31,2021,T1,71199748.835,1,TND,unite,Estime,augmentation (estimation trimestrielle)
SFBT,Compte de resultat,Résultat des activités ordinaires avant réinvestissements et impôt,Résultat des activités ordinaires avant réinvestissements et impôt,resultatdesactivitesordinairesavantreinvestissementsetimpot,2021-09-30,2021,9M,,1,TND,unite,Estime,augmentation (estimation trimestrielle)
SFBT,Compte de resultat,Résultat des activités ordinaires avant réinvestissements et impôt,Résultat des activités ordinaires avant réinvestissements et impôt,resultatdesactivitesordinairesavantreinvestissementsetimpot,2022-03-31,2022,T1,81031915.397,1,TND,unite,Estime,augmentation (estimation trimestrielle)
SFBT,Compte de resultat,Résultat des activités ordinaires avant réinvestissements et impôt,Résultat des activités ordinaires avant réinvestissements et impôt,resultatdesactivitesordinairesavantreinvestissementsetimpot,2022-09-30,2022,9M,,1,TND,unite,Estime,augmentation (estimation trimestrielle)
SFBT,Compte de resultat,Résultat des activités ordinaires avant réinvestissements et impôt,Résultat des activités ordinaires avant réinvestissements et impôt,resultatdesactivitesordinairesavantreinvestissementsetimpot,2023-03-31,2023,T1,83203183.626,1,TND,unite,Estime,augmentation (estimation trimestrielle)
SFBT,Compte de resultat,Résultat des activités ordinaires avant réinvestissements et impôt,Résultat des activités ordinaires avant réinvestissements et impôt,resultatdesactivitesordinairesavantreinvestissementsetimpot,2023-09-30,2023,9M,229296005.592,1,TND,unite,Estime,augmentation (estimation trimestrielle)
SFBT,Compte de resultat,Résultat des activités ordinaires avant réinvestissements et impôt,Résultat des activités ordinaires avant réinvestissements et impôt,resultatdesactivitesordinairesavantreinvestissementsetimpot,2024-03-31,2024,T1,86358026.59,1,TND,unite,Estime,augmentation (estimation trimestrielle)
SFBT,Compte de resultat,Résultat des activités ordinaires avant réinvestissements et impôt,Résultat des activités ordinaires avant réinvestissements et impôt,resultatdesactivitesordinairesavantreinvestissementsetimpot,2024-09-30,2024,9M,243238675.469,1,TND,unite,Estime,augmentation (estimation trimestrielle)
SFBT,Compte de resultat,Résultat des activités ordinaires avant réinvestissements et impôt,Résultat des activités ordinaires avant réinvestissements et impôt,resultatdesactivitesordinairesavantreinvestissementsetimpot,2025-03-31,2025,T1,95749270.911,1,TND,unite,Estime,augmentation (estimation trimestrielle)
SFBT,Compte de resultat,Total des charges d'exploitation,Total des charges d'exploitation,totaldeschargesdexploitation,2005-03-31,2005,T1,29200243.9,1,TND,unite,Estime,augmentation (estimation trimestrielle)
SFBT,Compte de resultat,Total des charges d'exploitation,Total des charges d'exploitation,totaldeschargesdexploitation,2005-09-30,2005,9M,,1,TND,unite,Estime,augmentation (estimation trimestrielle)
SFBT,Compte de resultat,Total des charges d'exploitation,Total des charges d'exploitation,totaldeschargesdexploitation,2006-03-31,2006,T1,32271338.688,1,TND,unite,Estime,augmentation (estimation trimestrielle)
SFBT,Compte de resultat,Total des charges d'exploitation,Total des charges d'exploitation,totaldeschargesdexploitation,2006-09-30,2006,9M,96322835.918,1,TND,unite,Estime,augmentation (estimation trimestrielle)
SFBT,Compte de resultat,Total des charges d'exploitation,Total des charges d'exploitation,totaldeschargesdexploitation,2007-03-31,2007,T1,30436824.189,1,TND,unite,Estime,augmentation (estimation trimestrielle)
SFBT,Compte de resultat,Total des charges d'exploitation,Total des charges d'exploitation,totaldeschargesdexploitation,2007-09-30,2007,9M,93904260.58,1,TND,unite,Estime,augmentation (estimation trimestrielle)
SFBT,Compte de resultat,Total des charges d'exploitation,Total des charges d'exploitation,totaldeschargesdexploitation,2008-03-31,2008,T1,31466891.207,1,TND,unite,Estime,augmentation (estimation trimestrielle)
SFBT,Compte de resultat,Total des charges d'exploitation,Total des charges d'exploitation,totaldeschargesdexploitation,2008-09-30,2008,9M,100305057.824,1,TND,unite,Estime,augmentation (estimation trimestrielle)
SFBT,Compte de resultat,Total des charges d'exploitation,Total des charges d'exploitation,totaldeschargesdexploitation,2009-03-31,2009,T1,36784796.753,1,TND,unite,Estime,augmentation (estimation trimestrielle)
SFBT,Compte de resultat,Total des charges d'exploitation,Total des charges d'exploitation,totaldeschargesdexploitation,2009-09-30,2009,9M,115217992.416,1,TND,unite,Estime,augmentation (estimation trimestrielle)
SFBT,Compte de resultat,Total des charges d'exploitation,Total des charges d'exploitation,totaldeschargesdexploitation,2010-03-31,2010,T1,40927804.0,1,TND,unite,Estime,augmentation (estimation trimestrielle)
SFBT,Compte de resultat,Total des charges d'exploitation,Total des charges d'exploitation,totaldeschargesdexploitation,2010-09-30,2010,9M,132220356.81,1,TND,unite,Estime,augmentation (estimation trimestrielle)
SFBT,Compte de resultat,Total des charges d'exploitation,Total des charges d'exploitation,totaldeschargesdexploitation,2011-03-31,2011,T1,46309007.0,1,TND,unite,Estime,augmentation (estimation trimestrielle)
SFBT,Compte de resultat,Total des charges d'exploitation,Total des charges d'exploitation,totaldeschargesdexploitation,2011-09-30,2011,9M,153548507.672,1,TND,unite,Estime,augmentation (estimation trimestrielle)
SFBT,Compte de resultat,Total des charges d'exploitation,Total des charges d'exploitation,totaldeschargesdexploitation,2012-03-31,2012,T1,58822647.5,1,TND,unite,Estime,augmentation (estimation trimestrielle)
SFBT,Compte de resultat,Total des charges d'exploitation,Total des charges d'exploitation,totaldeschargesdexploitation,2012-09-30,2012,9M,189590249.421,1,TND,unite,Estime,augmentation (estimation trimestrielle)
SFBT,Compte de resultat,Total des charges d'exploitation,Total des charges d'exploitation,totaldeschargesdexploitation,2013-03-31,2013,T1,67217767.5,1,TND,unite,Estime,augmentation (estimation trimestrielle)
SFBT,Compte de resultat,Total des charges d'exploitation,Total des charges d'exploitation,totaldeschargesdexploitation,2013-09-30,2013,9M,209194133.66,1,TND,unite,Estime,augmentation (estimation trimestrielle)
SFBT,Compte de resultat,Total des charges d'exploitation,Total des charges d'exploitation,totaldeschargesdexploitation,2014-03-31,2014,T1,65776980.68,1,TND,unite,Estime,augmentation (estimation trimestrielle)
SFBT,Compte de resultat,Total des charges d'exploitation,Total des charges d'exploitation,totaldeschargesdexploitation,2014-09-30,2014,9M,214191409.71,1,TND,unite,Estime,augmentation (estimation trimestrielle)
SFBT,Compte de resultat,Total des charges d'exploitation,Total des charges d'exploitation,totaldeschargesdexploitation,2015-03-31,2015,T1,64681946.966,1,TND,unite,Estime,augmentation (estimation trimestrielle)
SFBT,Compte de resultat,Total des charges d'exploitation,Total des charges d'exploitation,totaldeschargesdexploitation,2015-09-30,2015,9M,205901236.886,1,TND,unite,Estime,augmentation (estimation trimestrielle)
SFBT,Compte de resultat,Total des charges d'exploitation,Total des charges d'exploitation,totaldeschargesdexploitation,2016-03-31,2016,T1,93454912.394,1,TND,unite,Estime,augmentation (estimation trimestrielle)
SFBT,Compte de resultat,Total des charges d'exploitation,Total des charges d'exploitation,totaldeschargesdexploitation,2016-09-30,2016,9M,313001342.046,1,TND,unite,Estime,augmentation (estimation trimestrielle)
SFBT,Compte de resultat,Total des charges d'exploitation,Total des charges d'exploitation,totaldeschargesdexploitation,2017-03-31,2017,T1,99175000.404,1,TND,unite,Estime,augmentation (estimation trimestrielle)
SFBT,Compte de resultat,Total des charges d'exploitation,Total des charges d'exploitation,totaldeschargesdexploitation,2017-09-30,2017,9M,332426575.225,1,TND,unite,Estime,augmentation (estimation trimestrielle)
SFBT,Compte de resultat,Total des charges d'exploitation,Total des charges d'exploitation,totaldeschargesdexploitation,2018-03-31,2018,T1,111988141.503,1,TND,unite,Estime,augmentation (estimation trimestrielle)
SFBT,Compte de resultat,Total des charges d'exploitation,Total des charges d'exploitation,totaldeschargesdexploitation,2018-09-30,2018,9M,373846514.781,1,TND,unite,Estime,augmentation (estimation trimestrielle)
SFBT,Compte de resultat,Total des charges d'exploitation,Total des charges d'exploitation,totaldeschargesdexploitation,2019-03-31,2019,T1,116650990.2,1,TND,unite,Estime,augmentation (estimation trimestrielle)
SFBT,Compte de resultat,Total des charges d'exploitation,Total des charges d'exploitation,totaldeschargesdexploitation,2019-09-30,2019,9M,393125616.229,1,TND,unite,Estime,augmentation (estimation trimestrielle)
SFBT,Compte de resultat,Total des charges d'exploitation,Total des charges d'exploitation,totaldeschargesdexploitation,2020-03-31,2020,T1,123205598.91,1,TND,unite,Estime,augmentation (estimation trimestrielle)
SFBT,Compte de resultat,Total des charges d'exploitation,Total des charges d'exploitation,totaldeschargesdexploitation,2020-09-30,2020,9M,414220834.549,1,TND,unite,Estime,augmentation (estimation trimestrielle)
SFBT,Compte de resultat,Total des charges d'exploitation,Total des charges d'exploitation,totaldeschargesdexploitation,2021-03-31,2021,T1,117730218.392,1,TND,unite,Estime,augmentation (estimation trimestrielle)
SFBT,Compte de resultat,Total des charges d'exploitation,Total des charges d'exploitation,totaldeschargesdexploitation,2021-09-30,2021,9M,,1,TND,unite,Estime,augmentation (estimation trimestrielle)
SFBT,Compte de resultat,Total des charges d'exploitation,Total des charges d'exploitation,totaldeschargesdexploitation,2022-03-31,2022,T1,128101150.734,1,TND,unite,Estime,augmentation (estimation trimestrielle)
SFBT,Compte de resultat,Total des charges d'exploitation,Total des charges d'exploitation,totaldeschargesdexploitation,2022-09-30,2022,9M,,1,TND,unite,Estime,augmentation (estimation trimestrielle)
SFBT,Compte de resultat,Total des charges d'exploitation,Total des charges d'exploitation,totaldeschargesdexploitation,2023-03-31,2023,T1,139707516.171,1,TND,unite,Estime,augmentation (estimation trimestrielle)
SFBT,Compte de resultat,Total des charges d'exploitation,Total des charges d'exploitation,totaldeschargesdexploitation,2023-09-30,2023,9M,457723431.047,1,TND,unite,Estime,augmentation (estimation trimestrielle)
SFBT,Compte de resultat,Total des charges d'exploitation,Total des charges d'exploitation,totaldeschargesdexploitation,2024-03-31,2024,T1,145309874.229,1,TND,unite,Estime,augmentation (estimation trimestrielle)
SFBT,Compte de resultat,Total des charges d'exploitation,Total des charges d'exploitation,totaldeschargesdexploitation,2024-09-30,2024,9M,465186562.713,1,TND,unite,Estime,augmentation (estimation trimestrielle)
SFBT,Compte de resultat,Total des charges d'exploitation,Total des charges d'exploitation,totaldeschargesdexploitation,2025-03-31,2025,T1,140263493.129,1,TND,unite,Estime,augmentation (estimation trimestrielle)
SFBT,Compte de resultat,Total des produits d'exploitation,Total des produits d'exploitation,totaldesproduitsdexploitation,2005-03-31,2005,T1,35252944.848,1,TND,unite,Estime,augmentation (estimation trimestrielle)
SFBT,Compte de resultat,Total des produits d'exploitation,Total des produits d'exploitation,totaldesproduitsdexploitation,2005-09-30,2005,9M,,1,TND,unite,Estime,augmentation (estimation trimestrielle)
SFBT,Compte de resultat,Total des produits d'exploitation,Total des produits d'exploitation,totaldesproduitsdexploitation,2006-03-31,2006,T1,38798627.498,1,TND,unite,Estime,augmentation (estimation trimestrielle)
SFBT,Compte de resultat,Total des produits d'exploitation,Total des produits d'exploitation,totaldesproduitsdexploitation,2006-09-30,2006,9M,117047856.764,1,TND,unite,Estime,augmentation (estimation trimestrielle)
SFBT,Compte de resultat,Total des produits d'exploitation,Total des produits d'exploitation,totaldesproduitsdexploitation,2007-03-31,2007,T1,37735867.43,1,TND,unite,Estime,augmentation (estimation trimestrielle)
SFBT,Compte de resultat,Total des produits d'exploitation,Total des produits d'exploitation,totaldesproduitsdexploitation,2007-09-30,2007,9M,117129745.565,1,TND,unite,Estime,augmentation (estimation trimestrielle)
SFBT,Compte de resultat,Total des produits d'exploitation,Total des produits d'exploitation,totaldesproduitsdexploitation,2008-03-31,2008,T1,39492393.248,1,TND,unite,Estime,augmentation (estimation trimestrielle)
SFBT,Compte de resultat,Total des produits d'exploitation,Total des produits d'exploitation,totaldesproduitsdexploitation,2008-09-30,2008,9M,125534770.064,1,TND,unite,Estime,augmentation (estimation trimestrielle)
SFBT,Compte de resultat,Total des produits d'exploitation,Total des produits d'exploitation,totaldesproduitsdexploitation,2009-03-31,2009,T1,45279557.576,1,TND,unite,Estime,augmentation (estimation trimestrielle)
SFBT,Compte de resultat,Total des produits d'exploitation,Total des produits d'exploitation,totaldesproduitsdexploitation,2009-09-30,2009,9M,143494955.613,1,TND,unite,Estime,augmentation (estimation trimestrielle)
SFBT,Compte de resultat,Total des produits d'exploitation,Total des produits d'exploitation,totaldesproduitsdexploitation,2010-03-31,2010,T1,50988050.0,1,TND,unite,Estime,augmentation (estimation trimestrielle)
SFBT,Compte de resultat,Total des produits d'exploitation,Total des produits d'exploitation,totaldesproduitsdexploitation,2010-09-30,2010,9M,163226348.709,1,TND,unite,Estime,augmentation (estimation trimestrielle)
SFBT,Compte de resultat,Total des produits d'exploitation,Total des produits d'exploitation,totaldesproduitsdexploitation,2011-03-31,2011,T1,57410876.0,1,TND,unite,Estime,augmentation (estimation trimestrielle)
SFBT,Compte de resultat,Total des produits d'exploitation,Total des produits d'exploitation,totaldesproduitsdexploitation,2011-09-30,2011,9M,188267739.786,1,TND,unite,Estime,augmentation (estimation trimestrielle)
SFBT,Compte de resultat,Total des produits d'exploitation,Total des produits d'exploitation,totaldesproduitsdexploitation,2012-03-31,2012,T1,71761084.0,1,TND,unite,Estime,augmentation (estimation trimestrielle)
SFBT,Compte de resultat,Total des produits d'exploitation,Total des produits d'exploitation,totaldesproduitsdexploitation,2012-09-30,2012,9M,230421865.918,1,TND,unite,Estime,augmentation (estimation trimestrielle)
SFBT,Compte de resultat,Total des produits d'exploitation,Total des produits d'exploitation,totaldesproduitsdexploitation,2013-03-31,2013,T1,84422829.5,1,TND,unite,Estime,augmentation (estimation trimestrielle)
SFBT,Compte de resultat,Total des produits d'exploitation,Total des produits d'exploitation,totaldesproduitsdexploitation,2013-09-30,2013,9M,258788049.64,1,TND,unite,Estime,augmentation (estimation trimestrielle)
SFBT,Compte de resultat,Total des produits d'exploitation,Total des produits d'exploitation,totaldesproduitsdexploitation,2014-03-31,2014,T1,83023670.56,1,TND,unite,Estime,augmentation (estimation trimestrielle)
SFBT,Compte de resultat,Total des produits d'exploitation,Total des produits d'exploitation,totaldesproduitsdexploitation,2014-09-30,2014,9M,266000068.03,1,TND,unite,Estime,augmentation (estimation trimestrielle)
SFBT,Compte de resultat,Total des produits d'exploitation,Total des produits d'exploitation,totaldesproduitsdexploitation,2015-03-31,2015,T1,81678865.76,1,TND,unite,Estime,augmentation (estimation trimestrielle)
SFBT,Compte de resultat,Total des produits d'exploitation,Total des produits d'exploitation,totaldesproduitsdexploitation,2015-09-30,2015,9M,258558289.556,1,TND,unite,Estime,augmentation (estimation trimestrielle)
SFBT,Compte de resultat,Total des produits d'exploitation,Total des produits d'exploitation,totaldesproduitsdexploitation,2016-03-31,2016,T1,112891575.288,1,TND,unite,Estime,augmentation (estimation trimestrielle)
SFBT,Compte de resultat,Total des produits d'exploitation,Total des produits d'exploitation,totaldesproduitsdexploitation,2016-09-30,2016,9M,382134922.954,1,TND,unite,Estime,augmentation (estimation trimestrielle)
SFBT,Compte de resultat,Total des produits d'exploitation,Total des produits d'exploitation,totaldesproduitsdexploitation,2017-03-31,2017,T1,121995136.401,1,TND,unite,Estime,augmentation (estimation trimestrielle)
SFBT,Compte de resultat,Total des produits d'exploitation,Total des produits d'exploitation,totaldesproduitsdexploitation,2017-09-30,2017,9M,411220775.313,1,TND,unite,Estime,augmentation (estimation trimestrielle)
SFBT,Compte de resultat,Total des produits d'exploitation,Total des produits d'exploitation,totaldesproduitsdexploitation,2018-03-31,2018,T1,140299391.877,1,TND,unite,Estime,augmentation (estimation trimestrielle)
SFBT,Compte de resultat,Total des produits d'exploitation,Total des produits d'exploitation,totaldesproduitsdexploitation,2018-09-30,2018,9M,468470940.885,1,TND,unite,Estime,augmentation (estimation trimestrielle)
SFBT,Compte de resultat,Total des produits d'exploitation,Total des produits d'exploitation,totaldesproduitsdexploitation,2019-03-31,2019,T1,146567587.786,1,TND,unite,Estime,augmentation (estimation trimestrielle)
SFBT,Compte de resultat,Total des produits d'exploitation,Total des produits d'exploitation,totaldesproduitsdexploitation,2019-09-30,2019,9M,505512788.847,1,TND,unite,Estime,augmentation (estimation trimestrielle)
SFBT,Compte de resultat,Total des produits d'exploitation,Total des produits d'exploitation,totaldesproduitsdexploitation,2020-03-31,2020,T1,156113716.617,1,TND,unite,Estime,augmentation (estimation trimestrielle)
SFBT,Compte de resultat,Total des produits d'exploitation,Total des produits d'exploitation,totaldesproduitsdexploitation,2020-09-30,2020,9M,535056136.627,1,TND,unite,Estime,augmentation (estimation trimestrielle)
SFBT,Compte de resultat,Total des produits d'exploitation,Total des produits d'exploitation,totaldesproduitsdexploitation,2021-03-31,2021,T1,152998206.762,1,TND,unite,Estime,augmentation (estimation trimestrielle)
SFBT,Compte de resultat,Total des produits d'exploitation,Total des produits d'exploitation,totaldesproduitsdexploitation,2021-09-30,2021,9M,,1,TND,unite,Estime,augmentation (estimation trimestrielle)
SFBT,Compte de resultat,Total des produits d'exploitation,Total des produits d'exploitation,totaldesproduitsdexploitation,2022-03-31,2022,T1,172034875.833,1,TND,unite,Estime,augmentation (estimation trimestrielle)
SFBT,Compte de resultat,Total des produits d'exploitation,Total des produits d'exploitation,totaldesproduitsdexploitation,2022-09-30,2022,9M,,1,TND,unite,Estime,augmentation (estimation trimestrielle)
SFBT,Compte de resultat,Total des produits d'exploitation,Total des produits d'exploitation,totaldesproduitsdexploitation,2023-03-31,2023,T1,180532091.539,1,TND,unite,Estime,augmentation (estimation trimestrielle)
SFBT,Compte de resultat,Total des produits d'exploitation,Total des produits d'exploitation,totaldesproduitsdexploitation,2023-09-30,2023,9M,597370634.372,1,TND,unite,Estime,augmentation (estimation trimestrielle)
SFBT,Compte de resultat,Total des produits d'exploitation,Total des produits d'exploitation,totaldesproduitsdexploitation,2024-03-31,2024,T1,184998908.829,1,TND,unite,Estime,augmentation (estimation trimestrielle)
SFBT,Compte de resultat,Total des produits d'exploitation,Total des produits d'exploitation,totaldesproduitsdexploitation,2024-09-30,2024,9M,606249809.647,1,TND,unite,Estime,augmentation (estimation trimestrielle)
SFBT,Compte de resultat,Total des produits d'exploitation,Total des produits d'exploitation,totaldesproduitsdexploitation,2025-03-31,2025,T1,180439203.536,1,TND,unite,Estime,augmentation (estimation trimestrielle)
SFBT,Compte de resultat,Transfert de charge,Transfert de charge,transfertdecharge,2005-03-31,2005,T1,37686.784,1,TND,unite,Estime,augmentation (estimation trimestrielle)
SFBT,Compte de resultat,Transfert de charge,Transfert de charge,transfertdecharge,2005-09-30,2005,9M,52497.885,1,TND,unite,Estime,augmentation (estimation trimestrielle)
SFBT,Compte de resultat,Variation des stocks des produits finis et des encours,Variation des stocks des produits finis et des encours,variationdesstocksdesproduitsfinisetdesencours,2022-03-31,2022,T1,-8582994.219,1,TND,unite,Estime,augmentation (estimation trimestrielle)
SFBT,Compte de resultat,Variation des stocks des produits finis et des encours,Variation des stocks des produits finis et des encours,variationdesstocksdesproduitsfinisetdesencours,2022-09-30,2022,9M,,1,TND,unite,Estime,augmentation (estimation trimestrielle)
SFBT,Compte de resultat,Variation des stocks des produits finis et des encours,Variation des stocks des produits finis et des encours,variationdesstocksdesproduitsfinisetdesencours,2023-03-31,2023,T1,-10381823.964,1,TND,unite,Estime,augmentation (estimation trimestrielle)
SFBT,Compte de resultat,Variation des stocks des produits finis et des encours,Variation des stocks des produits finis et des encours,variationdesstocksdesproduitsfinisetdesencours,2023-09-30,2023,9M,-18397714.774,1,TND,unite,Estime,augmentation (estimation trimestrielle)
SFBT,Compte de resultat,Variation des stocks des produits finis et des encours,Variation des stocks des produits finis et des encours,variationdesstocksdesproduitsfinisetdesencours,2024-03-31,2024,T1,-3934072.03,1,TND,unite,Estime,augmentation (estimation trimestrielle)
SFBT,Compte de resultat,Variation des stocks des produits finis et des encours,Variation des stocks des produits finis et des encours,variationdesstocksdesproduitsfinisetdesencours,2024-09-30,2024,9M,-4434221.287,1,TND,unite,Estime,augmentation (estimation trimestrielle)
SFBT,Compte de resultat,Variation des stocks des produits finis et des encours,Variation des stocks des produits finis et des encours,variationdesstocksdesproduitsfinisetdesencours,2025-03-31,2025,T1,916448.657,1,TND,unite,Estime,augmentation (estimation trimestrielle)
SFBT,Compte de resultat,Variation des stocks des produits finis et des encours (en + ou -),Variation des stocks des produits finis et des encours (en + ou -),variationdesstocksdesproduitsfinisetdesencoursenou,2005-03-31,2005,T1,-61562.608,1,TND,unite,Estime,augmentation (estimation trimestrielle)
SFBT,Compte de resultat,Variation des stocks des produits finis et des encours (en + ou -),Variation des stocks des produits finis et des encours (en + ou -),variationdesstocksdesproduitsfinisetdesencoursenou,2005-09-30,2005,9M,-254477.629,1,TND,unite,Estime,augmentation (estimation trimestrielle)
SFBT,Compte de resultat,Variation des stocks des produits finis et des encours (en + ou -),Variation des stocks des produits finis et des encours (en + ou -),variationdesstocksdesproduitsfinisetdesencoursenou,2006-03-31,2006,T1,317689.386,1,TND,unite,Estime,augmentation (estimation trimestrielle)
SFBT,Compte de resultat,Variation des stocks des produits finis et des encours (en + ou -),Variation des stocks des produits finis et des encours (en + ou -),variationdesstocksdesproduitsfinisetdesencoursenou,2006-09-30,2006,9M,423730.066,1,TND,unite,Estime,augmentation (estimation trimestrielle)
SFBT,Compte de resultat,Variation des stocks des produits finis et des encours (en + ou -),Variation des stocks des produits finis et des encours (en + ou -),variationdesstocksdesproduitsfinisetdesencoursenou,2007-03-31,2007,T1,-251851.535,1,TND,unite,Estime,augmentation (estimation trimestrielle)
SFBT,Compte de resultat,Variation des stocks des produits finis et des encours (en + ou -),Variation des stocks des produits finis et des encours (en + ou -),variationdesstocksdesproduitsfinisetdesencoursenou,2007-09-30,2007,9M,-405218.702,1,TND,unite,Estime,augmentation (estimation trimestrielle)
SFBT,Compte de resultat,Variation des stocks des produits finis et des encours (en + ou -),Variation des stocks des produits finis et des encours (en + ou -),variationdesstocksdesproduitsfinisetdesencoursenou,2008-03-31,2008,T1,-314204.424,1,TND,unite,Estime,augmentation (estimation trimestrielle)
SFBT,Compte de resultat,Variation des stocks des produits finis et des encours (en + ou -),Variation des stocks des produits finis et des encours (en + ou -),variationdesstocksdesproduitsfinisetdesencoursenou,2008-09-30,2008,9M,-598686.096,1,TND,unite,Estime,augmentation (estimation trimestrielle)
SFBT,Compte de resultat,Variation des stocks des produits finis et des encours (en + ou -),Variation des stocks des produits finis et des encours (en + ou -),variationdesstocksdesproduitsfinisetdesencoursenou,2009-03-31,2009,T1,98686.562,1,TND,unite,Estime,augmentation (estimation trimestrielle)
SFBT,Compte de resultat,Variation des stocks des produits finis et des encours (en + ou -),Variation des stocks des produits finis et des encours (en + ou -),variationdesstocksdesproduitsfinisetdesencoursenou,2009-09-30,2009,9M,179583.78,1,TND,unite,Estime,augmentation (estimation trimestrielle)
SFBT,Compte de resultat,Variation des stocks des produits finis et des encours (en + ou -),Variation des stocks des produits finis et des encours (en + ou -),variationdesstocksdesproduitsfinisetdesencoursenou,2010-03-31,2010,T1,1108223.5,1,TND,unite,Estime,augmentation (estimation trimestrielle)
SFBT,Compte de resultat,Variation des stocks des produits finis et des encours (en + ou -),Variation des stocks des produits finis et des encours (en + ou -),variationdesstocksdesproduitsfinisetdesencoursenou,2010-09-30,2010,9M,195210.743,1,TND,unite,Estime,augmentation (estimation trimestrielle)
SFBT,Compte de resultat,Variation des stocks des produits finis et des encours (en + ou -),Variation des stocks des produits finis et des encours (en + ou -),variationdesstocksdesproduitsfinisetdesencoursenou,2011-03-31,2011,T1,133178.5,1,TND,unite,Estime,augmentation (estimation trimestrielle)
SFBT,Compte de resultat,Variation des stocks des produits finis et des encours (en + ou -),Variation des stocks des produits finis et des encours (en + ou -),variationdesstocksdesproduitsfinisetdesencoursenou,2011-09-30,2011,9M,-302981.288,1,TND,unite,Estime,augmentation (estimation trimestrielle)
SFBT,Compte de resultat,Variation des stocks des produits finis et des encours (en + ou -),Variation des stocks des produits finis et des encours (en + ou -),variationdesstocksdesproduitsfinisetdesencoursenou,2012-03-31,2012,T1,372954.5,1,TND,unite,Estime,augmentation (estimation trimestrielle)
SFBT,Compte de resultat,Variation des stocks des produits finis et des encours (en + ou -),Variation des stocks des produits finis et des encours (en + ou -),variationdesstocksdesproduitsfinisetdesencoursenou,2012-09-30,2012,9M,302670.09,1,TND,unite,Estime,augmentation (estimation trimestrielle)
SFBT,Compte de resultat,Variation des stocks des produits finis et des encours (en + ou -),Variation des stocks des produits finis et des encours (en + ou -),variationdesstocksdesproduitsfinisetdesencoursenou,2013-03-31,2013,T1,403499.0,1,TND,unite,Estime,augmentation (estimation trimestrielle)
SFBT,Compte de resultat,Variation des stocks des produits finis et des encours (en + ou -),Variation des stocks des produits finis et des encours (en + ou -),variationdesstocksdesproduitsfinisetdesencoursenou,2013-09-30,2013,9M,-6047.057,1,TND,unite,Estime,augmentation (estimation trimestrielle)
SFBT,Compte de resultat,Variation des stocks des produits finis et des encours (en + ou -),Variation des stocks des produits finis et des encours (en + ou -),variationdesstocksdesproduitsfinisetdesencoursenou,2014-03-31,2014,T1,-136364.269,1,TND,unite,Estime,augmentation (estimation trimestrielle)
SFBT,Compte de resultat,Variation des stocks des produits finis et des encours (en + ou -),Variation des stocks des produits finis et des encours (en + ou -),variationdesstocksdesproduitsfinisetdesencoursenou,2014-09-30,2014,9M,-416609.449,1,TND,unite,Estime,augmentation (estimation trimestrielle)
SFBT,Compte de resultat,Variation des stocks des produits finis et des encours (en + ou -),Variation des stocks des produits finis et des encours (en + ou -),variationdesstocksdesproduitsfinisetdesencoursenou,2015-03-31,2015,T1,-1294427.168,1,TND,unite,Estime,augmentation (estimation trimestrielle)
SFBT,Compte de resultat,Variation des stocks des produits finis et des encours (en + ou -),Variation des stocks des produits finis et des encours (en + ou -),variationdesstocksdesproduitsfinisetdesencoursenou,2015-09-30,2015,9M,-6505055.709,1,TND,unite,Estime,augmentation (estimation trimestrielle)
SFBT,Compte de resultat,Variation des stocks des produits finis et des encours (en + ou -),Variation des stocks des produits finis et des encours (en + ou -),variationdesstocksdesproduitsfinisetdesencoursenou,2016-03-31,2016,T1,-3269296.385,1,TND,unite,Estime,augmentation (estimation trimestrielle)
SFBT,Compte de resultat,Variation des stocks des produits finis et des encours (en + ou -),Variation des stocks des produits finis et des encours (en + ou -),variationdesstocksdesproduitsfinisetdesencoursenou,2016-09-30,2016,9M,-4361814.053,1,TND,unite,Estime,augmentation (estimation trimestrielle)
SFBT,Compte de resultat,Variation des stocks des produits finis et des encours (en + ou -),Variation des stocks des produits finis et des encours (en + ou -),variationdesstocksdesproduitsfinisetdesencoursenou,2017-03-31,2017,T1,-2686402.121,1,TND,unite,Estime,augmentation (estimation trimestrielle)
SFBT,Compte de resultat,Variation des stocks des produits finis et des encours (en + ou -),Variation des stocks des produits finis et des encours (en + ou -),variationdesstocksdesproduitsfinisetdesencoursenou,2017-09-30,2017,9M,-1868791.722,1,TND,unite,Estime,augmentation (estimation trimestrielle)
SFBT,Compte de resultat,Variation des stocks des produits finis et des encours (en + ou -),Variation des stocks des produits finis et des encours (en + ou -),variationdesstocksdesproduitsfinisetdesencoursenou,2018-03-31,2018,T1,-4260017.456,1,TND,unite,Estime,augmentation (estimation trimestrielle)
SFBT,Compte de resultat,Variation des stocks des produits finis et des encours (en + ou -),Variation des stocks des produits finis et des encours (en + ou -),variationdesstocksdesproduitsfinisetdesencoursenou,2019-03-31,2019,T1,-8009217.084,1,TND,unite,Estime,augmentation (estimation trimestrielle)
SFBT,Compte de resultat,Variation des stocks des produits finis et des encours (en + ou -),Variation des stocks des produits finis et des encours (en + ou -),variationdesstocksdesproduitsfinisetdesencoursenou,2019-09-30,2019,9M,-8198582.45,1,TND,unite,Estime,augmentation (estimation trimestrielle)
SFBT,Compte de resultat,Variation des stocks des produits finis et des encours (en + ou -),Variation des stocks des produits finis et des encours (en + ou -),variationdesstocksdesproduitsfinisetdesencoursenou,2020-03-31,2020,T1,-7180201.248,1,TND,unite,Estime,augmentation (estimation trimestrielle)
SFBT,Compte de resultat,Variation des stocks des produits finis et des encours (en + ou -),Variation des stocks des produits finis et des encours (en + ou -),variationdesstocksdesproduitsfinisetdesencoursenou,2020-09-30,2020,9M,-3785134.447,1,TND,unite,Estime,augmentation (estimation trimestrielle)
SFBT,Compte de resultat,Variation des stocks des produits finis et des encours (en + ou -),Variation des stocks des produits finis et des encours (en + ou -),variationdesstocksdesproduitsfinisetdesencoursenou,2021-03-31,2021,T1,-11457581.636,1,TND,unite,Estime,augmentation (estimation trimestrielle)
SFBT,Flux de tresorerie,Ajustements Encaissement dividendes,Ajustements Encaissement dividendes,ajustementsencaissementdividendes,2005-03-31,2005,T1,-8315101.489,1,TND,unite,Estime,augmentation (estimation trimestrielle)
SFBT,Flux de tresorerie,Ajustements Encaissement dividendes,Ajustements Encaissement dividendes,ajustementsencaissementdividendes,2005-09-30,2005,9M,-16695385.652,1,TND,unite,Estime,augmentation (estimation trimestrielle)
SFBT,Flux de tresorerie,Ajustements Encaissement dividendes,Ajustements Encaissement dividendes,ajustementsencaissementdividendes,2006-03-31,2006,T1,-9655758.373,1,TND,unite,Estime,augmentation (estimation trimestrielle)
SFBT,Flux de tresorerie,Ajustements Encaissement dividendes,Ajustements Encaissement dividendes,ajustementsencaissementdividendes,2006-09-30,2006,9M,-19342552.045,1,TND,unite,Estime,augmentation (estimation trimestrielle)
SFBT,Flux de tresorerie,Ajustements Encaissement dividendes,Ajustements Encaissement dividendes,ajustementsencaissementdividendes,2007-03-31,2007,T1,-10162320.75,1,TND,unite,Estime,augmentation (estimation trimestrielle)
SFBT,Flux de tresorerie,Ajustements Encaissement dividendes,Ajustements Encaissement dividendes,ajustementsencaissementdividendes,2007-09-30,2007,9M,-20335481.8,1,TND,unite,Estime,augmentation (estimation trimestrielle)
SFBT,Flux de tresorerie,Ajustements Encaissement dividendes,Ajustements Encaissement dividendes,ajustementsencaissementdividendes,2008-03-31,2008,T1,-10584998.85,1,TND,unite,Estime,augmentation (estimation trimestrielle)
SFBT,Flux de tresorerie,Ajustements Encaissement dividendes,Ajustements Encaissement dividendes,ajustementsencaissementdividendes,2008-09-30,2008,9M,-21183887.7,1,TND,unite,Estime,augmentation (estimation trimestrielle)
SFBT,Flux de tresorerie,Ajustements Encaissement dividendes,Ajustements Encaissement dividendes,ajustementsencaissementdividendes,2009-03-31,2009,T1,-10895059.536,1,TND,unite,Estime,augmentation (estimation trimestrielle)
SFBT,Flux de tresorerie,Ajustements Encaissement dividendes,Ajustements Encaissement dividendes,ajustementsencaissementdividendes,2009-09-30,2009,9M,-21896966.873,1,TND,unite,Estime,augmentation (estimation trimestrielle)
SFBT,Flux de tresorerie,Ajustements Encaissement dividendes,Ajustements Encaissement dividendes,ajustementsencaissementdividendes,2010-03-31,2010,T1,12256795.0,1,TND,unite,Estime,augmentation (estimation trimestrielle)
SFBT,Flux de tresorerie,Ajustements Encaissement dividendes,Ajustements Encaissement dividendes,ajustementsencaissementdividendes,2010-09-30,2010,9M,-2250.705,1,TND,unite,Estime,augmentation (estimation trimestrielle)
SFBT,Flux de tresorerie,Ajustements Encaissement dividendes,Ajustements Encaissement dividendes,ajustementsencaissementdividendes,2011-03-31,2011,T1,14538624.5,1,TND,unite,Estime,augmentation (estimation trimestrielle)
SFBT,Flux de tresorerie,Ajustements Encaissement dividendes,Ajustements Encaissement dividendes,ajustementsencaissementdividendes,2011-09-30,2011,9M,18896.86,1,TND,unite,Estime,augmentation (estimation trimestrielle)
SFBT,Flux de tresorerie,Ajustements Encaissement dividendes,Ajustements Encaissement dividendes,ajustementsencaissementdividendes,2016-03-31,2016,T1,-29450659.485,1,TND,unite,Estime,augmentation (estimation trimestrielle)
SFBT,Flux de tresorerie,Ajustements Encaissement dividendes,Ajustements Encaissement dividendes,ajustementsencaissementdividendes,2016-09-30,2016,9M,-59272893.19,1,TND,unite,Estime,augmentation (estimation trimestrielle)
SFBT,Flux de tresorerie,Ajustements Encaissement dividendes,Ajustements Encaissement dividendes,ajustementsencaissementdividendes,2017-03-31,2017,T1,-30589558.885,1,TND,unite,Estime,augmentation (estimation trimestrielle)
SFBT,Flux de tresorerie,Ajustements Encaissement dividendes,Ajustements Encaissement dividendes,ajustementsencaissementdividendes,2017-09-30,2017,9M,-61561683.318,1,TND,unite,Estime,augmentation (estimation trimestrielle)
SFBT,Flux de tresorerie,Ajustements Encaissement dividendes,Ajustements Encaissement dividendes,ajustementsencaissementdividendes,2018-03-31,2018,T1,-32860570.519,1,TND,unite,Estime,augmentation (estimation trimestrielle)
SFBT,Flux de tresorerie,Ajustements Encaissement dividendes,Ajustements Encaissement dividendes,ajustementsencaissementdividendes,2018-09-30,2018,9M,-65778955.613,1,TND,unite,Estime,augmentation (estimation trimestrielle)
SFBT,Flux de tresorerie,Ajustements Encaissement dividendes,Ajustements Encaissement dividendes,ajustementsencaissementdividendes,2019-03-31,2019,T1,-33481701.552,1,TND,unite,Estime,augmentation (estimation trimestrielle)
SFBT,Flux de tresorerie,Ajustements Encaissement dividendes,Ajustements Encaissement dividendes,ajustementsencaissementdividendes,2019-09-30,2019,9M,-67081798.032,1,TND,unite,Estime,augmentation (estimation trimestrielle)
SFBT,Flux de tresorerie,Ajustements Encaissement dividendes,Ajustements Encaissement dividendes,ajustementsencaissementdividendes,2020-03-31,2020,T1,-32047523.396,1,TND,unite,Estime,augmentation (estimation trimestrielle)
SFBT,Flux de tresorerie,Ajustements Encaissement dividendes,Ajustements Encaissement dividendes,ajustementsencaissementdividendes,2020-09-30,2020,9M,-64188351.694,1,TND,unite,Estime,augmentation (estimation trimestrielle)
SFBT,Flux de tresorerie,Ajustements Encaissement dividendes,Ajustements Encaissement dividendes,ajustementsencaissementdividendes,2021-03-31,2021,T1,-32346828.963,1,TND,unite,Estime,augmentation (estimation trimestrielle)
SFBT,Flux de tresorerie,Ajustements Encaissement dividendes,Ajustements Encaissement dividendes,ajustementsencaissementdividendes,2021-09-30,2021,9M,,1,TND,unite,Estime,augmentation (estimation trimestrielle)
SFBT,Flux de tresorerie,Ajustements Encaissement dividendes,Ajustements Encaissement dividendes,ajustementsencaissementdividendes,2022-03-31,2022,T1,-33656961.097,1,TND,unite,Estime,augmentation (estimation trimestrielle)
SFBT,Flux de tresorerie,Ajustements Encaissement dividendes,Ajustements Encaissement dividendes,ajustementsencaissementdividendes,2022-09-30,2022,9M,,1,TND,unite,Estime,augmentation (estimation trimestrielle)
SFBT,Flux de tresorerie,Ajustements Encaissement dividendes,Ajustements Encaissement dividendes,ajustementsencaissementdividendes,2023-03-31,2023,T1,-34883415.21,1,TND,unite,Estime,augmentation (estimation trimestrielle)
SFBT,Flux de tresorerie,Ajustements Encaissement dividendes,Ajustements Encaissement dividendes,ajustementsencaissementdividendes,2023-09-30,2023,9M,-69787072.07,1,TND,unite,Estime,augmentation (estimation trimestrielle)
SFBT,Flux de tresorerie,Ajustements Encaissement dividendes,Ajustements Encaissement dividendes,ajustementsencaissementdividendes,2024-03-31,2024,T1,-41006786.587,1,TND,unite,Estime,augmentation (estimation trimestrielle)
SFBT,Flux de tresorerie,Ajustements Encaissement dividendes,Ajustements Encaissement dividendes,ajustementsencaissementdividendes,2024-09-30,2024,9M,-82019652.684,1,TND,unite,Estime,augmentation (estimation trimestrielle)
SFBT,Flux de tresorerie,Ajustements Encaissement dividendes,Ajustements Encaissement dividendes,ajustementsencaissementdividendes,2025-03-31,2025,T1,-48038300.976,1,TND,unite,Estime,augmentation (estimation trimestrielle)
SFBT,Flux de tresorerie,Ajustements Moins value sur cession,Ajustements Moins  value sur cession,ajustementsmoinsvaluesurcession,2008-03-31,2008,T1,399983.654,1,TND,unite,Estime,augmentation (estimation trimestrielle)
SFBT,Flux de tresorerie,Ajustements Moins value sur cession,Ajustements Moins  value sur cession,ajustementsmoinsvaluesurcession,2009-03-31,2009,T1,-79138.675,1,TND,unite,Estime,augmentation (estimation trimestrielle)
SFBT,Flux de tresorerie,Ajustements Plue value sur cession,Ajustements Plue  value sur cession,ajustementspluevaluesurcession,2008-03-31,2008,T1,-33260.0,1,TND,unite,Estime,augmentation (estimation trimestrielle)
SFBT,Flux de tresorerie,Ajustements Plue value sur cession,Ajustements Plue  value sur cession,ajustementspluevaluesurcession,2009-03-31,2009,T1,-514290.7,1,TND,unite,Estime,augmentation (estimation trimestrielle)
SFBT,Flux de tresorerie,Ajustements Plus ou moins-value sur cession,Ajustements Plus ou moins-value sur cession,ajustementsplusoumoinsvaluesurcession,2010-03-31,2010,T1,12680.0,1,TND,unite,Estime,augmentation (estimation trimestrielle)
SFBT,Flux de tresorerie,Ajustements Plus ou moins-value sur cession,Ajustements Plus ou moins-value sur cession,ajustementsplusoumoinsvaluesurcession,2010-09-30,2010,9M,0.0,1,TND,unite,Estime,augmentation (estimation trimestrielle)
SFBT,Flux de tresorerie,Ajustements Plus ou moins-value sur cession,Ajustements Plus ou moins-value sur cession,ajustementsplusoumoinsvaluesurcession,2011-03-31,2011,T1,62910.0,1,TND,unite,Estime,augmentation (estimation trimestrielle)
SFBT,Flux de tresorerie,Ajustements Plus ou moins-value sur cession,Ajustements Plus ou moins-value sur cession,ajustementsplusoumoinsvaluesurcession,2011-09-30,2011,9M,-17664.877,1,TND,unite,Estime,augmentation (estimation trimestrielle)
SFBT,Flux de tresorerie,Ajustements Plus ou moins-value sur cession,Ajustements Plus ou moins-value sur cession,ajustementsplusoumoinsvaluesurcession,2016-03-31,2016,T1,-165751.909,1,TND,unite,Estime,augmentation (estimation trimestrielle)
SFBT,Flux de tresorerie,Ajustements Plus ou moins-value sur cession,Ajustements Plus ou moins-value sur cession,ajustementsplusoumoinsvaluesurcession,2016-09-30,2016,9M,-331503.818,1,TND,unite,Estime,augmentation (estimation trimestrielle)
SFBT,Flux de tresorerie,Ajustements Plus ou moins-value sur cession,Ajustements Plus ou moins-value sur cession,ajustementsplusoumoinsvaluesurcession,2018-03-31,2018,T1,-42598.0,1,TND,unite,Estime,augmentation (estimation trimestrielle)
SFBT,Flux de tresorerie,Ajustements Plus ou moins-value sur cession,Ajustements Plus ou moins-value sur cession,ajustementsplusoumoinsvaluesurcession,2018-09-30,2018,9M,-153046.0,1,TND,unite,Estime,augmentation (estimation trimestrielle)
SFBT,Flux de tresorerie,Ajustements Plus ou moins-value sur cession,Ajustements Plus ou moins-value sur cession,ajustementsplusoumoinsvaluesurcession,2019-03-31,2019,T1,-25696.5,1,TND,unite,Estime,augmentation (estimation trimestrielle)
SFBT,Flux de tresorerie,Ajustements Plus ou moins-value sur cession,Ajustements Plus ou moins-value sur cession,ajustementsplusoumoinsvaluesurcession,2019-09-30,2019,9M,-72834.367,1,TND,unite,Estime,augmentation (estimation trimestrielle)
SFBT,Flux de tresorerie,Ajustements Plus ou moins-value sur cession,Ajustements Plus ou moins-value sur cession,ajustementsplusoumoinsvaluesurcession,2021-03-31,2021,T1,-504.99,1,TND,unite,Estime,augmentation (estimation trimestrielle)
SFBT,Flux de tresorerie,Ajustements Plus ou moins-value sur cession,Ajustements Plus ou moins-value sur cession,ajustementsplusoumoinsvaluesurcession,2021-09-30,2021,9M,,1,TND,unite,Estime,augmentation (estimation trimestrielle)
SFBT,Flux de tresorerie,Ajustements Plus ou moins-value sur cession,Ajustements Plus ou moins-value sur cession,ajustementsplusoumoinsvaluesurcession,2022-03-31,2022,T1,-26004.0,1,TND,unite,Estime,augmentation (estimation trimestrielle)
SFBT,Flux de tresorerie,Ajustements Plus ou moins-value sur cession,Ajustements Plus ou moins-value sur cession,ajustementsplusoumoinsvaluesurcession,2022-09-30,2022,9M,,1,TND,unite,Estime,augmentation (estimation trimestrielle)
SFBT,Flux de tresorerie,Ajustements Plus ou moins-value sur cession,Ajustements Plus ou moins-value sur cession,ajustementsplusoumoinsvaluesurcession,2023-03-31,2023,T1,-5906.001,1,TND,unite,Estime,augmentation (estimation trimestrielle)
SFBT,Flux de tresorerie,Ajustements Plus ou moins-value sur cession,Ajustements Plus ou moins-value sur cession,ajustementsplusoumoinsvaluesurcession,2023-09-30,2023,9M,-1316798.535,1,TND,unite,Estime,augmentation (estimation trimestrielle)
SFBT,Flux de tresorerie,Ajustements Plus ou moins-value sur cession,Ajustements Plus ou moins-value sur cession,ajustementsplusoumoinsvaluesurcession,2024-03-31,2024,T1,-114312.071,1,TND,unite,Estime,augmentation (estimation trimestrielle)
SFBT,Flux de tresorerie,Ajustements Plus ou moins-value sur cession,Ajustements Plus ou moins-value sur cession,ajustementsplusoumoinsvaluesurcession,2024-09-30,2024,9M,-1678609.761,1,TND,unite,Estime,augmentation (estimation trimestrielle)
SFBT,Flux de tresorerie,Ajustements Plus ou moins-value sur cession,Ajustements Plus ou moins-value sur cession,ajustementsplusoumoinsvaluesurcession,2025-03-31,2025,T1,-42450.0,1,TND,unite,Estime,augmentation (estimation trimestrielle)
SFBT,Flux de tresorerie,Ajustements Plus value sur cession,Ajustements Plus  value sur cession,ajustementsplusvaluesurcession,2005-03-31,2005,T1,-38274.5,1,TND,unite,Estime,augmentation (estimation trimestrielle)
SFBT,Flux de tresorerie,Ajustements Plus value sur cession,Ajustements Plus  value sur cession,ajustementsplusvaluesurcession,2005-09-30,2005,9M,-82196.615,1,TND,unite,Estime,augmentation (estimation trimestrielle)
SFBT,Flux de tresorerie,Ajustements Plus value sur cession,Ajustements Plus  value sur cession,ajustementsplusvaluesurcession,2006-03-31,2006,T1,-78163.5,1,TND,unite,Estime,augmentation (estimation trimestrielle)
SFBT,Flux de tresorerie,Ajustements Plus value sur cession,Ajustements Plus  value sur cession,ajustementsplusvaluesurcession,2006-09-30,2006,9M,-179703.0,1,TND,unite,Estime,augmentation (estimation trimestrielle)
SFBT,Flux de tresorerie,Ajustements Plus value sur cession,Ajustements Plus  value sur cession,ajustementsplusvaluesurcession,2007-03-31,2007,T1,-512080.242,1,TND,unite,Estime,augmentation (estimation trimestrielle)
SFBT,Flux de tresorerie,Ajustements amortissement subvention,Ajustements amortissement subvention,ajustementsamortissementsubvention,2007-03-31,2007,T1,-86112.137,1,TND,unite,Estime,augmentation (estimation trimestrielle)
SFBT,Flux de tresorerie,Ajustements amortissement subvention,Ajustements amortissement subvention,ajustementsamortissementsubvention,2007-09-30,2007,9M,-348507.862,1,TND,unite,Estime,augmentation (estimation trimestrielle)
SFBT,Flux de tresorerie,Ajustements casses bouteilles,Ajustements casses bouteilles,ajustementscassesbouteilles,2005-03-31,2005,T1,187383.959,1,TND,unite,Estime,augmentation (estimation trimestrielle)
SFBT,Flux de tresorerie,Ajustements casses bouteilles,Ajustements casses bouteilles,ajustementscassesbouteilles,2005-09-30,2005,9M,594227.411,1,TND,unite,Estime,augmentation (estimation trimestrielle)
SFBT,Flux de tresorerie,Ajustements casses bouteilles,Ajustements casses bouteilles,ajustementscassesbouteilles,2006-03-31,2006,T1,188409.354,1,TND,unite,Estime,augmentation (estimation trimestrielle)
SFBT,Flux de tresorerie,Ajustements casses bouteilles,Ajustements casses bouteilles,ajustementscassesbouteilles,2006-09-30,2006,9M,694692.575,1,TND,unite,Estime,augmentation (estimation trimestrielle)
SFBT,Flux de tresorerie,Ajustements casses bouteilles,Ajustements casses bouteilles,ajustementscassesbouteilles,2007-03-31,2007,T1,484221.232,1,TND,unite,Estime,augmentation (estimation trimestrielle)
SFBT,Flux de tresorerie,Ajustements casses bouteilles,Ajustements casses bouteilles,ajustementscassesbouteilles,2007-09-30,2007,9M,1172998.341,1,TND,unite,Estime,augmentation (estimation trimestrielle)
SFBT,Flux de tresorerie,Ajustements casses bouteilles,Ajustements casses bouteilles,ajustementscassesbouteilles,2008-03-31,2008,T1,588165.1,1,TND,unite,Estime,augmentation (estimation trimestrielle)
SFBT,Flux de tresorerie,Ajustements casses bouteilles,Ajustements casses bouteilles,ajustementscassesbouteilles,2008-09-30,2008,9M,1394407.917,1,TND,unite,Estime,augmentation (estimation trimestrielle)
SFBT,Flux de tresorerie,Ajustements casses bouteilles,Ajustements casses bouteilles,ajustementscassesbouteilles,2009-03-31,2009,T1,371773.633,1,TND,unite,Estime,augmentation (estimation trimestrielle)
SFBT,Flux de tresorerie,Ajustements casses bouteilles,Ajustements casses bouteilles,ajustementscassesbouteilles,2009-09-30,2009,9M,1088653.774,1,TND,unite,Estime,augmentation (estimation trimestrielle)
SFBT,Flux de tresorerie,Ajustements casses bouteilles,Ajustements casses bouteilles,ajustementscassesbouteilles,2010-03-31,2010,T1,300942.5,1,TND,unite,Estime,augmentation (estimation trimestrielle)
SFBT,Flux de tresorerie,Ajustements casses bouteilles,Ajustements casses bouteilles,ajustementscassesbouteilles,2010-09-30,2010,9M,847634.316,1,TND,unite,Estime,augmentation (estimation trimestrielle)
SFBT,Flux de tresorerie,Ajustements casses bouteilles,Ajustements casses bouteilles,ajustementscassesbouteilles,2011-03-31,2011,T1,274200.5,1,TND,unite,Estime,augmentation (estimation trimestrielle)
SFBT,Flux de tresorerie,Ajustements casses bouteilles,Ajustements casses bouteilles,ajustementscassesbouteilles,2011-09-30,2011,9M,1208535.721,1,TND,unite,Estime,augmentation (estimation trimestrielle)
SFBT,Flux de tresorerie,Ajustements casses bouteilles,Ajustements casses bouteilles,ajustementscassesbouteilles,2016-03-31,2016,T1,326171.849,1,TND,unite,Estime,augmentation (estimation trimestrielle)
SFBT,Flux de tresorerie,Ajustements casses bouteilles,Ajustements casses bouteilles,ajustementscassesbouteilles,2016-09-30,2016,9M,1016262.246,1,TND,unite,Estime,augmentation (estimation trimestrielle)
SFBT,Flux de tresorerie,Ajustements casses bouteilles,Ajustements casses bouteilles,ajustementscassesbouteilles,2017-03-31,2017,T1,222184.641,1,TND,unite,Estime,augmentation (estimation trimestrielle)
SFBT,Flux de tresorerie,Ajustements casses bouteilles,Ajustements casses bouteilles,ajustementscassesbouteilles,2017-09-30,2017,9M,1563236.502,1,TND,unite,Estime,augmentation (estimation trimestrielle)
SFBT,Flux de tresorerie,Ajustements casses bouteilles,Ajustements casses bouteilles,ajustementscassesbouteilles,2018-03-31,2018,T1,304053.069,1,TND,unite,Estime,augmentation (estimation trimestrielle)
SFBT,Flux de tresorerie,Ajustements casses bouteilles,Ajustements casses bouteilles,ajustementscassesbouteilles,2018-09-30,2018,9M,1062995.477,1,TND,unite,Estime,augmentation (estimation trimestrielle)
SFBT,Flux de tresorerie,Ajustements casses bouteilles,Ajustements casses bouteilles,ajustementscassesbouteilles,2019-03-31,2019,T1,327684.871,1,TND,unite,Estime,augmentation (estimation trimestrielle)
SFBT,Flux de tresorerie,Ajustements casses bouteilles,Ajustements casses bouteilles,ajustementscassesbouteilles,2019-09-30,2019,9M,1181217.296,1,TND,unite,Estime,augmentation (estimation trimestrielle)
SFBT,Flux de tresorerie,Ajustements casses bouteilles,Ajustements casses bouteilles,ajustementscassesbouteilles,2020-03-31,2020,T1,264417.202,1,TND,unite,Estime,augmentation (estimation trimestrielle)
SFBT,Flux de tresorerie,Ajustements casses bouteilles,Ajustements casses bouteilles,ajustementscassesbouteilles,2020-09-30,2020,9M,1125089.198,1,TND,unite,Estime,augmentation (estimation trimestrielle)
SFBT,Flux de tresorerie,Ajustements casses bouteilles,Ajustements casses bouteilles,ajustementscassesbouteilles,2021-03-31,2021,T1,433799.894,1,TND,unite,Estime,augmentation (estimation trimestrielle)
SFBT,Flux de tresorerie,Ajustements casses bouteilles,Ajustements casses bouteilles,ajustementscassesbouteilles,2021-09-30,2021,9M,,1,TND,unite,Estime,augmentation (estimation trimestrielle)
SFBT,Flux de tresorerie,Ajustements casses bouteilles,Ajustements casses bouteilles,ajustementscassesbouteilles,2022-03-31,2022,T1,726032.113,1,TND,unite,Estime,augmentation (estimation trimestrielle)
SFBT,Flux de tresorerie,Ajustements casses bouteilles,Ajustements casses bouteilles,ajustementscassesbouteilles,2022-09-30,2022,9M,,1,TND,unite,Estime,augmentation (estimation trimestrielle)
SFBT,Flux de tresorerie,Ajustements casses bouteilles,Ajustements casses bouteilles,ajustementscassesbouteilles,2023-03-31,2023,T1,698889.055,1,TND,unite,Estime,augmentation (estimation trimestrielle)
SFBT,Flux de tresorerie,Ajustements casses bouteilles,Ajustements casses bouteilles,ajustementscassesbouteilles,2023-09-30,2023,9M,2418653.553,1,TND,unite,Estime,augmentation (estimation trimestrielle)
SFBT,Flux de tresorerie,Ajustements casses bouteilles,Ajustements casses bouteilles,ajustementscassesbouteilles,2024-03-31,2024,T1,827971.383,1,TND,unite,Estime,augmentation (estimation trimestrielle)
SFBT,Flux de tresorerie,Ajustements casses bouteilles,Ajustements casses bouteilles,ajustementscassesbouteilles,2024-09-30,2024,9M,2877964.066,1,TND,unite,Estime,augmentation (estimation trimestrielle)
SFBT,Flux de tresorerie,Ajustements casses bouteilles,Ajustements casses bouteilles,ajustementscassesbouteilles,2025-03-31,2025,T1,963797.53,1,TND,unite,Estime,augmentation (estimation trimestrielle)
SFBT,Flux de tresorerie,Ajustements pour amortissements et provisions,Ajustements pour amortissements et provisions,ajustementspouramortissementsetprovisions,2012-03-31,2012,T1,2557554.5,1,TND,unite,Estime,augmentation (estimation trimestrielle)
SFBT,Flux de tresorerie,Ajustements pour amortissements et provisions,Ajustements pour amortissements et provisions,ajustementspouramortissementsetprovisions,2013-03-31,2013,T1,3929532.5,1,TND,unite,Estime,augmentation (estimation trimestrielle)
SFBT,Flux de tresorerie,Ajustements pour amortissements et provisions,Ajustements pour amortissements et provisions,ajustementspouramortissementsetprovisions,2014-03-31,2014,T1,3142880.473,1,TND,unite,Estime,augmentation (estimation trimestrielle)
SFBT,Flux de tresorerie,Ajustements pour amortissements et provisions,Ajustements pour amortissements et provisions,ajustementspouramortissementsetprovisions,2015-03-31,2015,T1,3668854.818,1,TND,unite,Estime,augmentation (estimation trimestrielle)
SFBT,Flux de tresorerie,Ajustements pour casse bouteilles,Ajustements pour casse bouteilles,ajustementspourcassebouteilles,2012-03-31,2012,T1,413148.5,1,TND,unite,Estime,augmentation (estimation trimestrielle)
SFBT,Flux de tresorerie,Ajustements pour casse bouteilles,Ajustements pour casse bouteilles,ajustementspourcassebouteilles,2013-03-31,2013,T1,352247.0,1,TND,unite,Estime,augmentation (estimation trimestrielle)
SFBT,Flux de tresorerie,Ajustements pour casse bouteilles,Ajustements pour casse bouteilles,ajustementspourcassebouteilles,2014-03-31,2014,T1,387362.858,1,TND,unite,Estime,augmentation (estimation trimestrielle)
SFBT,Flux de tresorerie,Ajustements pour casse bouteilles,Ajustements pour casse bouteilles,ajustementspourcassebouteilles,2015-03-31,2015,T1,439432.809,1,TND,unite,Estime,augmentation (estimation trimestrielle)
SFBT,Flux de tresorerie,Ajustements pour encaissement de dividendes,Ajustements pour encaissement de dividendes,ajustementspourencaissementdedividendes,2012-03-31,2012,T1,-12736030.0,1,TND,unite,Estime,augmentation (estimation trimestrielle)
SFBT,Flux de tresorerie,Ajustements pour encaissement de dividendes,Ajustements pour encaissement de dividendes,ajustementspourencaissementdedividendes,2013-03-31,2013,T1,-19046216.5,1,TND,unite,Estime,augmentation (estimation trimestrielle)
SFBT,Flux de tresorerie,Ajustements pour encaissement de dividendes,Ajustements pour encaissement de dividendes,ajustementspourencaissementdedividendes,2014-03-31,2014,T1,-21423768.45,1,TND,unite,Estime,augmentation (estimation trimestrielle)
SFBT,Flux de tresorerie,Ajustements pour encaissement de dividendes,Ajustements pour encaissement de dividendes,ajustementspourencaissementdedividendes,2015-03-31,2015,T1,-22994196.253,1,TND,unite,Estime,augmentation (estimation trimestrielle)
SFBT,Flux de tresorerie,Ajustements pour plus ou moins value sur cession,Ajustements pour plus ou moins value sur cession,ajustementspourplusoumoinsvaluesurcession,2012-03-31,2012,T1,-14066.5,1,TND,unite,Estime,augmentation (estimation trimestrielle)
SFBT,Flux de tresorerie,Ajustements pour plus ou moins value sur cession,Ajustements pour plus ou moins value sur cession,ajustementspourplusoumoinsvaluesurcession,2013-03-31,2013,T1,-2662.0,1,TND,unite,Estime,augmentation (estimation trimestrielle)
SFBT,Flux de tresorerie,Ajustements pour plus ou moins value sur cession,Ajustements pour plus ou moins value sur cession,ajustementspourplusoumoinsvaluesurcession,2014-03-31,2014,T1,-37977.75,1,TND,unite,Estime,augmentation (estimation trimestrielle)
SFBT,Flux de tresorerie,Ajustements pour plus ou moins value sur cession,Ajustements pour plus ou moins value sur cession,ajustementspourplusoumoinsvaluesurcession,2015-03-31,2015,T1,-23036.5,1,TND,unite,Estime,augmentation (estimation trimestrielle)
SFBT,Flux de tresorerie,Ajustements pour reprise sur provisions,Ajustements pour reprise sur provisions,ajustementspourreprisesurprovisions,2007-03-31,2007,T1,-18240.616,1,TND,unite,Estime,augmentation (estimation trimestrielle)
SFBT,Flux de tresorerie,Ajustements pour reprise sur provisions,Ajustements pour reprise sur provisions,ajustementspourreprisesurprovisions,2007-09-30,2007,9M,-42925.042,1,TND,unite,Estime,augmentation (estimation trimestrielle)
SFBT,Flux de tresorerie,Ajustements pour reprise sur provisions,Ajustements pour reprise sur provisions,ajustementspourreprisesurprovisions,2008-03-31,2008,T1,-750000.0,1,TND,unite,Estime,augmentation (estimation trimestrielle)
SFBT,Flux de tresorerie,Ajustements pour reprise sur provisions,Ajustements pour reprise sur provisions,ajustementspourreprisesurprovisions,2008-09-30,2008,9M,-1530368.195,1,TND,unite,Estime,augmentation (estimation trimestrielle)
SFBT,Flux de tresorerie,Ajustements pour reprise sur provisions,Ajustements pour reprise sur provisions,ajustementspourreprisesurprovisions,2010-03-31,2010,T1,8809.5,1,TND,unite,Estime,augmentation (estimation trimestrielle)
SFBT,Flux de tresorerie,Ajustements pour reprise sur provisions,Ajustements pour reprise sur provisions,ajustementspourreprisesurprovisions,2010-09-30,2010,9M,-1082.727,1,TND,unite,Estime,augmentation (estimation trimestrielle)
SFBT,Flux de tresorerie,Ajustements pour reprise sur provisions,Ajustements pour reprise sur provisions,ajustementspourreprisesurprovisions,2011-03-31,2011,T1,66621.5,1,TND,unite,Estime,augmentation (estimation trimestrielle)
SFBT,Flux de tresorerie,Ajustements pour reprise sur provisions,Ajustements pour reprise sur provisions,ajustementspourreprisesurprovisions,2011-09-30,2011,9M,-15161.962,1,TND,unite,Estime,augmentation (estimation trimestrielle)
SFBT,Flux de tresorerie,Ajustements pour reprise sur provisions,Ajustements pour reprise sur provisions,ajustementspourreprisesurprovisions,2012-03-31,2012,T1,-833.0,1,TND,unite,Estime,augmentation (estimation trimestrielle)
SFBT,Flux de tresorerie,Ajustements pour reprise sur provisions,Ajustements pour reprise sur provisions,ajustementspourreprisesurprovisions,2012-09-30,2012,9M,-55665.8,1,TND,unite,Estime,augmentation (estimation trimestrielle)
SFBT,Flux de tresorerie,Ajustements pour reprise sur provisions,Ajustements pour reprise sur provisions,ajustementspourreprisesurprovisions,2013-03-31,2013,T1,-7680.5,1,TND,unite,Estime,augmentation (estimation trimestrielle)
SFBT,Flux de tresorerie,Ajustements pour reprise sur provisions,Ajustements pour reprise sur provisions,ajustementspourreprisesurprovisions,2013-09-30,2013,9M,-356453.325,1,TND,unite,Estime,augmentation (estimation trimestrielle)
SFBT,Flux de tresorerie,Ajustements pour reprise sur provisions,Ajustements pour reprise sur provisions,ajustementspourreprisesurprovisions,2014-03-31,2014,T1,-953469.989,1,TND,unite,Estime,augmentation (estimation trimestrielle)
SFBT,Flux de tresorerie,Ajustements pour reprise sur provisions,Ajustements pour reprise sur provisions,ajustementspourreprisesurprovisions,2014-09-30,2014,9M,-2003100.978,1,TND,unite,Estime,augmentation (estimation trimestrielle)
SFBT,Flux de tresorerie,Ajustements pour reprise sur provisions,Ajustements pour reprise sur provisions,ajustementspourreprisesurprovisions,2015-03-31,2015,T1,-226760.45,1,TND,unite,Estime,augmentation (estimation trimestrielle)
SFBT,Flux de tresorerie,Ajustements pour reprise sur provisions,Ajustements pour reprise sur provisions,ajustementspourreprisesurprovisions,2015-09-30,2015,9M,-443329.591,1,TND,unite,Estime,augmentation (estimation trimestrielle)
SFBT,Flux de tresorerie,Ajustements pour reprise sur provisions,Ajustements pour reprise sur provisions,ajustementspourreprisesurprovisions,2016-03-31,2016,T1,-103530.001,1,TND,unite,Estime,augmentation (estimation trimestrielle)
SFBT,Flux de tresorerie,Ajustements pour reprise sur provisions,Ajustements pour reprise sur provisions,ajustementspourreprisesurprovisions,2016-09-30,2016,9M,-216414.974,1,TND,unite,Estime,augmentation (estimation trimestrielle)
SFBT,Flux de tresorerie,Ajustements pour reprise sur provisions,Ajustements pour reprise sur provisions,ajustementspourreprisesurprovisions,2017-03-31,2017,T1,-5900.0,1,TND,unite,Estime,augmentation (estimation trimestrielle)
SFBT,Flux de tresorerie,Ajustements pour reprise sur provisions,Ajustements pour reprise sur provisions,ajustementspourreprisesurprovisions,2017-09-30,2017,9M,-215504.304,1,TND,unite,Estime,augmentation (estimation trimestrielle)
SFBT,Flux de tresorerie,Ajustements pour reprise sur provisions,Ajustements pour reprise sur provisions,ajustementspourreprisesurprovisions,2018-03-31,2018,T1,-31278.342,1,TND,unite,Estime,augmentation (estimation trimestrielle)
SFBT,Flux de tresorerie,Ajustements pour reprise sur provisions,Ajustements pour reprise sur provisions,ajustementspourreprisesurprovisions,2018-09-30,2018,9M,-68592.601,1,TND,unite,Estime,augmentation (estimation trimestrielle)
SFBT,Flux de tresorerie,Ajustements pour reprise sur provisions,Ajustements pour reprise sur provisions,ajustementspourreprisesurprovisions,2019-03-31,2019,T1,-4185.56,1,TND,unite,Estime,augmentation (estimation trimestrielle)
SFBT,Flux de tresorerie,Ajustements pour reprise sur provisions,Ajustements pour reprise sur provisions,ajustementspourreprisesurprovisions,2019-09-30,2019,9M,-10715.157,1,TND,unite,Estime,augmentation (estimation trimestrielle)
SFBT,Flux de tresorerie,Ajustements pour reprise sur provisions,Ajustements pour reprise sur provisions,ajustementspourreprisesurprovisions,2020-03-31,2020,T1,-13885.789,1,TND,unite,Estime,augmentation (estimation trimestrielle)
SFBT,Flux de tresorerie,Ajustements pour reprise sur provisions,Ajustements pour reprise sur provisions,ajustementspourreprisesurprovisions,2020-09-30,2020,9M,-30284.327,1,TND,unite,Estime,augmentation (estimation trimestrielle)
SFBT,Flux de tresorerie,Ajustements pour reprise sur provisions,Ajustements pour reprise sur provisions,ajustementspourreprisesurprovisions,2021-03-31,2021,T1,-121825.013,1,TND,unite,Estime,augmentation (estimation trimestrielle)
SFBT,Flux de tresorerie,Ajustements pour reprise sur provisions,Ajustements pour reprise sur provisions,ajustementspourreprisesurprovisions,2021-09-30,2021,9M,,1,TND,unite,Estime,augmentation (estimation trimestrielle)
SFBT,Flux de tresorerie,Ajustements pour reprise sur provisions,Ajustements pour reprise sur provisions,ajustementspourreprisesurprovisions,2022-03-31,2022,T1,-24060.055,1,TND,unite,Estime,augmentation (estimation trimestrielle)
SFBT,Flux de tresorerie,Ajustements pour reprise sur provisions,Ajustements pour reprise sur provisions,ajustementspourreprisesurprovisions,2022-09-30,2022,9M,,1,TND,unite,Estime,augmentation (estimation trimestrielle)
SFBT,Flux de tresorerie,Ajustements pour reprise sur provisions,Ajustements pour reprise sur provisions,ajustementspourreprisesurprovisions,2023-03-31,2023,T1,-1356243.747,1,TND,unite,Estime,augmentation (estimation trimestrielle)
SFBT,Flux de tresorerie,Ajustements pour reprise sur provisions,Ajustements pour reprise sur provisions,ajustementspourreprisesurprovisions,2023-09-30,2023,9M,-4815825.349,1,TND,unite,Estime,augmentation (estimation trimestrielle)
SFBT,Flux de tresorerie,Ajustements pour reprise sur provisions,Ajustements pour reprise sur provisions,ajustementspourreprisesurprovisions,2025-03-31,2025,T1,-2109662.915,1,TND,unite,Estime,augmentation (estimation trimestrielle)
SFBT,Flux de tresorerie,"Ajustements, Amortissements et Provisions","Ajustements, Amortissements et Provisions",ajustementsamortissementsetprovisions,2005-03-31,2005,T1,2866904.332,1,TND,unite,Estime,augmentation (estimation trimestrielle)
SFBT,Flux de tresorerie,"Ajustements, Amortissements et Provisions","Ajustements, Amortissements et Provisions",ajustementsamortissementsetprovisions,2005-09-30,2005,9M,8281190.251,1,TND,unite,Estime,augmentation (estimation trimestrielle)
SFBT,Flux de tresorerie,"Ajustements, Amortissements et Provisions","Ajustements, Amortissements et Provisions",ajustementsamortissementsetprovisions,2006-03-31,2006,T1,2089853.167,1,TND,unite,Estime,augmentation (estimation trimestrielle)
SFBT,Flux de tresorerie,"Ajustements, Amortissements et Provisions","Ajustements, Amortissements et Provisions",ajustementsamortissementsetprovisions,2006-09-30,2006,9M,6474256.208,1,TND,unite,Estime,augmentation (estimation trimestrielle)
SFBT,Flux de tresorerie,"Ajustements, Amortissements et Provisions","Ajustements, Amortissements et Provisions",ajustementsamortissementsetprovisions,2007-03-31,2007,T1,2423855.288,1,TND,unite,Estime,augmentation (estimation trimestrielle)
SFBT,Flux de tresorerie,"Ajustements, Amortissements et Provisions","Ajustements, Amortissements et Provisions",ajustementsamortissementsetprovisions,2007-09-30,2007,9M,7859098.462,1,TND,unite,Estime,augmentation (estimation trimestrielle)
SFBT,Flux de tresorerie,"Ajustements, Amortissements et Provisions","Ajustements, Amortissements et Provisions",ajustementsamortissementsetprovisions,2008-03-31,2008,T1,1945675.711,1,TND,unite,Estime,augmentation (estimation trimestrielle)
SFBT,Flux de tresorerie,"Ajustements, Amortissements et Provisions","Ajustements, Amortissements et Provisions",ajustementsamortissementsetprovisions,2008-09-30,2008,9M,6098776.793,1,TND,unite,Estime,augmentation (estimation trimestrielle)
SFBT,Flux de tresorerie,"Ajustements, Amortissements et Provisions","Ajustements, Amortissements et Provisions",ajustementsamortissementsetprovisions,2009-03-31,2009,T1,1875101.752,1,TND,unite,Estime,augmentation (estimation trimestrielle)
SFBT,Flux de tresorerie,"Ajustements, Amortissements et Provisions","Ajustements, Amortissements et Provisions",ajustementsamortissementsetprovisions,2009-09-30,2009,9M,6318736.749,1,TND,unite,Estime,augmentation (estimation trimestrielle)
SFBT,Flux de tresorerie,"Ajustements, Amortissements et Provisions","Ajustements, Amortissements et Provisions",ajustementsamortissementsetprovisions,2010-03-31,2010,T1,2279905.5,1,TND,unite,Estime,augmentation (estimation trimestrielle)
SFBT,Flux de tresorerie,"Ajustements, Amortissements et Provisions","Ajustements, Amortissements et Provisions",ajustementsamortissementsetprovisions,2010-09-30,2010,9M,6993697.479,1,TND,unite,Estime,augmentation (estimation trimestrielle)
SFBT,Flux de tresorerie,"Ajustements, Amortissements et Provisions","Ajustements, Amortissements et Provisions",ajustementsamortissementsetprovisions,2011-03-31,2011,T1,2812129.5,1,TND,unite,Estime,augmentation (estimation trimestrielle)
SFBT,Flux de tresorerie,"Ajustements, Amortissements et Provisions","Ajustements, Amortissements et Provisions",ajustementsamortissementsetprovisions,2011-09-30,2011,9M,9639952.588,1,TND,unite,Estime,augmentation (estimation trimestrielle)
SFBT,Flux de tresorerie,"Ajustements, Amortissements et Provisions","Ajustements, Amortissements et Provisions",ajustementsamortissementsetprovisions,2016-03-31,2016,T1,3977367.168,1,TND,unite,Estime,augmentation (estimation trimestrielle)
SFBT,Flux de tresorerie,"Ajustements, Amortissements et Provisions","Ajustements, Amortissements et Provisions",ajustementsamortissementsetprovisions,2016-09-30,2016,9M,13268984.255,1,TND,unite,Estime,augmentation (estimation trimestrielle)
SFBT,Flux de tresorerie,"Ajustements, Amortissements et Provisions","Ajustements, Amortissements et Provisions",ajustementsamortissementsetprovisions,2017-03-31,2017,T1,4427496.787,1,TND,unite,Estime,augmentation (estimation trimestrielle)
SFBT,Flux de tresorerie,"Ajustements, Amortissements et Provisions","Ajustements, Amortissements et Provisions",ajustementsamortissementsetprovisions,2017-09-30,2017,9M,14865023.666,1,TND,unite,Estime,augmentation (estimation trimestrielle)
SFBT,Flux de tresorerie,"Ajustements, Amortissements et Provisions","Ajustements, Amortissements et Provisions",ajustementsamortissementsetprovisions,2018-03-31,2018,T1,4448803.633,1,TND,unite,Estime,augmentation (estimation trimestrielle)
SFBT,Flux de tresorerie,"Ajustements, Amortissements et Provisions","Ajustements, Amortissements et Provisions",ajustementsamortissementsetprovisions,2018-09-30,2018,9M,16377401.178,1,TND,unite,Estime,augmentation (estimation trimestrielle)
SFBT,Flux de tresorerie,"Ajustements, Amortissements et Provisions","Ajustements, Amortissements et Provisions",ajustementsamortissementsetprovisions,2019-03-31,2019,T1,,1,TND,unite,Estime,augmentation (estimation trimestrielle)
SFBT,Flux de tresorerie,"Ajustements, Amortissements et Provisions","Ajustements, Amortissements et Provisions",ajustementsamortissementsetprovisions,2019-09-30,2019,9M,,1,TND,unite,Estime,augmentation (estimation trimestrielle)
SFBT,Flux de tresorerie,"Ajustements, Amortissements et Provisions","Ajustements, Amortissements et Provisions",ajustementsamortissementsetprovisions,2020-03-31,2020,T1,6693237.247,1,TND,unite,Estime,augmentation (estimation trimestrielle)
SFBT,Flux de tresorerie,"Ajustements, Amortissements et Provisions","Ajustements, Amortissements et Provisions",ajustementsamortissementsetprovisions,2020-09-30,2020,9M,23158980.836,1,TND,unite,Estime,augmentation (estimation trimestrielle)
SFBT,Flux de tresorerie,"Ajustements, Amortissements et Provisions","Ajustements, Amortissements et Provisions",ajustementsamortissementsetprovisions,2021-03-31,2021,T1,7204730.231,1,TND,unite,Estime,augmentation (estimation trimestrielle)
SFBT,Flux de tresorerie,"Ajustements, Amortissements et Provisions","Ajustements, Amortissements et Provisions",ajustementsamortissementsetprovisions,2021-09-30,2021,9M,,1,TND,unite,Estime,augmentation (estimation trimestrielle)
SFBT,Flux de tresorerie,"Ajustements, Amortissements et Provisions","Ajustements, Amortissements et Provisions",ajustementsamortissementsetprovisions,2022-03-31,2022,T1,6627219.405,1,TND,unite,Estime,augmentation (estimation trimestrielle)
SFBT,Flux de tresorerie,"Ajustements, Amortissements et Provisions","Ajustements, Amortissements et Provisions",ajustementsamortissementsetprovisions,2022-09-30,2022,9M,,1,TND,unite,Estime,augmentation (estimation trimestrielle)
SFBT,Flux de tresorerie,"Ajustements, Amortissements et Provisions","Ajustements, Amortissements et Provisions",ajustementsamortissementsetprovisions,2023-03-31,2023,T1,6992527.377,1,TND,unite,Estime,augmentation (estimation trimestrielle)
SFBT,Flux de tresorerie,"Ajustements, Amortissements et Provisions","Ajustements, Amortissements et Provisions",ajustementsamortissementsetprovisions,2023-09-30,2023,9M,28427804.973,1,TND,unite,Estime,augmentation (estimation trimestrielle)
SFBT,Flux de tresorerie,"Ajustements, Amortissements et Provisions","Ajustements, Amortissements et Provisions",ajustementsamortissementsetprovisions,2024-03-31,2024,T1,7267863.955,1,TND,unite,Estime,augmentation (estimation trimestrielle)
SFBT,Flux de tresorerie,"Ajustements, Amortissements et Provisions","Ajustements, Amortissements et Provisions",ajustementsamortissementsetprovisions,2024-09-30,2024,9M,23596384.573,1,TND,unite,Estime,augmentation (estimation trimestrielle)
SFBT,Flux de tresorerie,"Ajustements, Amortissements et Provisions","Ajustements, Amortissements et Provisions",ajustementsamortissementsetprovisions,2025-03-31,2025,T1,8105736.113,1,TND,unite,Estime,augmentation (estimation trimestrielle)
SFBT,Flux de tresorerie,Decaissements pour acquisition de titres de placement,Decaissements pour acquisition de titres de placement,decaissementspouracquisitiondetitresdeplacement,2007-03-31,2007,T1,-23885.0,1,TND,unite,Estime,augmentation (estimation trimestrielle)
SFBT,Flux de tresorerie,Decaissements pour acquisition de titres de placement,Decaissements pour acquisition de titres de placement,decaissementspouracquisitiondetitresdeplacement,2007-09-30,2007,9M,-47770.0,1,TND,unite,Estime,augmentation (estimation trimestrielle)
SFBT,Flux de tresorerie,Decaissements pour souscription des billets de trésorie,Decaissements pour souscription des billets de trésorie,decaissementspoursouscriptiondesbilletsdetresorie,2010-03-31,2010,T1,10550000.0,1,TND,unite,Estime,augmentation (estimation trimestrielle)
SFBT,Flux de tresorerie,Decaissements pour souscription des billets de trésorie,Decaissements pour souscription des billets de trésorie,decaissementspoursouscriptiondesbilletsdetresorie,2010-09-30,2010,9M,-2000000.0,1,TND,unite,Estime,augmentation (estimation trimestrielle)
SFBT,Flux de tresorerie,Decaissements pour souscription des billets de trésorie,Decaissements pour souscription des billets de trésorie,decaissementspoursouscriptiondesbilletsdetresorie,2011-03-31,2011,T1,2400000.0,1,TND,unite,Estime,augmentation (estimation trimestrielle)
SFBT,Flux de tresorerie,Décaissement pour souscription des billets de trésorerie,Décaissement pour souscription des billets de trésorerie,decaissementpoursouscriptiondesbilletsdetresorerie,2008-03-31,2008,T1,-2000000.0,1,TND,unite,Estime,augmentation (estimation trimestrielle)
SFBT,Flux de tresorerie,Décaissement pour souscription des billets de trésorerie,Décaissement pour souscription des billets de trésorerie,decaissementpoursouscriptiondesbilletsdetresorerie,2009-03-31,2009,T1,-8000000.0,1,TND,unite,Estime,augmentation (estimation trimestrielle)
SFBT,Flux de tresorerie,Décaissement pour souscription des billets de trésorie,Décaissement pour souscription des billets de trésorie,decaissementpoursouscriptiondesbilletsdetresorie,2007-03-31,2007,T1,-17250000.0,1,TND,unite,Estime,augmentation (estimation trimestrielle)
SFBT,Flux de tresorerie,Décaissements Dividendes et autres distributions,Décaissements Dividendes et autres distributions,decaissementsdividendesetautresdistributions,2005-03-31,2005,T1,-12519690.534,1,TND,unite,Estime,augmentation (estimation trimestrielle)
SFBT,Flux de tresorerie,Décaissements Dividendes et autres distributions,Décaissements Dividendes et autres distributions,decaissementsdividendesetautresdistributions,2005-09-30,2005,9M,-25039381.066,1,TND,unite,Estime,augmentation (estimation trimestrielle)
SFBT,Flux de tresorerie,Décaissements Dividendes et autres distributions,Décaissements Dividendes et autres distributions,decaissementsdividendesetautresdistributions,2006-03-31,2006,T1,-13566844.603,1,TND,unite,Estime,augmentation (estimation trimestrielle)
SFBT,Flux de tresorerie,Décaissements Dividendes et autres distributions,Décaissements Dividendes et autres distributions,decaissementsdividendesetautresdistributions,2006-09-30,2006,9M,-27189730.806,1,TND,unite,Estime,augmentation (estimation trimestrielle)
SFBT,Flux de tresorerie,Décaissements Dividendes et autres distributions,Décaissements Dividendes et autres distributions,decaissementsdividendesetautresdistributions,2007-03-31,2007,T1,-7448083.8,1,TND,unite,Estime,augmentation (estimation trimestrielle)
SFBT,Flux de tresorerie,Décaissements Dividendes et autres distributions,Décaissements Dividendes et autres distributions,decaissementsdividendesetautresdistributions,2007-09-30,2007,9M,-22121082.319,1,TND,unite,Estime,augmentation (estimation trimestrielle)
SFBT,Flux de tresorerie,Décaissements Dividendes et autres distributions,Décaissements Dividendes et autres distributions,decaissementsdividendesetautresdistributions,2008-03-31,2008,T1,-8230741.263,1,TND,unite,Estime,augmentation (estimation trimestrielle)
SFBT,Flux de tresorerie,Décaissements Dividendes et autres distributions,Décaissements Dividendes et autres distributions,decaissementsdividendesetautresdistributions,2008-09-30,2008,9M,-24443486.062,1,TND,unite,Estime,augmentation (estimation trimestrielle)
SFBT,Flux de tresorerie,Décaissements Dividendes et autres distributions,Décaissements Dividendes et autres distributions,decaissementsdividendesetautresdistributions,2009-03-31,2009,T1,-8601155.852,1,TND,unite,Estime,augmentation (estimation trimestrielle)
SFBT,Flux de tresorerie,Décaissements Dividendes et autres distributions,Décaissements Dividendes et autres distributions,decaissementsdividendesetautresdistributions,2009-09-30,2009,9M,-25512038.105,1,TND,unite,Estime,augmentation (estimation trimestrielle)
SFBT,Flux de tresorerie,Décaissements Dividendes et autres distributions,Décaissements Dividendes et autres distributions,decaissementsdividendesetautresdistributions,2010-03-31,2010,T1,18294263.0,1,TND,unite,Estime,augmentation (estimation trimestrielle)
SFBT,Flux de tresorerie,Décaissements Dividendes et autres distributions,Décaissements Dividendes et autres distributions,decaissementsdividendesetautresdistributions,2010-09-30,2010,9M,-79776.372,1,TND,unite,Estime,augmentation (estimation trimestrielle)
SFBT,Flux de tresorerie,Décaissements Dividendes et autres distributions,Décaissements Dividendes et autres distributions,decaissementsdividendesetautresdistributions,2011-03-31,2011,T1,10088010.0,1,TND,unite,Estime,augmentation (estimation trimestrielle)
SFBT,Flux de tresorerie,Décaissements Dividendes et autres distributions,Décaissements Dividendes et autres distributions,decaissementsdividendesetautresdistributions,2011-09-30,2011,9M,-9812420.635,1,TND,unite,Estime,augmentation (estimation trimestrielle)
SFBT,Flux de tresorerie,Décaissements Dividendes et autres distributions,Décaissements Dividendes et autres distributions,decaissementsdividendesetautresdistributions,2012-03-31,2012,T1,-72500.0,1,TND,unite,Estime,augmentation (estimation trimestrielle)
SFBT,Flux de tresorerie,Décaissements Dividendes et autres distributions,Décaissements Dividendes et autres distributions,decaissementsdividendesetautresdistributions,2012-09-30,2012,9M,-21464604.6,1,TND,unite,Estime,augmentation (estimation trimestrielle)
SFBT,Flux de tresorerie,Décaissements Dividendes et autres distributions,Décaissements Dividendes et autres distributions,decaissementsdividendesetautresdistributions,2013-03-31,2013,T1,-25959210.0,1,TND,unite,Estime,augmentation (estimation trimestrielle)
SFBT,Flux de tresorerie,Décaissements Dividendes et autres distributions,Décaissements Dividendes et autres distributions,decaissementsdividendesetautresdistributions,2013-09-30,2013,9M,-52064166.837,1,TND,unite,Estime,augmentation (estimation trimestrielle)
SFBT,Flux de tresorerie,Décaissements Dividendes et autres distributions,Décaissements Dividendes et autres distributions,decaissementsdividendesetautresdistributions,2014-03-31,2014,T1,-29301371.602,1,TND,unite,Estime,augmentation (estimation trimestrielle)
SFBT,Flux de tresorerie,Décaissements Dividendes et autres distributions,Décaissements Dividendes et autres distributions,decaissementsdividendesetautresdistributions,2014-09-30,2014,9M,-58635553.472,1,TND,unite,Estime,augmentation (estimation trimestrielle)
SFBT,Flux de tresorerie,Décaissements Dividendes et autres distributions,Décaissements Dividendes et autres distributions,decaissementsdividendesetautresdistributions,2015-03-31,2015,T1,-29357641.2,1,TND,unite,Estime,augmentation (estimation trimestrielle)
SFBT,Flux de tresorerie,Décaissements Dividendes et autres distributions,Décaissements Dividendes et autres distributions,decaissementsdividendesetautresdistributions,2015-09-30,2015,9M,-63586599.125,1,TND,unite,Estime,augmentation (estimation trimestrielle)
SFBT,Flux de tresorerie,Décaissements Dividendes et autres distributions,Décaissements Dividendes et autres distributions,decaissementsdividendesetautresdistributions,2016-03-31,2016,T1,-38853598.701,1,TND,unite,Estime,augmentation (estimation trimestrielle)
SFBT,Flux de tresorerie,Décaissements Dividendes et autres distributions,Décaissements Dividendes et autres distributions,decaissementsdividendesetautresdistributions,2016-09-30,2016,9M,-77801683.356,1,TND,unite,Estime,augmentation (estimation trimestrielle)
SFBT,Flux de tresorerie,Décaissements Dividendes et autres distributions,Décaissements Dividendes et autres distributions,decaissementsdividendesetautresdistributions,2017-03-31,2017,T1,-43350980.708,1,TND,unite,Estime,augmentation (estimation trimestrielle)
SFBT,Flux de tresorerie,Décaissements Dividendes et autres distributions,Décaissements Dividendes et autres distributions,decaissementsdividendesetautresdistributions,2017-09-30,2017,9M,-86751245.203,1,TND,unite,Estime,augmentation (estimation trimestrielle)
SFBT,Flux de tresorerie,Décaissements Dividendes et autres distributions,Décaissements Dividendes et autres distributions,decaissementsdividendesetautresdistributions,2018-03-31,2018,T1,-53480838.775,1,TND,unite,Estime,augmentation (estimation trimestrielle)
SFBT,Flux de tresorerie,Décaissements Dividendes et autres distributions,Décaissements Dividendes et autres distributions,decaissementsdividendesetautresdistributions,2018-09-30,2018,9M,-107128602.4,1,TND,unite,Estime,augmentation (estimation trimestrielle)
SFBT,Flux de tresorerie,Décaissements Dividendes et autres distributions,Décaissements Dividendes et autres distributions,decaissementsdividendesetautresdistributions,2019-03-31,2019,T1,-64120563.325,1,TND,unite,Estime,augmentation (estimation trimestrielle)
SFBT,Flux de tresorerie,Décaissements Dividendes et autres distributions,Décaissements Dividendes et autres distributions,decaissementsdividendesetautresdistributions,2019-09-30,2019,9M,-128450878.845,1,TND,unite,Estime,augmentation (estimation trimestrielle)
SFBT,Flux de tresorerie,Décaissements Dividendes et autres distributions,Décaissements Dividendes et autres distributions,decaissementsdividendesetautresdistributions,2020-03-31,2020,T1,-708.825,1,TND,unite,Estime,augmentation (estimation trimestrielle)
SFBT,Flux de tresorerie,Décaissements Dividendes et autres distributions,Décaissements Dividendes et autres distributions,decaissementsdividendesetautresdistributions,2020-09-30,2020,9M,-80327409.274,1,TND,unite,Estime,augmentation (estimation trimestrielle)
SFBT,Flux de tresorerie,Décaissements Dividendes et autres distributions,Décaissements Dividendes et autres distributions,decaissementsdividendesetautresdistributions,2021-03-31,2021,T1,-88243795.868,1,TND,unite,Estime,augmentation (estimation trimestrielle)
SFBT,Flux de tresorerie,Décaissements Dividendes et autres distributions,Décaissements Dividendes et autres distributions,decaissementsdividendesetautresdistributions,2021-09-30,2021,9M,,1,TND,unite,Estime,augmentation (estimation trimestrielle)
SFBT,Flux de tresorerie,Décaissements Dividendes et autres distributions,Décaissements Dividendes et autres distributions,decaissementsdividendesetautresdistributions,2022-03-31,2022,T1,-88921183.405,1,TND,unite,Estime,augmentation (estimation trimestrielle)
SFBT,Flux de tresorerie,Décaissements Dividendes et autres distributions,Décaissements Dividendes et autres distributions,decaissementsdividendesetautresdistributions,2022-09-30,2022,9M,,1,TND,unite,Estime,augmentation (estimation trimestrielle)
SFBT,Flux de tresorerie,Décaissements Dividendes et autres distributions,Décaissements Dividendes et autres distributions,decaissementsdividendesetautresdistributions,2023-03-31,2023,T1,-91398738.544,1,TND,unite,Estime,augmentation (estimation trimestrielle)
SFBT,Flux de tresorerie,Décaissements Dividendes et autres distributions,Décaissements Dividendes et autres distributions,decaissementsdividendesetautresdistributions,2023-09-30,2023,9M,-182797477.088,1,TND,unite,Estime,augmentation (estimation trimestrielle)
SFBT,Flux de tresorerie,Décaissements Dividendes et autres distributions,Décaissements Dividendes et autres distributions,decaissementsdividendesetautresdistributions,2024-03-31,2024,T1,-99168430.45,1,TND,unite,Estime,augmentation (estimation trimestrielle)
SFBT,Flux de tresorerie,Décaissements Dividendes et autres distributions,Décaissements Dividendes et autres distributions,decaissementsdividendesetautresdistributions,2024-09-30,2024,9M,-198412472.23,1,TND,unite,Estime,augmentation (estimation trimestrielle)
SFBT,Flux de tresorerie,Décaissements Dividendes et autres distributions,Décaissements Dividendes et autres distributions,decaissementsdividendesetautresdistributions,2025-03-31,2025,T1,-107413662.09,1,TND,unite,Estime,augmentation (estimation trimestrielle)
SFBT,Flux de tresorerie,Décaissements affectés à l'acquisition d'actions propres,Décaissements affectés à l'acquisition d'actions propres,decaissementsaffectesalacquisitiondactionspropres,2024-03-31,2024,T1,-93712.935,1,TND,unite,Estime,augmentation (estimation trimestrielle)
SFBT,Flux de tresorerie,Décaissements affectés à l'acquisition d'actions propres,Décaissements affectés à l'acquisition d'actions propres,decaissementsaffectesalacquisitiondactionspropres,2024-09-30,2024,9M,-187425.87,1,TND,unite,Estime,augmentation (estimation trimestrielle)
SFBT,Flux de tresorerie,Décaissements affectés à l'acquisition d'actions propres,Décaissements affectés à l'acquisition d'actions propres,decaissementsaffectesalacquisitiondactionspropres,2025-03-31,2025,T1,-139083.515,1,TND,unite,Estime,augmentation (estimation trimestrielle)
SFBT,Flux de tresorerie,Décaissements affectés à l'acquisition d'immobilisations corporelles et incorporelles,Décaissements affectés à l'acquisition d'immobilisations corporelles et incorporelles,decaissementsaffectesalacquisitiondimmobilisationscorporellesetincorporelles,2022-03-31,2022,T1,-12950206.961,1,TND,unite,Estime,augmentation (estimation trimestrielle)
SFBT,Flux de tresorerie,Décaissements affectés à l'acquisition d'immobilisations corporelles et incorporelles,Décaissements affectés à l'acquisition d'immobilisations corporelles et incorporelles,decaissementsaffectesalacquisitiondimmobilisationscorporellesetincorporelles,2022-09-30,2022,9M,,1,TND,unite,Estime,augmentation (estimation trimestrielle)
SFBT,Flux de tresorerie,Décaissements affectés à l'acquisition d'immobilisations corporelles et incorporelles,Décaissements affectés à l'acquisition d'immobilisations corporelles et incorporelles,decaissementsaffectesalacquisitiondimmobilisationscorporellesetincorporelles,2023-03-31,2023,T1,-6152607.326,1,TND,unite,Estime,augmentation (estimation trimestrielle)
SFBT,Flux de tresorerie,Décaissements affectés à l'acquisition d'immobilisations corporelles et incorporelles,Décaissements affectés à l'acquisition d'immobilisations corporelles et incorporelles,decaissementsaffectesalacquisitiondimmobilisationscorporellesetincorporelles,2023-09-30,2023,9M,-19611819.685,1,TND,unite,Estime,augmentation (estimation trimestrielle)
SFBT,Flux de tresorerie,Décaissements affectés à l'acquisition d'immobilisations corporelles et incorporelles,Décaissements affectés à l'acquisition d'immobilisations corporelles et incorporelles,decaissementsaffectesalacquisitiondimmobilisationscorporellesetincorporelles,2024-03-31,2024,T1,-6754042.606,1,TND,unite,Estime,augmentation (estimation trimestrielle)
SFBT,Flux de tresorerie,Décaissements affectés à l'acquisition d'immobilisations corporelles et incorporelles,Décaissements affectés à l'acquisition d'immobilisations corporelles et incorporelles,decaissementsaffectesalacquisitiondimmobilisationscorporellesetincorporelles,2024-09-30,2024,9M,-24255565.845,1,TND,unite,Estime,augmentation (estimation trimestrielle)
SFBT,Flux de tresorerie,Décaissements affectés à l'acquisition d'immobilisations corporelles et incorporelles,Décaissements affectés à l'acquisition d'immobilisations corporelles et incorporelles,decaissementsaffectesalacquisitiondimmobilisationscorporellesetincorporelles,2025-03-31,2025,T1,-6787593.879,1,TND,unite,Estime,augmentation (estimation trimestrielle)
SFBT,Flux de tresorerie,Décaissements affectés à l'acquisition d'immobilisations financières,Décaissements affectés à l'acquisition d'immobilisations financières,decaissementsaffectesalacquisitiondimmobilisationsfinancieres,2022-03-31,2022,T1,-2204850.0,1,TND,unite,Estime,augmentation (estimation trimestrielle)
SFBT,Flux de tresorerie,Décaissements affectés à l'acquisition d'immobilisations financières,Décaissements affectés à l'acquisition d'immobilisations financières,decaissementsaffectesalacquisitiondimmobilisationsfinancieres,2022-09-30,2022,9M,,1,TND,unite,Estime,augmentation (estimation trimestrielle)
SFBT,Flux de tresorerie,Décaissements affectés à l'acquisition d'immobilisations financières,Décaissements affectés à l'acquisition d'immobilisations financières,decaissementsaffectesalacquisitiondimmobilisationsfinancieres,2023-03-31,2023,T1,-2210603.959,1,TND,unite,Estime,augmentation (estimation trimestrielle)
SFBT,Flux de tresorerie,Décaissements affectés à l'acquisition d'immobilisations financières,Décaissements affectés à l'acquisition d'immobilisations financières,decaissementsaffectesalacquisitiondimmobilisationsfinancieres,2023-09-30,2023,9M,-9898066.268,1,TND,unite,Estime,augmentation (estimation trimestrielle)
SFBT,Flux de tresorerie,Décaissements affectés à l'acquisition d'immobilisations financières,Décaissements affectés à l'acquisition d'immobilisations financières,decaissementsaffectesalacquisitiondimmobilisationsfinancieres,2024-03-31,2024,T1,-3273562.5,1,TND,unite,Estime,augmentation (estimation trimestrielle)
SFBT,Flux de tresorerie,Décaissements affectés à l'acquisition d'immobilisations financières,Décaissements affectés à l'acquisition d'immobilisations financières,decaissementsaffectesalacquisitiondimmobilisationsfinancieres,2024-09-30,2024,9M,-8772822.0,1,TND,unite,Estime,augmentation (estimation trimestrielle)
SFBT,Flux de tresorerie,Décaissements affectés à l'acquisition d'immobilisations financières,Décaissements affectés à l'acquisition d'immobilisations financières,decaissementsaffectesalacquisitiondimmobilisationsfinancieres,2025-03-31,2025,T1,-6216750.0,1,TND,unite,Estime,augmentation (estimation trimestrielle)
SFBT,Flux de tresorerie,Décaissements affectésà l'acquisition d'immo corp et incorp,Décaissements affectésà l'acquisition d'immo corp et incorp,decaissementsaffectesalacquisitiondimmocorpetincorp,2020-03-31,2020,T1,-8851575.155,1,TND,unite,Estime,augmentation (estimation trimestrielle)
SFBT,Flux de tresorerie,Décaissements affectésà l'acquisition d'immo corp et incorp,Décaissements affectésà l'acquisition d'immo corp et incorp,decaissementsaffectesalacquisitiondimmocorpetincorp,2021-03-31,2021,T1,-4950050.093,1,TND,unite,Estime,augmentation (estimation trimestrielle)
SFBT,Flux de tresorerie,Décaissements pour autres formes de placement monétaire,Décaissements pour autres formes de placement monétaire,decaissementspourautresformesdeplacementmonetaire,2010-03-31,2010,T1,1355000.0,1,TND,unite,Estime,augmentation (estimation trimestrielle)
SFBT,Flux de tresorerie,Décaissements pour autres formes de placement monétaire,Décaissements pour autres formes de placement monétaire,decaissementspourautresformesdeplacementmonetaire,2010-09-30,2010,9M,1172500.0,1,TND,unite,Estime,augmentation (estimation trimestrielle)
SFBT,Flux de tresorerie,Décaissements pour autres formes de placement monétaire,Décaissements pour autres formes de placement monétaire,decaissementspourautresformesdeplacementmonetaire,2011-03-31,2011,T1,1047500.0,1,TND,unite,Estime,augmentation (estimation trimestrielle)
SFBT,Flux de tresorerie,Décaissements pour autres formes de placement monétaire,Décaissements pour autres formes de placement monétaire,decaissementspourautresformesdeplacementmonetaire,2019-03-31,2019,T1,-54500000.0,1,TND,unite,Estime,augmentation (estimation trimestrielle)
SFBT,Flux de tresorerie,Décaissements pour autres formes de placement monétaire,Décaissements pour autres formes de placement monétaire,decaissementspourautresformesdeplacementmonetaire,2020-03-31,2020,T1,-128000000.0,1,TND,unite,Estime,augmentation (estimation trimestrielle)
SFBT,Flux de tresorerie,Décaissements pour remboursement des emprunts bancaires,Décaissements pour remboursement des emprunts bancaires,decaissementspourremboursementdesempruntsbancaires,2016-03-31,2016,T1,-407755.498,1,TND,unite,Estime,augmentation (estimation trimestrielle)
SFBT,Flux de tresorerie,Décaissements pour remboursement des emprunts bancaires,Décaissements pour remboursement des emprunts bancaires,decaissementspourremboursementdesempruntsbancaires,2016-09-30,2016,9M,-1224522.749,1,TND,unite,Estime,augmentation (estimation trimestrielle)
SFBT,Flux de tresorerie,Décaissements pour souscription des billets de trésorerie,Décaissements pour souscription des billets de trésorerie,decaissementspoursouscriptiondesbilletsdetresorerie,2014-03-31,2014,T1,-16000000.0,1,TND,unite,Estime,augmentation (estimation trimestrielle)
SFBT,Flux de tresorerie,Décaissements pour souscription des billets de trésorerie,Décaissements pour souscription des billets de trésorerie,decaissementspoursouscriptiondesbilletsdetresorerie,2014-09-30,2014,9M,-32000000.0,1,TND,unite,Estime,augmentation (estimation trimestrielle)
SFBT,Flux de tresorerie,Décaissements pour souscription des billets de trésorerie,Décaissements pour souscription des billets de trésorerie,decaissementspoursouscriptiondesbilletsdetresorerie,2015-03-31,2015,T1,-16750000.0,1,TND,unite,Estime,augmentation (estimation trimestrielle)
SFBT,Flux de tresorerie,Décaissements pour souscription des billets de trésorerie,Décaissements pour souscription des billets de trésorerie,decaissementspoursouscriptiondesbilletsdetresorerie,2015-09-30,2015,9M,-33500000.0,1,TND,unite,Estime,augmentation (estimation trimestrielle)
SFBT,Flux de tresorerie,Décaissements pour souscription des billets de trésorerie,Décaissements pour souscription des billets de trésorerie,decaissementspoursouscriptiondesbilletsdetresorerie,2016-03-31,2016,T1,-9500000.0,1,TND,unite,Estime,augmentation (estimation trimestrielle)
SFBT,Flux de tresorerie,Décaissements pour souscription des billets de trésorerie,Décaissements pour souscription des billets de trésorerie,decaissementspoursouscriptiondesbilletsdetresorerie,2016-09-30,2016,9M,-19000000.0,1,TND,unite,Estime,augmentation (estimation trimestrielle)
SFBT,Flux de tresorerie,Décaissements provenant de l'acqui d'immob corp et incorp,Décaissements provenant de l'acqui d'immob corp et incorp,decaissementsprovenantdelacquidimmobcorpetincorp,2016-03-31,2016,T1,-5068846.191,1,TND,unite,Estime,augmentation (estimation trimestrielle)
SFBT,Flux de tresorerie,Décaissements provenant de l'acqui d'immob corp et incorp,Décaissements provenant de l'acqui d'immob corp et incorp,decaissementsprovenantdelacquidimmobcorpetincorp,2017-03-31,2017,T1,-4984944.735,1,TND,unite,Estime,augmentation (estimation trimestrielle)
SFBT,Flux de tresorerie,Décaissements provenant de l'acqui d'immob corp et incorp,Décaissements provenant de l'acqui d'immob corp et incorp,decaissementsprovenantdelacquidimmobcorpetincorp,2018-03-31,2018,T1,-20560021.356,1,TND,unite,Estime,augmentation (estimation trimestrielle)
SFBT,Flux de tresorerie,Décaissements provenant de l'acqui d'immob corp et incorp,Décaissements provenant de l'acqui d'immob corp et incorp,decaissementsprovenantdelacquidimmobcorpetincorp,2019-03-31,2019,T1,-8000806.836,1,TND,unite,Estime,augmentation (estimation trimestrielle)
SFBT,Flux de tresorerie,Décaissements provenant de l'acquisition d'immob. Fin,Décaissements provenant de l'acquisition d'immob. Fin.,decaissementsprovenantdelacquisitiondimmobfin,2016-03-31,2016,T1,-4756465.0,1,TND,unite,Estime,augmentation (estimation trimestrielle)
SFBT,Flux de tresorerie,Décaissements provenant de l'acquisition d'immobilisations corporelles et incorporelles,Décaissements provenant de l'acquisition d'immobilisations corporelles et incorporelles,decaissementsprovenantdelacquisitiondimmobilisationscorporellesetincorporelles,2005-03-31,2005,T1,-1067064.944,1,TND,unite,Estime,augmentation (estimation trimestrielle)
SFBT,Flux de tresorerie,Décaissements provenant de l'acquisition d'immobilisations corporelles et incorporelles,Décaissements provenant de l'acquisition d'immobilisations corporelles et incorporelles,decaissementsprovenantdelacquisitiondimmobilisationscorporellesetincorporelles,2005-09-30,2005,9M,-3641105.394,1,TND,unite,Estime,augmentation (estimation trimestrielle)
SFBT,Flux de tresorerie,Décaissements provenant de l'acquisition d'immobilisations corporelles et incorporelles,Décaissements provenant de l'acquisition d'immobilisations corporelles et incorporelles,decaissementsprovenantdelacquisitiondimmobilisationscorporellesetincorporelles,2006-03-31,2006,T1,-5545589.395,1,TND,unite,Estime,augmentation (estimation trimestrielle)
SFBT,Flux de tresorerie,Décaissements provenant de l'acquisition d'immobilisations corporelles et incorporelles,Décaissements provenant de l'acquisition d'immobilisations corporelles et incorporelles,decaissementsprovenantdelacquisitiondimmobilisationscorporellesetincorporelles,2006-09-30,2006,9M,-12000472.22,1,TND,unite,Estime,augmentation (estimation trimestrielle)
SFBT,Flux de tresorerie,Décaissements provenant de l'acquisition d'immobilisations corporelles et incorporelles,Décaissements provenant de l'acquisition d'immobilisations corporelles et incorporelles,decaissementsprovenantdelacquisitiondimmobilisationscorporellesetincorporelles,2007-03-31,2007,T1,-5622611.401,1,TND,unite,Estime,augmentation (estimation trimestrielle)
SFBT,Flux de tresorerie,Décaissements provenant de l'acquisition d'immobilisations corporelles et incorporelles,Décaissements provenant de l'acquisition d'immobilisations corporelles et incorporelles,decaissementsprovenantdelacquisitiondimmobilisationscorporellesetincorporelles,2007-09-30,2007,9M,-9957577.34,1,TND,unite,Estime,augmentation (estimation trimestrielle)
SFBT,Flux de tresorerie,Décaissements provenant de l'acquisition d'immobilisations corporelles et incorporelles,Décaissements provenant de l'acquisition d'immobilisations corporelles et incorporelles,decaissementsprovenantdelacquisitiondimmobilisationscorporellesetincorporelles,2008-03-31,2008,T1,-3392931.154,1,TND,unite,Estime,augmentation (estimation trimestrielle)
SFBT,Flux de tresorerie,Décaissements provenant de l'acquisition d'immobilisations corporelles et incorporelles,Décaissements provenant de l'acquisition d'immobilisations corporelles et incorporelles,decaissementsprovenantdelacquisitiondimmobilisationscorporellesetincorporelles,2008-09-30,2008,9M,-8770934.211,1,TND,unite,Estime,augmentation (estimation trimestrielle)
SFBT,Flux de tresorerie,Décaissements provenant de l'acquisition d'immobilisations corporelles et incorporelles,Décaissements provenant de l'acquisition d'immobilisations corporelles et incorporelles,decaissementsprovenantdelacquisitiondimmobilisationscorporellesetincorporelles,2009-03-31,2009,T1,-4251975.434,1,TND,unite,Estime,augmentation (estimation trimestrielle)
SFBT,Flux de tresorerie,Décaissements provenant de l'acquisition d'immobilisations corporelles et incorporelles,Décaissements provenant de l'acquisition d'immobilisations corporelles et incorporelles,decaissementsprovenantdelacquisitiondimmobilisationscorporellesetincorporelles,2009-09-30,2009,9M,-9967703.399,1,TND,unite,Estime,augmentation (estimation trimestrielle)
SFBT,Flux de tresorerie,Décaissements provenant de l'acquisition d'immobilisations corporelles et incorporelles,Décaissements provenant de l'acquisition d'immobilisations corporelles et incorporelles,decaissementsprovenantdelacquisitiondimmobilisationscorporellesetincorporelles,2010-03-31,2010,T1,4486966.5,1,TND,unite,Estime,augmentation (estimation trimestrielle)
SFBT,Flux de tresorerie,Décaissements provenant de l'acquisition d'immobilisations corporelles et incorporelles,Décaissements provenant de l'acquisition d'immobilisations corporelles et incorporelles,decaissementsprovenantdelacquisitiondimmobilisationscorporellesetincorporelles,2010-09-30,2010,9M,-5559305.156,1,TND,unite,Estime,augmentation (estimation trimestrielle)
SFBT,Flux de tresorerie,Décaissements provenant de l'acquisition d'immobilisations corporelles et incorporelles,Décaissements provenant de l'acquisition d'immobilisations corporelles et incorporelles,decaissementsprovenantdelacquisitiondimmobilisationscorporellesetincorporelles,2011-03-31,2011,T1,12625719.5,1,TND,unite,Estime,augmentation (estimation trimestrielle)
SFBT,Flux de tresorerie,Décaissements provenant de l'acquisition d'immobilisations corporelles et incorporelles,Décaissements provenant de l'acquisition d'immobilisations corporelles et incorporelles,decaissementsprovenantdelacquisitiondimmobilisationscorporellesetincorporelles,2011-09-30,2011,9M,-5858895.325,1,TND,unite,Estime,augmentation (estimation trimestrielle)
SFBT,Flux de tresorerie,Décaissements provenant de l'acquisition d'immobilisations corporelles et incorporelles,Décaissements provenant de l'acquisition d'immobilisations corporelles et incorporelles,decaissementsprovenantdelacquisitiondimmobilisationscorporellesetincorporelles,2012-03-31,2012,T1,-9176171.5,1,TND,unite,Estime,augmentation (estimation trimestrielle)
SFBT,Flux de tresorerie,Décaissements provenant de l'acquisition d'immobilisations corporelles et incorporelles,Décaissements provenant de l'acquisition d'immobilisations corporelles et incorporelles,decaissementsprovenantdelacquisitiondimmobilisationscorporellesetincorporelles,2012-09-30,2012,9M,-23102407.338,1,TND,unite,Estime,augmentation (estimation trimestrielle)
SFBT,Flux de tresorerie,Décaissements provenant de l'acquisition d'immobilisations corporelles et incorporelles,Décaissements provenant de l'acquisition d'immobilisations corporelles et incorporelles,decaissementsprovenantdelacquisitiondimmobilisationscorporellesetincorporelles,2013-03-31,2013,T1,-3743809.5,1,TND,unite,Estime,augmentation (estimation trimestrielle)
SFBT,Flux de tresorerie,Décaissements provenant de l'acquisition d'immobilisations corporelles et incorporelles,Décaissements provenant de l'acquisition d'immobilisations corporelles et incorporelles,decaissementsprovenantdelacquisitiondimmobilisationscorporellesetincorporelles,2014-03-31,2014,T1,-3564632.816,1,TND,unite,Estime,augmentation (estimation trimestrielle)
SFBT,Flux de tresorerie,Décaissements provenant de l'acquisition d'immobilisations corporelles et incorporelles,Décaissements provenant de l'acquisition d'immobilisations corporelles et incorporelles,decaissementsprovenantdelacquisitiondimmobilisationscorporellesetincorporelles,2015-03-31,2015,T1,-3906081.469,1,TND,unite,Estime,augmentation (estimation trimestrielle)
SFBT,Flux de tresorerie,Décaissements provenant de l'acquisition d'immobilisations financières,Décaissements provenant de l'acquisition d'immobilisations financières,decaissementsprovenantdelacquisitiondimmobilisationsfinancieres,2005-03-31,2005,T1,-2746028.025,1,TND,unite,Estime,augmentation (estimation trimestrielle)
SFBT,Flux de tresorerie,Décaissements provenant de l'acquisition d'immobilisations financières,Décaissements provenant de l'acquisition d'immobilisations financières,decaissementsprovenantdelacquisitiondimmobilisationsfinancieres,2005-09-30,2005,9M,-5481893.025,1,TND,unite,Estime,augmentation (estimation trimestrielle)
SFBT,Flux de tresorerie,Décaissements provenant de l'acquisition d'immobilisations financières,Décaissements provenant de l'acquisition d'immobilisations financières,decaissementsprovenantdelacquisitiondimmobilisationsfinancieres,2006-03-31,2006,T1,-1846512.5,1,TND,unite,Estime,augmentation (estimation trimestrielle)
SFBT,Flux de tresorerie,Décaissements provenant de l'acquisition d'immobilisations financières,Décaissements provenant de l'acquisition d'immobilisations financières,decaissementsprovenantdelacquisitiondimmobilisationsfinancieres,2006-09-30,2006,9M,-3693842.5,1,TND,unite,Estime,augmentation (estimation trimestrielle)
SFBT,Flux de tresorerie,Décaissements provenant de l'acquisition d'immobilisations financières,Décaissements provenant de l'acquisition d'immobilisations financières,decaissementsprovenantdelacquisitiondimmobilisationsfinancieres,2007-03-31,2007,T1,-198250.0,1,TND,unite,Estime,augmentation (estimation trimestrielle)
SFBT,Flux de tresorerie,Décaissements provenant de l'acquisition d'immobilisations financières,Décaissements provenant de l'acquisition d'immobilisations financières,decaissementsprovenantdelacquisitiondimmobilisationsfinancieres,2007-09-30,2007,9M,-3646500.0,1,TND,unite,Estime,augmentation (estimation trimestrielle)
SFBT,Flux de tresorerie,Décaissements provenant de l'acquisition d'immobilisations financières,Décaissements provenant de l'acquisition d'immobilisations financières,decaissementsprovenantdelacquisitiondimmobilisationsfinancieres,2008-03-31,2008,T1,-3436871.625,1,TND,unite,Estime,augmentation (estimation trimestrielle)
SFBT,Flux de tresorerie,Décaissements provenant de l'acquisition d'immobilisations financières,Décaissements provenant de l'acquisition d'immobilisations financières,decaissementsprovenantdelacquisitiondimmobilisationsfinancieres,2008-09-30,2008,9M,-9982629.125,1,TND,unite,Estime,augmentation (estimation trimestrielle)
SFBT,Flux de tresorerie,Décaissements provenant de l'acquisition d'immobilisations financières,Décaissements provenant de l'acquisition d'immobilisations financières,decaissementsprovenantdelacquisitiondimmobilisationsfinancieres,2009-03-31,2009,T1,-681562.5,1,TND,unite,Estime,augmentation (estimation trimestrielle)
SFBT,Flux de tresorerie,Décaissements provenant de l'acquisition d'immobilisations financières,Décaissements provenant de l'acquisition d'immobilisations financières,decaissementsprovenantdelacquisitiondimmobilisationsfinancieres,2009-09-30,2009,9M,-4473075.0,1,TND,unite,Estime,augmentation (estimation trimestrielle)
SFBT,Flux de tresorerie,Décaissements provenant de l'acquisition d'immobilisations financières,Décaissements provenant de l'acquisition d'immobilisations financières,decaissementsprovenantdelacquisitiondimmobilisationsfinancieres,2010-03-31,2010,T1,2097652.0,1,TND,unite,Estime,augmentation (estimation trimestrielle)
SFBT,Flux de tresorerie,Décaissements provenant de l'acquisition d'immobilisations financières,Décaissements provenant de l'acquisition d'immobilisations financières,decaissementsprovenantdelacquisitiondimmobilisationsfinancieres,2010-09-30,2010,9M,-315.0,1,TND,unite,Estime,augmentation (estimation trimestrielle)
SFBT,Flux de tresorerie,Décaissements provenant de l'acquisition d'immobilisations financières,Décaissements provenant de l'acquisition d'immobilisations financières,decaissementsprovenantdelacquisitiondimmobilisationsfinancieres,2011-03-31,2011,T1,2919841.0,1,TND,unite,Estime,augmentation (estimation trimestrielle)
SFBT,Flux de tresorerie,Décaissements provenant de l'acquisition d'immobilisations financières,Décaissements provenant de l'acquisition d'immobilisations financières,decaissementsprovenantdelacquisitiondimmobilisationsfinancieres,2011-09-30,2011,9M,-5750.798,1,TND,unite,Estime,augmentation (estimation trimestrielle)
SFBT,Flux de tresorerie,Décaissements provenant de l'acquisition d'immobilisations financières,Décaissements provenant de l'acquisition d'immobilisations financières,decaissementsprovenantdelacquisitiondimmobilisationsfinancieres,2012-03-31,2012,T1,-5058891.5,1,TND,unite,Estime,augmentation (estimation trimestrielle)
SFBT,Flux de tresorerie,Décaissements provenant de l'acquisition d'immobilisations financières,Décaissements provenant de l'acquisition d'immobilisations financières,decaissementsprovenantdelacquisitiondimmobilisationsfinancieres,2012-09-30,2012,9M,-12304809.985,1,TND,unite,Estime,augmentation (estimation trimestrielle)
SFBT,Flux de tresorerie,Décaissements provenant de l'acquisition d'immobilisations financières,Décaissements provenant de l'acquisition d'immobilisations financières,decaissementsprovenantdelacquisitiondimmobilisationsfinancieres,2013-03-31,2013,T1,-14831000.0,1,TND,unite,Estime,augmentation (estimation trimestrielle)
SFBT,Flux de tresorerie,Décaissements provenant de l'acquisition d'immobilisations financières,Décaissements provenant de l'acquisition d'immobilisations financières,decaissementsprovenantdelacquisitiondimmobilisationsfinancieres,2013-09-30,2013,9M,-34002564.296,1,TND,unite,Estime,augmentation (estimation trimestrielle)
SFBT,Flux de tresorerie,Décaissements provenant de l'acquisition d'immobilisations financières,Décaissements provenant de l'acquisition d'immobilisations financières,decaissementsprovenantdelacquisitiondimmobilisationsfinancieres,2014-03-31,2014,T1,-7592646.5,1,TND,unite,Estime,augmentation (estimation trimestrielle)
SFBT,Flux de tresorerie,Décaissements provenant de l'acquisition d'immobilisations financières,Décaissements provenant de l'acquisition d'immobilisations financières,decaissementsprovenantdelacquisitiondimmobilisationsfinancieres,2014-09-30,2014,9M,-15991371.924,1,TND,unite,Estime,augmentation (estimation trimestrielle)
SFBT,Flux de tresorerie,Décaissements provenant de l'acquisition d'immobilisations financières,Décaissements provenant de l'acquisition d'immobilisations financières,decaissementsprovenantdelacquisitiondimmobilisationsfinancieres,2015-03-31,2015,T1,-5325602.202,1,TND,unite,Estime,augmentation (estimation trimestrielle)
SFBT,Flux de tresorerie,Décaissements provenant de l'acquisition d'immobilisations financières,Décaissements provenant de l'acquisition d'immobilisations financières,decaissementsprovenantdelacquisitiondimmobilisationsfinancieres,2015-09-30,2015,9M,-11496054.841,1,TND,unite,Estime,augmentation (estimation trimestrielle)
SFBT,Flux de tresorerie,Décaissements provenant de l’acquisition des Immobilisat financ,Décaissements provenant de l’acquisition des Immobilisat ;financ .,decaissementsprovenantdelacquisitiondesimmobilisatfinanc,2018-03-31,2018,T1,-10222775.0,1,TND,unite,Estime,augmentation (estimation trimestrielle)
SFBT,Flux de tresorerie,Décaissements provenant de l’acquisition des Immobilisat financ,Décaissements provenant de l’acquisition des Immobilisat ;financ .,decaissementsprovenantdelacquisitiondesimmobilisatfinanc,2019-03-31,2019,T1,-2713650.0,1,TND,unite,Estime,augmentation (estimation trimestrielle)
SFBT,Flux de tresorerie,Décaissements provenant des emprunts bancaires,Décaissements   provenant des emprunts bancaires,decaissementsprovenantdesempruntsbancaires,2010-03-31,2010,T1,449151.0,1,TND,unite,Estime,augmentation (estimation trimestrielle)
SFBT,Flux de tresorerie,Décaissements provenant des emprunts bancaires,Décaissements   provenant des emprunts bancaires,decaissementsprovenantdesempruntsbancaires,2010-09-30,2010,9M,-422262.833,1,TND,unite,Estime,augmentation (estimation trimestrielle)
SFBT,Flux de tresorerie,Décaissements provenant des emprunts bancaires,Décaissements   provenant des emprunts bancaires,decaissementsprovenantdesempruntsbancaires,2011-03-31,2011,T1,462147.0,1,TND,unite,Estime,augmentation (estimation trimestrielle)
SFBT,Flux de tresorerie,Décaissements provenant des emprunts bancaires,Décaissements   provenant des emprunts bancaires,decaissementsprovenantdesempruntsbancaires,2011-09-30,2011,9M,-460487.123,1,TND,unite,Estime,augmentation (estimation trimestrielle)
SFBT,Flux de tresorerie,Décaissements provenant des emprunts bancaires,Décaissements   provenant des emprunts bancaires,decaissementsprovenantdesempruntsbancaires,2012-03-31,2012,T1,-884298.0,1,TND,unite,Estime,augmentation (estimation trimestrielle)
SFBT,Flux de tresorerie,Décaissements provenant des emprunts bancaires,Décaissements   provenant des emprunts bancaires,decaissementsprovenantdesempruntsbancaires,2012-09-30,2012,9M,-2888662.587,1,TND,unite,Estime,augmentation (estimation trimestrielle)
SFBT,Flux de tresorerie,Décaissements provenant des emprunts bancaires,Décaissements   provenant des emprunts bancaires,decaissementsprovenantdesempruntsbancaires,2013-03-31,2013,T1,-704347.0,1,TND,unite,Estime,augmentation (estimation trimestrielle)
SFBT,Flux de tresorerie,Décaissements provenant des emprunts bancaires,Décaissements   provenant des emprunts bancaires,decaissementsprovenantdesempruntsbancaires,2014-03-31,2014,T1,-918425.854,1,TND,unite,Estime,augmentation (estimation trimestrielle)
SFBT,Flux de tresorerie,Décaissements provenant des emprunts bancaires,Décaissements   provenant des emprunts bancaires,decaissementsprovenantdesempruntsbancaires,2015-03-31,2015,T1,-405339.11,1,TND,unite,Estime,augmentation (estimation trimestrielle)
SFBT,Flux de tresorerie,Encaissement pour remboursement des billets de trésorie,Encaissement pour remboursement des billets de trésorie,encaissementpourremboursementdesbilletsdetresorie,2007-03-31,2007,T1,14250000.0,1,TND,unite,Estime,augmentation (estimation trimestrielle)
SFBT,Flux de tresorerie,Encaissements Dividendes actions propres,Encaissements Dividendes actions propres,encaissementsdividendesactionspropres,2025-03-31,2025,T1,17538.4,1,TND,unite,Estime,augmentation (estimation trimestrielle)
SFBT,Flux de tresorerie,Encaissements Dividendes et autres distributions,Encaissements Dividendes et autres distributions,encaissementsdividendesetautresdistributions,2005-03-31,2005,T1,8315101.489,1,TND,unite,Estime,augmentation (estimation trimestrielle)
SFBT,Flux de tresorerie,Encaissements Dividendes et autres distributions,Encaissements Dividendes et autres distributions,encaissementsdividendesetautresdistributions,2005-09-30,2005,9M,16695385.652,1,TND,unite,Estime,augmentation (estimation trimestrielle)
SFBT,Flux de tresorerie,Encaissements Dividendes et autres distributions,Encaissements Dividendes et autres distributions,encaissementsdividendesetautresdistributions,2006-03-31,2006,T1,9655758.373,1,TND,unite,Estime,augmentation (estimation trimestrielle)
SFBT,Flux de tresorerie,Encaissements Dividendes et autres distributions,Encaissements Dividendes et autres distributions,encaissementsdividendesetautresdistributions,2006-09-30,2006,9M,19342552.045,1,TND,unite,Estime,augmentation (estimation trimestrielle)
SFBT,Flux de tresorerie,Encaissements Dividendes et autres distributions,Encaissements Dividendes et autres distributions,encaissementsdividendesetautresdistributions,2007-03-31,2007,T1,10162320.75,1,TND,unite,Estime,augmentation (estimation trimestrielle)
SFBT,Flux de tresorerie,Encaissements Dividendes et autres distributions,Encaissements Dividendes et autres distributions,encaissementsdividendesetautresdistributions,2007-09-30,2007,9M,20335481.8,1,TND,unite,Estime,augmentation (estimation trimestrielle)
SFBT,Flux de tresorerie,Encaissements Dividendes et autres distributions,Encaissements Dividendes et autres distributions,encaissementsdividendesetautresdistributions,2008-03-31,2008,T1,10584998.85,1,TND,unite,Estime,augmentation (estimation trimestrielle)
SFBT,Flux de tresorerie,Encaissements Dividendes et autres distributions,Encaissements Dividendes et autres distributions,encaissementsdividendesetautresdistributions,2008-09-30,2008,9M,21183887.7,1,TND,unite,Estime,augmentation (estimation trimestrielle)
SFBT,Flux de tresorerie,Encaissements Dividendes et autres distributions,Encaissements Dividendes et autres distributions,encaissementsdividendesetautresdistributions,2009-03-31,2009,T1,9166063.286,1,TND,unite,Estime,augmentation (estimation trimestrielle)
SFBT,Flux de tresorerie,Encaissements Dividendes et autres distributions,Encaissements Dividendes et autres distributions,encaissementsdividendesetautresdistributions,2009-09-30,2009,9M,20167970.623,1,TND,unite,Estime,augmentation (estimation trimestrielle)
SFBT,Flux de tresorerie,Encaissements Dividendes et autres distributions,Encaissements Dividendes et autres distributions,encaissementsdividendesetautresdistributions,2010-03-31,2010,T1,12256795.0,1,TND,unite,Estime,augmentation (estimation trimestrielle)
SFBT,Flux de tresorerie,Encaissements Dividendes et autres distributions,Encaissements Dividendes et autres distributions,encaissementsdividendesetautresdistributions,2010-09-30,2010,9M,24515840.705,1,TND,unite,Estime,augmentation (estimation trimestrielle)
SFBT,Flux de tresorerie,Encaissements Dividendes et autres distributions,Encaissements Dividendes et autres distributions,encaissementsdividendesetautresdistributions,2011-03-31,2011,T1,14538624.5,1,TND,unite,Estime,augmentation (estimation trimestrielle)
SFBT,Flux de tresorerie,Encaissements Dividendes et autres distributions,Encaissements Dividendes et autres distributions,encaissementsdividendesetautresdistributions,2011-09-30,2011,9M,29058352.14,1,TND,unite,Estime,augmentation (estimation trimestrielle)
SFBT,Flux de tresorerie,Encaissements Dividendes et autres distributions,Encaissements Dividendes et autres distributions,encaissementsdividendesetautresdistributions,2012-03-31,2012,T1,12736030.0,1,TND,unite,Estime,augmentation (estimation trimestrielle)
SFBT,Flux de tresorerie,Encaissements Dividendes et autres distributions,Encaissements Dividendes et autres distributions,encaissementsdividendesetautresdistributions,2012-09-30,2012,9M,27503025.444,1,TND,unite,Estime,augmentation (estimation trimestrielle)
SFBT,Flux de tresorerie,Encaissements Dividendes et autres distributions,Encaissements Dividendes et autres distributions,encaissementsdividendesetautresdistributions,2013-03-31,2013,T1,19046216.5,1,TND,unite,Estime,augmentation (estimation trimestrielle)
SFBT,Flux de tresorerie,Encaissements Dividendes et autres distributions,Encaissements Dividendes et autres distributions,encaissementsdividendesetautresdistributions,2013-09-30,2013,9M,42332028.928,1,TND,unite,Estime,augmentation (estimation trimestrielle)
SFBT,Flux de tresorerie,Encaissements Dividendes et autres distributions,Encaissements Dividendes et autres distributions,encaissementsdividendesetautresdistributions,2014-03-31,2014,T1,21423768.45,1,TND,unite,Estime,augmentation (estimation trimestrielle)
SFBT,Flux de tresorerie,Encaissements Dividendes et autres distributions,Encaissements Dividendes et autres distributions,encaissementsdividendesetautresdistributions,2014-09-30,2014,9M,45274196.28,1,TND,unite,Estime,augmentation (estimation trimestrielle)
SFBT,Flux de tresorerie,Encaissements Dividendes et autres distributions,Encaissements Dividendes et autres distributions,encaissementsdividendesetautresdistributions,2015-03-31,2015,T1,22994196.253,1,TND,unite,Estime,augmentation (estimation trimestrielle)
SFBT,Flux de tresorerie,Encaissements Dividendes et autres distributions,Encaissements Dividendes et autres distributions,encaissementsdividendesetautresdistributions,2015-09-30,2015,9M,49884373.063,1,TND,unite,Estime,augmentation (estimation trimestrielle)
SFBT,Flux de tresorerie,Encaissements Dividendes et autres distributions,Encaissements Dividendes et autres distributions,encaissementsdividendesetautresdistributions,2016-03-31,2016,T1,29450659.485,1,TND,unite,Estime,augmentation (estimation trimestrielle)
SFBT,Flux de tresorerie,Encaissements Dividendes et autres distributions,Encaissements Dividendes et autres distributions,encaissementsdividendesetautresdistributions,2016-09-30,2016,9M,59272893.19,1,TND,unite,Estime,augmentation (estimation trimestrielle)
SFBT,Flux de tresorerie,Encaissements Dividendes et autres distributions,Encaissements Dividendes et autres distributions,encaissementsdividendesetautresdistributions,2017-03-31,2017,T1,30589558.885,1,TND,unite,Estime,augmentation (estimation trimestrielle)
SFBT,Flux de tresorerie,Encaissements Dividendes et autres distributions,Encaissements Dividendes et autres distributions,encaissementsdividendesetautresdistributions,2017-09-30,2017,9M,61561683.318,1,TND,unite,Estime,augmentation (estimation trimestrielle)
SFBT,Flux de tresorerie,Encaissements Dividendes et autres distributions,Encaissements Dividendes et autres distributions,encaissementsdividendesetautresdistributions,2018-03-31,2018,T1,32860570.519,1,TND,unite,Estime,augmentation (estimation trimestrielle)
SFBT,Flux de tresorerie,Encaissements Dividendes et autres distributions,Encaissements Dividendes et autres distributions,encaissementsdividendesetautresdistributions,2018-09-30,2018,9M,65778955.613,1,TND,unite,Estime,augmentation (estimation trimestrielle)
SFBT,Flux de tresorerie,Encaissements Dividendes et autres distributions,Encaissements Dividendes et autres distributions,encaissementsdividendesetautresdistributions,2019-03-31,2019,T1,33481701.553,1,TND,unite,Estime,augmentation (estimation trimestrielle)
SFBT,Flux de tresorerie,Encaissements Dividendes et autres distributions,Encaissements Dividendes et autres distributions,encaissementsdividendesetautresdistributions,2019-09-30,2019,9M,67081798.034,1,TND,unite,Estime,augmentation (estimation trimestrielle)
SFBT,Flux de tresorerie,Encaissements Dividendes et autres distributions,Encaissements Dividendes et autres distributions,encaissementsdividendesetautresdistributions,2020-03-31,2020,T1,32047523.396,1,TND,unite,Estime,augmentation (estimation trimestrielle)
SFBT,Flux de tresorerie,Encaissements Dividendes et autres distributions,Encaissements Dividendes et autres distributions,encaissementsdividendesetautresdistributions,2020-09-30,2020,9M,64188351.694,1,TND,unite,Estime,augmentation (estimation trimestrielle)
SFBT,Flux de tresorerie,Encaissements Dividendes et autres distributions,Encaissements Dividendes et autres distributions,encaissementsdividendesetautresdistributions,2021-03-31,2021,T1,32346828.963,1,TND,unite,Estime,augmentation (estimation trimestrielle)
SFBT,Flux de tresorerie,Encaissements Dividendes et autres distributions,Encaissements Dividendes et autres distributions,encaissementsdividendesetautresdistributions,2021-09-30,2021,9M,,1,TND,unite,Estime,augmentation (estimation trimestrielle)
SFBT,Flux de tresorerie,Encaissements Dividendes et autres distributions,Encaissements Dividendes et autres distributions,encaissementsdividendesetautresdistributions,2022-03-31,2022,T1,33656961.097,1,TND,unite,Estime,augmentation (estimation trimestrielle)
SFBT,Flux de tresorerie,Encaissements Dividendes et autres distributions,Encaissements Dividendes et autres distributions,encaissementsdividendesetautresdistributions,2022-09-30,2022,9M,,1,TND,unite,Estime,augmentation (estimation trimestrielle)
SFBT,Flux de tresorerie,Encaissements Dividendes et autres distributions,Encaissements Dividendes et autres distributions,encaissementsdividendesetautresdistributions,2023-03-31,2023,T1,34883415.21,1,TND,unite,Estime,augmentation (estimation trimestrielle)
SFBT,Flux de tresorerie,Encaissements Dividendes et autres distributions,Encaissements Dividendes et autres distributions,encaissementsdividendesetautresdistributions,2023-09-30,2023,9M,69787072.07,1,TND,unite,Estime,augmentation (estimation trimestrielle)
SFBT,Flux de tresorerie,Encaissements Dividendes et autres distributions,Encaissements Dividendes et autres distributions,encaissementsdividendesetautresdistributions,2024-03-31,2024,T1,41006786.587,1,TND,unite,Estime,augmentation (estimation trimestrielle)
SFBT,Flux de tresorerie,Encaissements Dividendes et autres distributions,Encaissements Dividendes et autres distributions,encaissementsdividendesetautresdistributions,2024-09-30,2024,9M,82019652.684,1,TND,unite,Estime,augmentation (estimation trimestrielle)
SFBT,Flux de tresorerie,Encaissements Dividendes et autres distributions,Encaissements Dividendes et autres distributions,encaissementsdividendesetautresdistributions,2025-03-31,2025,T1,48038300.976,1,TND,unite,Estime,augmentation (estimation trimestrielle)
SFBT,Flux de tresorerie,Encaissements affectés à la cession d'immobilisations financières,Encaissements affectés à la cession d'immobilisations financières,encaissementsaffectesalacessiondimmobilisationsfinancieres,2025-03-31,2025,T1,1050.0,1,TND,unite,Estime,augmentation (estimation trimestrielle)
SFBT,Flux de tresorerie,Encaissements d'emprunts pour financement des stocks,Encaissements d'emprunts pour financement des stocks,encaissementsdempruntspourfinancementdesstocks,2016-03-31,2016,T1,3500000.0,1,TND,unite,Estime,augmentation (estimation trimestrielle)
SFBT,Flux de tresorerie,Encaissements d'emprunts pour financement des stocks,Encaissements d'emprunts pour financement des stocks,encaissementsdempruntspourfinancementdesstocks,2016-09-30,2016,9M,7000000.0,1,TND,unite,Estime,augmentation (estimation trimestrielle)
SFBT,Flux de tresorerie,Encaissements d'emprunts pour financement des stocks,Encaissements d'emprunts pour financement des stocks,encaissementsdempruntspourfinancementdesstocks,2018-03-31,2018,T1,20000000.0,1,TND,unite,Estime,augmentation (estimation trimestrielle)
SFBT,Flux de tresorerie,Encaissements d'emprunts pour financement des stocks,Encaissements d'emprunts pour financement des stocks,encaissementsdempruntspourfinancementdesstocks,2018-09-30,2018,9M,40000000.0,1,TND,unite,Estime,augmentation (estimation trimestrielle)
SFBT,Flux de tresorerie,Encaissements d'emprunts pour financement des stocks,Encaissements d'emprunts pour financement des stocks,encaissementsdempruntspourfinancementdesstocks,2019-03-31,2019,T1,15000000.0,1,TND,unite,Estime,augmentation (estimation trimestrielle)
SFBT,Flux de tresorerie,Encaissements d'emprunts pour financement des stocks,Encaissements d'emprunts pour financement des stocks,encaissementsdempruntspourfinancementdesstocks,2019-09-30,2019,9M,80000000.0,1,TND,unite,Estime,augmentation (estimation trimestrielle)
SFBT,Flux de tresorerie,Encaissements d'emprunts pour financement des stocks,Encaissements d'emprunts pour financement des stocks,encaissementsdempruntspourfinancementdesstocks,2021-03-31,2021,T1,8500000.0,1,TND,unite,Estime,augmentation (estimation trimestrielle)
SFBT,Flux de tresorerie,Encaissements d'emprunts pour financement des stocks,Encaissements d'emprunts pour financement des stocks,encaissementsdempruntspourfinancementdesstocks,2021-09-30,2021,9M,,1,TND,unite,Estime,augmentation (estimation trimestrielle)
SFBT,Flux de tresorerie,Encaissements pour autres formes de placement monétaire,Encaissements pour autres formes de placement monétaire,encaissementspourautresformesdeplacementmonetaire,2010-03-31,2010,T1,1355000.0,1,TND,unite,Estime,augmentation (estimation trimestrielle)
SFBT,Flux de tresorerie,Encaissements pour autres formes de placement monétaire,Encaissements pour autres formes de placement monétaire,encaissementspourautresformesdeplacementmonetaire,2011-03-31,2011,T1,2220000.0,1,TND,unite,Estime,augmentation (estimation trimestrielle)
SFBT,Flux de tresorerie,Encaissements pour cession de titres de placement,Encaissements pour cession de titres de placement,encaissementspourcessiondetitresdeplacement,2006-03-31,2006,T1,91700.0,1,TND,unite,Estime,augmentation (estimation trimestrielle)
SFBT,Flux de tresorerie,Encaissements pour cession de titres de placement,Encaissements pour cession de titres de placement,encaissementspourcessiondetitresdeplacement,2006-09-30,2006,9M,183400.0,1,TND,unite,Estime,augmentation (estimation trimestrielle)
SFBT,Flux de tresorerie,Encaissements pour cession de titres de placement,Encaissements pour cession de titres de placement,encaissementspourcessiondetitresdeplacement,2007-03-31,2007,T1,48960.0,1,TND,unite,Estime,augmentation (estimation trimestrielle)
SFBT,Flux de tresorerie,Encaissements pour cession de titres de placement,Encaissements pour cession de titres de placement,encaissementspourcessiondetitresdeplacement,2007-09-30,2007,9M,97920.0,1,TND,unite,Estime,augmentation (estimation trimestrielle)
SFBT,Flux de tresorerie,Encaissements pour cession de titres de placement,Encaissements pour cession de titres de placement,encaissementspourcessiondetitresdeplacement,2009-03-31,2009,T1,88946.175,1,TND,unite,Estime,augmentation (estimation trimestrielle)
SFBT,Flux de tresorerie,Encaissements pour cession de titres de placement,Encaissements pour cession de titres de placement,encaissementspourcessiondetitresdeplacement,2009-09-30,2009,9M,296955.675,1,TND,unite,Estime,augmentation (estimation trimestrielle)
SFBT,Flux de tresorerie,Encaissements pour rachat des billets de trésorerie,Encaissements pour rachat des billets de trésorerie,encaissementspourrachatdesbilletsdetresorerie,2014-03-31,2014,T1,16000000.0,1,TND,unite,Estime,augmentation (estimation trimestrielle)
SFBT,Flux de tresorerie,Encaissements pour rachat des billets de trésorerie,Encaissements pour rachat des billets de trésorerie,encaissementspourrachatdesbilletsdetresorerie,2015-03-31,2015,T1,16750000.0,1,TND,unite,Estime,augmentation (estimation trimestrielle)
SFBT,Flux de tresorerie,Encaissements pour rachat des billets de trésorerie,Encaissements pour rachat des billets de trésorerie,encaissementspourrachatdesbilletsdetresorerie,2016-03-31,2016,T1,9500000.0,1,TND,unite,Estime,augmentation (estimation trimestrielle)
SFBT,Flux de tresorerie,Encaissements pour rachat des billets de trésorerie,Encaissements pour rachat des billets de trésorerie,encaissementspourrachatdesbilletsdetresorerie,2016-09-30,2016,9M,19000000.0,1,TND,unite,Estime,augmentation (estimation trimestrielle)
SFBT,Flux de tresorerie,Encaissements pour rachat des billets de trésorie,Encaissements pour rachat des billets de trésorie,encaissementspourrachatdesbilletsdetresorie,2010-03-31,2010,T1,9750000.0,1,TND,unite,Estime,augmentation (estimation trimestrielle)
SFBT,Flux de tresorerie,Encaissements pour rachat des billets de trésorie,Encaissements pour rachat des billets de trésorie,encaissementspourrachatdesbilletsdetresorie,2010-09-30,2010,9M,22300000.0,1,TND,unite,Estime,augmentation (estimation trimestrielle)
SFBT,Flux de tresorerie,Encaissements pour rachat des billets de trésorie,Encaissements pour rachat des billets de trésorie,encaissementspourrachatdesbilletsdetresorie,2011-03-31,2011,T1,1700000.0,1,TND,unite,Estime,augmentation (estimation trimestrielle)
SFBT,Flux de tresorerie,Encaissements provenant d'autres emprunts,Encaissements provenant d'autres emprunts,encaissementsprovenantdautresemprunts,2011-03-31,2011,T1,2350000.0,1,TND,unite,Estime,augmentation (estimation trimestrielle)
SFBT,Flux de tresorerie,Encaissements provenant d'autres emprunts,Encaissements provenant d'autres emprunts,encaissementsprovenantdautresemprunts,2011-09-30,2011,9M,4700000.0,1,TND,unite,Estime,augmentation (estimation trimestrielle)
SFBT,Flux de tresorerie,Encaissements provenant de la cession d'immob. corporelles,Encaissements provenant de la cession d'immob. corporelles.,encaissementsprovenantdelacessiondimmobcorporelles,2018-03-31,2018,T1,42598.0,1,TND,unite,Estime,augmentation (estimation trimestrielle)
SFBT,Flux de tresorerie,Encaissements provenant de la cession d'immob. corporelles,Encaissements provenant de la cession d'immob. corporelles.,encaissementsprovenantdelacessiondimmobcorporelles,2019-03-31,2019,T1,25696.5,1,TND,unite,Estime,augmentation (estimation trimestrielle)
SFBT,Flux de tresorerie,Encaissements provenant de la cession d'immobilisations corporelles,Encaissements provenant de la cession d'immobilisations corporelles,encaissementsprovenantdelacessiondimmobilisationscorporelles,2021-03-31,2021,T1,36138.918,1,TND,unite,Estime,augmentation (estimation trimestrielle)
SFBT,Flux de tresorerie,Encaissements provenant de la cession d'immobilisations financières,Encaissements provenant de la cession d'immobilisations financières,encaissementsprovenantdelacessiondimmobilisationsfinancieres,2005-03-31,2005,T1,33000.0,1,TND,unite,Estime,augmentation (estimation trimestrielle)
SFBT,Flux de tresorerie,Encaissements provenant de la cession d'immobilisations financières,Encaissements provenant de la cession d'immobilisations financières,encaissementsprovenantdelacessiondimmobilisationsfinancieres,2007-03-31,2007,T1,654850.0,1,TND,unite,Estime,augmentation (estimation trimestrielle)
SFBT,Flux de tresorerie,Encaissements provenant de la cession d'immobilisations financières,Encaissements provenant de la cession d'immobilisations financières,encaissementsprovenantdelacessiondimmobilisationsfinancieres,2007-09-30,2007,9M,1309700.0,1,TND,unite,Estime,augmentation (estimation trimestrielle)
SFBT,Flux de tresorerie,Encaissements provenant de la cession d'immobilisations financières,Encaissements provenant de la cession d'immobilisations financières,encaissementsprovenantdelacessiondimmobilisationsfinancieres,2009-03-31,2009,T1,774689.219,1,TND,unite,Estime,augmentation (estimation trimestrielle)
SFBT,Flux de tresorerie,Encaissements provenant de la cession d'immobilisations financières,Encaissements provenant de la cession d'immobilisations financières,encaissementsprovenantdelacessiondimmobilisationsfinancieres,2009-09-30,2009,9M,1549378.438,1,TND,unite,Estime,augmentation (estimation trimestrielle)
SFBT,Flux de tresorerie,Encaissements provenant de la cession d'immobilisations financières,Encaissements provenant de la cession d'immobilisations financières,encaissementsprovenantdelacessiondimmobilisationsfinancieres,2015-03-31,2015,T1,810000.0,1,TND,unite,Estime,augmentation (estimation trimestrielle)
SFBT,Flux de tresorerie,Encaissements provenant de la cession d'immobilisations financières,Encaissements provenant de la cession d'immobilisations financières,encaissementsprovenantdelacessiondimmobilisationsfinancieres,2015-09-30,2015,9M,1620000.0,1,TND,unite,Estime,augmentation (estimation trimestrielle)
SFBT,Flux de tresorerie,Encaissements provenant de la cession d’immobilisations corporelles et incorporelles,Encaissements provenant de la cession d’immobilisations corporelles et incorporelles,encaissementsprovenantdelacessiondimmobilisationscorporellesetincorporelles,2009-03-31,2009,T1,667540.5,1,TND,unite,Estime,augmentation (estimation trimestrielle)
SFBT,Flux de tresorerie,Encaissements provenant de la cession d’immobilisations corporelles et incorporelles,Encaissements provenant de la cession d’immobilisations corporelles et incorporelles,encaissementsprovenantdelacessiondimmobilisationscorporellesetincorporelles,2009-09-30,2009,9M,1395113.24,1,TND,unite,Estime,augmentation (estimation trimestrielle)
SFBT,Flux de tresorerie,Encaissements provenant de la cession d’immobilisations corporelles et incorporelles,Encaissements provenant de la cession d’immobilisations corporelles et incorporelles,encaissementsprovenantdelacessiondimmobilisationscorporellesetincorporelles,2010-03-31,2010,T1,12680.0,1,TND,unite,Estime,augmentation (estimation trimestrielle)
SFBT,Flux de tresorerie,Encaissements provenant de la cession d’immobilisations corporelles et incorporelles,Encaissements provenant de la cession d’immobilisations corporelles et incorporelles,encaissementsprovenantdelacessiondimmobilisationscorporellesetincorporelles,2011-03-31,2011,T1,62910.0,1,TND,unite,Estime,augmentation (estimation trimestrielle)
SFBT,Flux de tresorerie,Encaissements provenant de la cession d’immobilisations corporelles et incorporelles,Encaissements provenant de la cession d’immobilisations corporelles et incorporelles,encaissementsprovenantdelacessiondimmobilisationscorporellesetincorporelles,2022-03-31,2022,T1,26004.0,1,TND,unite,Estime,augmentation (estimation trimestrielle)
SFBT,Flux de tresorerie,Encaissements provenant de la cession d’immobilisations corporelles et incorporelles,Encaissements provenant de la cession d’immobilisations corporelles et incorporelles,encaissementsprovenantdelacessiondimmobilisationscorporellesetincorporelles,2022-09-30,2022,9M,,1,TND,unite,Estime,augmentation (estimation trimestrielle)
SFBT,Flux de tresorerie,Encaissements provenant de la cession d’immobilisations corporelles et incorporelles,Encaissements provenant de la cession d’immobilisations corporelles et incorporelles,encaissementsprovenantdelacessiondimmobilisationscorporellesetincorporelles,2023-03-31,2023,T1,124194.776,1,TND,unite,Estime,augmentation (estimation trimestrielle)
SFBT,Flux de tresorerie,Encaissements provenant de la cession d’immobilisations corporelles et incorporelles,Encaissements provenant de la cession d’immobilisations corporelles et incorporelles,encaissementsprovenantdelacessiondimmobilisationscorporellesetincorporelles,2023-09-30,2023,9M,353317.2,1,TND,unite,Estime,augmentation (estimation trimestrielle)
SFBT,Flux de tresorerie,Encaissements provenant de la cession d’immobilisations corporelles et incorporelles,Encaissements provenant de la cession d’immobilisations corporelles et incorporelles,encaissementsprovenantdelacessiondimmobilisationscorporellesetincorporelles,2024-03-31,2024,T1,200721.812,1,TND,unite,Estime,augmentation (estimation trimestrielle)
SFBT,Flux de tresorerie,Encaissements provenant de la cession d’immobilisations corporelles et incorporelles,Encaissements provenant de la cession d’immobilisations corporelles et incorporelles,encaissementsprovenantdelacessiondimmobilisationscorporellesetincorporelles,2024-09-30,2024,9M,469873.625,1,TND,unite,Estime,augmentation (estimation trimestrielle)
SFBT,Flux de tresorerie,Encaissements provenant de la cession d’immobilisations corporelles et incorporelles,Encaissements provenant de la cession d’immobilisations corporelles et incorporelles,encaissementsprovenantdelacessiondimmobilisationscorporellesetincorporelles,2025-03-31,2025,T1,42450.0,1,TND,unite,Estime,augmentation (estimation trimestrielle)
SFBT,Flux de tresorerie,Encaissements provenant des autres formes de placement monétaire,Encaissements provenant des autres formes de placement monétaire,encaissementsprovenantdesautresformesdeplacementmonetaire,2012-03-31,2012,T1,133000.0,1,TND,unite,Estime,augmentation (estimation trimestrielle)
SFBT,Flux de tresorerie,Encaissements provenant des autres formes de placement monétaire,Encaissements provenant des autres formes de placement monétaire,encaissementsprovenantdesautresformesdeplacementmonetaire,2012-09-30,2012,9M,469500.0,1,TND,unite,Estime,augmentation (estimation trimestrielle)
SFBT,Flux de tresorerie,Encaissements provenant des autres formes de placement monétaire,Encaissements provenant des autres formes de placement monétaire,encaissementsprovenantdesautresformesdeplacementmonetaire,2013-03-31,2013,T1,70000.0,1,TND,unite,Estime,augmentation (estimation trimestrielle)
SFBT,Flux de tresorerie,Encaissements provenant des autres formes de placement monétaire,Encaissements provenant des autres formes de placement monétaire,encaissementsprovenantdesautresformesdeplacementmonetaire,2013-09-30,2013,9M,441500.0,1,TND,unite,Estime,augmentation (estimation trimestrielle)
SFBT,Flux de tresorerie,Encaissements provenant des autres formes de placement monétaire,Encaissements provenant des autres formes de placement monétaire,encaissementsprovenantdesautresformesdeplacementmonetaire,2014-03-31,2014,T1,371500.0,1,TND,unite,Estime,augmentation (estimation trimestrielle)
SFBT,Flux de tresorerie,Encaissements provenant des autres formes de placement monétaire,Encaissements provenant des autres formes de placement monétaire,encaissementsprovenantdesautresformesdeplacementmonetaire,2014-09-30,2014,9M,743000.0,1,TND,unite,Estime,augmentation (estimation trimestrielle)
SFBT,Flux de tresorerie,Encaissements provenant des autres formes de placement monétaire,Encaissements provenant des autres formes de placement monétaire,encaissementsprovenantdesautresformesdeplacementmonetaire,2019-03-31,2019,T1,54500000.0,1,TND,unite,Estime,augmentation (estimation trimestrielle)
SFBT,Flux de tresorerie,Encaissements provenant des autres formes de placement monétaire,Encaissements provenant des autres formes de placement monétaire,encaissementsprovenantdesautresformesdeplacementmonetaire,2019-09-30,2019,9M,195000000.0,1,TND,unite,Estime,augmentation (estimation trimestrielle)
SFBT,Flux de tresorerie,Encaissements provenant des autres formes de placement monétaire,Encaissements provenant des autres formes de placement monétaire,encaissementsprovenantdesautresformesdeplacementmonetaire,2020-03-31,2020,T1,128000000.0,1,TND,unite,Estime,augmentation (estimation trimestrielle)
SFBT,Flux de tresorerie,Encaissements provenant des emprunts,Encaissements provenant des emprunts,encaissementsprovenantdesemprunts,2005-03-31,2005,T1,4500000.0,1,TND,unite,Estime,augmentation (estimation trimestrielle)
SFBT,Flux de tresorerie,Encaissements provenant des emprunts,Encaissements provenant des emprunts,encaissementsprovenantdesemprunts,2005-09-30,2005,9M,9000000.0,1,TND,unite,Estime,augmentation (estimation trimestrielle)
SFBT,Flux de tresorerie,Encaissements provenant des emprunts,Encaissements provenant des emprunts,encaissementsprovenantdesemprunts,2006-03-31,2006,T1,3000000.0,1,TND,unite,Estime,augmentation (estimation trimestrielle)
SFBT,Flux de tresorerie,Encaissements provenant des emprunts,Encaissements provenant des emprunts,encaissementsprovenantdesemprunts,2006-09-30,2006,9M,10000000.0,1,TND,unite,Estime,augmentation (estimation trimestrielle)
SFBT,Flux de tresorerie,Encaissements provenant des emprunts,Encaissements provenant des emprunts,encaissementsprovenantdesemprunts,2007-03-31,2007,T1,2000000.0,1,TND,unite,Estime,augmentation (estimation trimestrielle)
SFBT,Flux de tresorerie,Encaissements provenant des emprunts,Encaissements provenant des emprunts,encaissementsprovenantdesemprunts,2008-03-31,2008,T1,2500000.0,1,TND,unite,Estime,augmentation (estimation trimestrielle)
SFBT,Flux de tresorerie,Encaissements provenant des emprunts pour financement des stocks,Encaissements provenant des emprunts pour financement des stocks,encaissementsprovenantdesempruntspourfinancementdesstocks,2010-03-31,2010,T1,1000000.0,1,TND,unite,Estime,augmentation (estimation trimestrielle)
SFBT,Flux de tresorerie,Encaissements provenant des emprunts pour financement des stocks,Encaissements provenant des emprunts pour financement des stocks,encaissementsprovenantdesempruntspourfinancementdesstocks,2010-09-30,2010,9M,4500000.0,1,TND,unite,Estime,augmentation (estimation trimestrielle)
SFBT,Flux de tresorerie,Flux de trésorerie affectés aux activités de financement,Flux de trésorerie affectés aux activités de financement,fluxdetresorerieaffectesauxactivitesdefinancement,2014-03-31,2014,T1,-29848297.456,1,TND,unite,Estime,augmentation (estimation trimestrielle)
SFBT,Flux de tresorerie,Flux de trésorerie affectés aux activités de financement,Flux de trésorerie affectés aux activités de financement,fluxdetresorerieaffectesauxactivitesdefinancement,2015-03-31,2015,T1,-29762980.31,1,TND,unite,Estime,augmentation (estimation trimestrielle)
SFBT,Flux de tresorerie,Flux de trésorerie affectés aux activités de financement,Flux de trésorerie affectés aux activités de financement,fluxdetresorerieaffectesauxactivitesdefinancement,2016-03-31,2016,T1,-35761354.199,1,TND,unite,Estime,augmentation (estimation trimestrielle)
SFBT,Flux de tresorerie,Flux de trésorerie affectés aux activités de financement,Flux de trésorerie affectés aux activités de financement,fluxdetresorerieaffectesauxactivitesdefinancement,2016-09-30,2016,9M,-75526206.105,1,TND,unite,Estime,augmentation (estimation trimestrielle)
SFBT,Flux de tresorerie,Flux de trésorerie affectés aux activités de financement,Flux de trésorerie affectés aux activités de financement,fluxdetresorerieaffectesauxactivitesdefinancement,2017-03-31,2017,T1,-43350980.708,1,TND,unite,Estime,augmentation (estimation trimestrielle)
SFBT,Flux de tresorerie,Flux de trésorerie affectés aux activités de financement,Flux de trésorerie affectés aux activités de financement,fluxdetresorerieaffectesauxactivitesdefinancement,2017-09-30,2017,9M,-86751245.203,1,TND,unite,Estime,augmentation (estimation trimestrielle)
SFBT,Flux de tresorerie,Flux de trésorerie affectés aux activités de financement,Flux de trésorerie affectés aux activités de financement,fluxdetresorerieaffectesauxactivitesdefinancement,2018-03-31,2018,T1,-38480838.775,1,TND,unite,Estime,augmentation (estimation trimestrielle)
SFBT,Flux de tresorerie,Flux de trésorerie affectés aux activités de financement,Flux de trésorerie affectés aux activités de financement,fluxdetresorerieaffectesauxactivitesdefinancement,2018-09-30,2018,9M,-93628602.4,1,TND,unite,Estime,augmentation (estimation trimestrielle)
SFBT,Flux de tresorerie,Flux de trésorerie affectés aux activités de financement,Flux de trésorerie affectés aux activités de financement,fluxdetresorerieaffectesauxactivitesdefinancement,2019-03-31,2019,T1,-49120563.325,1,TND,unite,Estime,augmentation (estimation trimestrielle)
SFBT,Flux de tresorerie,Flux de trésorerie affectés aux activités de financement,Flux de trésorerie affectés aux activités de financement,fluxdetresorerieaffectesauxactivitesdefinancement,2019-09-30,2019,9M,-103450878.845,1,TND,unite,Estime,augmentation (estimation trimestrielle)
SFBT,Flux de tresorerie,Flux de trésorerie affectés aux activités de financement,Flux de trésorerie affectés aux activités de financement,fluxdetresorerieaffectesauxactivitesdefinancement,2020-03-31,2020,T1,-10000708.825,1,TND,unite,Estime,augmentation (estimation trimestrielle)
SFBT,Flux de tresorerie,Flux de trésorerie affectés aux activités de financement,Flux de trésorerie affectés aux activités de financement,fluxdetresorerieaffectesauxactivitesdefinancement,2020-09-30,2020,9M,-100327409.273,1,TND,unite,Estime,augmentation (estimation trimestrielle)
SFBT,Flux de tresorerie,Flux de trésorerie affectés aux activités de financement,Flux de trésorerie affectés aux activités de financement,fluxdetresorerieaffectesauxactivitesdefinancement,2021-03-31,2021,T1,-83243795.868,1,TND,unite,Estime,augmentation (estimation trimestrielle)
SFBT,Flux de tresorerie,Flux de trésorerie affectés aux activités de financement,Flux de trésorerie affectés aux activités de financement,fluxdetresorerieaffectesauxactivitesdefinancement,2021-09-30,2021,9M,,1,TND,unite,Estime,augmentation (estimation trimestrielle)
SFBT,Flux de tresorerie,Flux de trésorerie affectés aux activités de financement,Flux de trésorerie affectés aux activités de financement,fluxdetresorerieaffectesauxactivitesdefinancement,2022-03-31,2022,T1,-88921183.405,1,TND,unite,Estime,augmentation (estimation trimestrielle)
SFBT,Flux de tresorerie,Flux de trésorerie affectés aux activités de financement,Flux de trésorerie affectés aux activités de financement,fluxdetresorerieaffectesauxactivitesdefinancement,2022-09-30,2022,9M,,1,TND,unite,Estime,augmentation (estimation trimestrielle)
SFBT,Flux de tresorerie,Flux de trésorerie affectés aux activités de financement,Flux de trésorerie affectés aux activités de financement,fluxdetresorerieaffectesauxactivitesdefinancement,2023-03-31,2023,T1,-91398738.544,1,TND,unite,Estime,augmentation (estimation trimestrielle)
SFBT,Flux de tresorerie,Flux de trésorerie affectés aux activités de financement,Flux de trésorerie affectés aux activités de financement,fluxdetresorerieaffectesauxactivitesdefinancement,2023-09-30,2023,9M,-182797477.088,1,TND,unite,Estime,augmentation (estimation trimestrielle)
SFBT,Flux de tresorerie,Flux de trésorerie affectés aux activités de financement,Flux de trésorerie affectés aux activités de financement,fluxdetresorerieaffectesauxactivitesdefinancement,2024-03-31,2024,T1,-99168430.45,1,TND,unite,Estime,augmentation (estimation trimestrielle)
SFBT,Flux de tresorerie,Flux de trésorerie affectés aux activités de financement,Flux de trésorerie affectés aux activités de financement,fluxdetresorerieaffectesauxactivitesdefinancement,2024-09-30,2024,9M,-198412472.23,1,TND,unite,Estime,augmentation (estimation trimestrielle)
SFBT,Flux de tresorerie,Flux de trésorerie affectés aux activités de financement,Flux de trésorerie affectés aux activités de financement,fluxdetresorerieaffectesauxactivitesdefinancement,2025-03-31,2025,T1,-107413662.09,1,TND,unite,Estime,augmentation (estimation trimestrielle)
SFBT,Flux de tresorerie,Flux de trésorerie affectés à /provenant de l'exploitation,Flux de trésorerie affectés à /provenant de l'exploitation,fluxdetresorerieaffectesaprovenantdelexploitation,2024-03-31,2024,T1,17977135.924,1,TND,unite,Estime,augmentation (estimation trimestrielle)
SFBT,Flux de tresorerie,Flux de trésorerie affectés à /provenant de l'exploitation,Flux de trésorerie affectés à /provenant de l'exploitation,fluxdetresorerieaffectesaprovenantdelexploitation,2025-03-31,2025,T1,-2133069.373,1,TND,unite,Estime,augmentation (estimation trimestrielle)
SFBT,Flux de tresorerie,Flux de trésorerie provenant de (affectés à) l'exploitation,Flux de trésorerie provenant de (affectés à) l'exploitation,fluxdetresorerieprovenantdeaffectesalexploitation,2012-03-31,2012,T1,8169062.5,1,TND,unite,Estime,augmentation (estimation trimestrielle)
SFBT,Flux de tresorerie,Flux de trésorerie provenant de (affectés à) l'exploitation,Flux de trésorerie provenant de (affectés à) l'exploitation,fluxdetresorerieprovenantdeaffectesalexploitation,2013-03-31,2013,T1,18771652.0,1,TND,unite,Estime,augmentation (estimation trimestrielle)
SFBT,Flux de tresorerie,Flux de trésorerie provenant de l'exploitation,Flux de trésorerie provenant de l'exploitation,fluxdetresorerieprovenantdelexploitation,2014-03-31,2014,T1,10091342.04,1,TND,unite,Estime,augmentation (estimation trimestrielle)
SFBT,Flux de tresorerie,Flux de trésorerie provenant de l'exploitation,Flux de trésorerie provenant de l'exploitation,fluxdetresorerieprovenantdelexploitation,2014-09-30,2014,9M,51621899.873,1,TND,unite,Estime,augmentation (estimation trimestrielle)
SFBT,Flux de tresorerie,Flux de trésorerie provenant de l'exploitation,Flux de trésorerie provenant de l'exploitation,fluxdetresorerieprovenantdelexploitation,2015-03-31,2015,T1,-4693949.701,1,TND,unite,Estime,augmentation (estimation trimestrielle)
SFBT,Flux de tresorerie,Flux de trésorerie provenant de l'exploitation,Flux de trésorerie provenant de l'exploitation,fluxdetresorerieprovenantdelexploitation,2015-09-30,2015,9M,39074686.256,1,TND,unite,Estime,augmentation (estimation trimestrielle)
SFBT,Flux de tresorerie,Flux de trésorerie provenant des (affectés aux) activités d'investissement,Flux de trésorerie provenant des (affectés aux) activités d'investissement,fluxdetresorerieprovenantdesaffectesauxactivitesdinvestissement,2005-03-31,2005,T1,4535008.52,1,TND,unite,Estime,augmentation (estimation trimestrielle)
SFBT,Flux de tresorerie,Flux de trésorerie provenant des (affectés aux) activités d'investissement,Flux de trésorerie provenant des (affectés aux) activités d'investissement,fluxdetresorerieprovenantdesaffectesauxactivitesdinvestissement,2005-09-30,2005,9M,7605387.233,1,TND,unite,Estime,augmentation (estimation trimestrielle)
SFBT,Flux de tresorerie,Flux de trésorerie provenant des (affectés aux) activités d'investissement,Flux de trésorerie provenant des (affectés aux) activités d'investissement,fluxdetresorerieprovenantdesaffectesauxactivitesdinvestissement,2006-03-31,2006,T1,2263656.477,1,TND,unite,Estime,augmentation (estimation trimestrielle)
SFBT,Flux de tresorerie,Flux de trésorerie provenant des (affectés aux) activités d'investissement,Flux de trésorerie provenant des (affectés aux) activités d'investissement,fluxdetresorerieprovenantdesaffectesauxactivitesdinvestissement,2006-09-30,2006,9M,3690342.324,1,TND,unite,Estime,augmentation (estimation trimestrielle)
SFBT,Flux de tresorerie,Flux de trésorerie provenant des (affectés aux) activités d'investissement,Flux de trésorerie provenant des (affectés aux) activités d'investissement,fluxdetresorerieprovenantdesaffectesauxactivitesdinvestissement,2007-03-31,2007,T1,4996309.349,1,TND,unite,Estime,augmentation (estimation trimestrielle)
SFBT,Flux de tresorerie,Flux de trésorerie provenant des (affectés aux) activités d'investissement,Flux de trésorerie provenant des (affectés aux) activités d'investissement,fluxdetresorerieprovenantdesaffectesauxactivitesdinvestissement,2007-09-30,2007,9M,8041104.46,1,TND,unite,Estime,augmentation (estimation trimestrielle)
SFBT,Flux de tresorerie,Flux de trésorerie provenant des (affectés aux) activités d'investissement,Flux de trésorerie provenant des (affectés aux) activités d'investissement,fluxdetresorerieprovenantdesaffectesauxactivitesdinvestissement,2008-03-31,2008,T1,3755196.072,1,TND,unite,Estime,augmentation (estimation trimestrielle)
SFBT,Flux de tresorerie,Flux de trésorerie provenant des (affectés aux) activités d'investissement,Flux de trésorerie provenant des (affectés aux) activités d'investissement,fluxdetresorerieprovenantdesaffectesauxactivitesdinvestissement,2008-09-30,2008,9M,5280390.711,1,TND,unite,Estime,augmentation (estimation trimestrielle)
SFBT,Flux de tresorerie,Flux de trésorerie provenant des (affectés aux) activités d'investissement,Flux de trésorerie provenant des (affectés aux) activités d'investissement,fluxdetresorerieprovenantdesaffectesauxactivitesdinvestissement,2009-03-31,2009,T1,5674755.071,1,TND,unite,Estime,augmentation (estimation trimestrielle)
SFBT,Flux de tresorerie,Flux de trésorerie provenant des (affectés aux) activités d'investissement,Flux de trésorerie provenant des (affectés aux) activités d'investissement,fluxdetresorerieprovenantdesaffectesauxactivitesdinvestissement,2010-03-31,2010,T1,5684856.5,1,TND,unite,Estime,augmentation (estimation trimestrielle)
SFBT,Flux de tresorerie,Flux de trésorerie provenant des (affectés aux) activités d'investissement,Flux de trésorerie provenant des (affectés aux) activités d'investissement,fluxdetresorerieprovenantdesaffectesauxactivitesdinvestissement,2010-09-30,2010,9M,5799663.549,1,TND,unite,Estime,augmentation (estimation trimestrielle)
SFBT,Flux de tresorerie,Flux de trésorerie provenant des (affectés aux) activités d'investissement,Flux de trésorerie provenant des (affectés aux) activités d'investissement,fluxdetresorerieprovenantdesaffectesauxactivitesdinvestissement,2011-03-31,2011,T1,944026.0,1,TND,unite,Estime,augmentation (estimation trimestrielle)
SFBT,Flux de tresorerie,Flux de trésorerie provenant des (affectés aux) activités d'investissement,Flux de trésorerie provenant des (affectés aux) activités d'investissement,fluxdetresorerieprovenantdesaffectesauxactivitesdinvestissement,2011-09-30,2011,9M,-3329560.233,1,TND,unite,Estime,augmentation (estimation trimestrielle)
SFBT,Flux de tresorerie,Flux de trésorerie provenant des (affectés aux) activités d'investissement,Flux de trésorerie provenant des (affectés aux) activités d'investissement,fluxdetresorerieprovenantdesaffectesauxactivitesdinvestissement,2012-03-31,2012,T1,-1499033.5,1,TND,unite,Estime,augmentation (estimation trimestrielle)
SFBT,Flux de tresorerie,Flux de trésorerie provenant des (affectés aux) activités d'investissement,Flux de trésorerie provenant des (affectés aux) activités d'investissement,fluxdetresorerieprovenantdesaffectesauxactivitesdinvestissement,2012-09-30,2012,9M,-8391525.179,1,TND,unite,Estime,augmentation (estimation trimestrielle)
SFBT,Flux de tresorerie,Flux de trésorerie provenant des (affectés aux) activités d'investissement,Flux de trésorerie provenant des (affectés aux) activités d'investissement,fluxdetresorerieprovenantdesaffectesauxactivitesdinvestissement,2013-03-31,2013,T1,471407.0,1,TND,unite,Estime,augmentation (estimation trimestrielle)
SFBT,Flux de tresorerie,Flux de trésorerie provenant des (affectés aux) activités de financement,Flux de trésorerie provenant des (affectés aux) activités de financement,fluxdetresorerieprovenantdesaffectesauxactivitesdefinancement,2005-03-31,2005,T1,-11936498.22,1,TND,unite,Estime,augmentation (estimation trimestrielle)
SFBT,Flux de tresorerie,Flux de trésorerie provenant des (affectés aux) activités de financement,Flux de trésorerie provenant des (affectés aux) activités de financement,fluxdetresorerieprovenantdesaffectesauxactivitesdefinancement,2005-09-30,2005,9M,-28111190.012,1,TND,unite,Estime,augmentation (estimation trimestrielle)
SFBT,Flux de tresorerie,Flux de trésorerie provenant des (affectés aux) activités de financement,Flux de trésorerie provenant des (affectés aux) activités de financement,fluxdetresorerieprovenantdesaffectesauxactivitesdefinancement,2006-03-31,2006,T1,-10523744.603,1,TND,unite,Estime,augmentation (estimation trimestrielle)
SFBT,Flux de tresorerie,Flux de trésorerie provenant des (affectés aux) activités de financement,Flux de trésorerie provenant des (affectés aux) activités de financement,fluxdetresorerieprovenantdesaffectesauxactivitesdefinancement,2006-09-30,2006,9M,-26190724.806,1,TND,unite,Estime,augmentation (estimation trimestrielle)
SFBT,Flux de tresorerie,Flux de trésorerie provenant des (affectés aux) activités de financement,Flux de trésorerie provenant des (affectés aux) activités de financement,fluxdetresorerieprovenantdesaffectesauxactivitesdefinancement,2007-03-31,2007,T1,-8423008.8,1,TND,unite,Estime,augmentation (estimation trimestrielle)
SFBT,Flux de tresorerie,Flux de trésorerie provenant des (affectés aux) activités de financement,Flux de trésorerie provenant des (affectés aux) activités de financement,fluxdetresorerieprovenantdesaffectesauxactivitesdefinancement,2008-03-31,2008,T1,-7730741.263,1,TND,unite,Estime,augmentation (estimation trimestrielle)
SFBT,Flux de tresorerie,Flux de trésorerie provenant des (affectés aux) activités de financement,Flux de trésorerie provenant des (affectés aux) activités de financement,fluxdetresorerieprovenantdesaffectesauxactivitesdefinancement,2009-03-31,2009,T1,-10762209.678,1,TND,unite,Estime,augmentation (estimation trimestrielle)
SFBT,Flux de tresorerie,Flux de trésorerie provenant des (affectés aux) activités de financement,Flux de trésorerie provenant des (affectés aux) activités de financement,fluxdetresorerieprovenantdesaffectesauxactivitesdefinancement,2010-03-31,2010,T1,-18543414.0,1,TND,unite,Estime,augmentation (estimation trimestrielle)
SFBT,Flux de tresorerie,Flux de trésorerie provenant des (affectés aux) activités de financement,Flux de trésorerie provenant des (affectés aux) activités de financement,fluxdetresorerieprovenantdesaffectesauxactivitesdefinancement,2010-09-30,2010,9M,-35196367.205,1,TND,unite,Estime,augmentation (estimation trimestrielle)
SFBT,Flux de tresorerie,Flux de trésorerie provenant des (affectés aux) activités de financement,Flux de trésorerie provenant des (affectés aux) activités de financement,fluxdetresorerieprovenantdesaffectesauxactivitesdefinancement,2011-03-31,2011,T1,13102657.0,1,TND,unite,Estime,augmentation (estimation trimestrielle)
SFBT,Flux de tresorerie,Flux de trésorerie provenant des (affectés aux) activités de financement,Flux de trésorerie provenant des (affectés aux) activités de financement,fluxdetresorerieprovenantdesaffectesauxactivitesdefinancement,2011-09-30,2011,9M,-10492907.758,1,TND,unite,Estime,augmentation (estimation trimestrielle)
SFBT,Flux de tresorerie,Flux de trésorerie provenant des (affectés aux) activités de financement,Flux de trésorerie provenant des (affectés aux) activités de financement,fluxdetresorerieprovenantdesaffectesauxactivitesdefinancement,2012-03-31,2012,T1,-4023798.0,1,TND,unite,Estime,augmentation (estimation trimestrielle)
SFBT,Flux de tresorerie,Flux de trésorerie provenant des (affectés aux) activités de financement,Flux de trésorerie provenant des (affectés aux) activités de financement,fluxdetresorerieprovenantdesaffectesauxactivitesdefinancement,2012-09-30,2012,9M,-27083767.188,1,TND,unite,Estime,augmentation (estimation trimestrielle)
SFBT,Flux de tresorerie,Flux de trésorerie provenant des (affectés aux) activités de financement,Flux de trésorerie provenant des (affectés aux) activités de financement,fluxdetresorerieprovenantdesaffectesauxactivitesdefinancement,2013-03-31,2013,T1,-26593557.0,1,TND,unite,Estime,augmentation (estimation trimestrielle)
SFBT,Flux de tresorerie,Flux de trésorerie provenant des activités d'invt,Flux de trésorerie provenant des activités  d'invt.,fluxdetresorerieprovenantdesactivitesdinvt,2016-03-31,2016,T1,19625348.294,1,TND,unite,Estime,augmentation (estimation trimestrielle)
SFBT,Flux de tresorerie,Flux de trésorerie provenant des activités d'invt,Flux de trésorerie provenant des activités  d'invt.,fluxdetresorerieprovenantdesactivitesdinvt,2017-03-31,2017,T1,25604614.15,1,TND,unite,Estime,augmentation (estimation trimestrielle)
SFBT,Flux de tresorerie,Flux de trésorerie provenant des activités d'invt,Flux de trésorerie provenant des activités  d'invt.,fluxdetresorerieprovenantdesactivitesdinvt,2018-03-31,2018,T1,2120372.163,1,TND,unite,Estime,augmentation (estimation trimestrielle)
SFBT,Flux de tresorerie,Flux de trésorerie provenant des activités d'invt,Flux de trésorerie provenant des activités  d'invt.,fluxdetresorerieprovenantdesactivitesdinvt,2019-03-31,2019,T1,22792941.218,1,TND,unite,Estime,augmentation (estimation trimestrielle)
SFBT,Flux de tresorerie,Flux de trésorerie provenant des activités d’investissement,Flux de trésorerie provenant des activités d’investissement,fluxdetresorerieprovenantdesactivitesdinvestissement,2014-03-31,2014,T1,10266489.135,1,TND,unite,Estime,augmentation (estimation trimestrielle)
SFBT,Flux de tresorerie,Flux de trésorerie provenant des activités d’investissement,Flux de trésorerie provenant des activités d’investissement,fluxdetresorerieprovenantdesactivitesdinvestissement,2014-09-30,2014,9M,12145842.764,1,TND,unite,Estime,augmentation (estimation trimestrielle)
SFBT,Flux de tresorerie,Flux de trésorerie provenant des activités d’investissement,Flux de trésorerie provenant des activités d’investissement,fluxdetresorerieprovenantdesactivitesdinvestissement,2015-03-31,2015,T1,14572512.581,1,TND,unite,Estime,augmentation (estimation trimestrielle)
SFBT,Flux de tresorerie,Flux de trésorerie provenant des activités d’investissement,Flux de trésorerie provenant des activités d’investissement,fluxdetresorerieprovenantdesactivitesdinvestissement,2015-09-30,2015,9M,20292380.003,1,TND,unite,Estime,augmentation (estimation trimestrielle)
SFBT,Flux de tresorerie,Flux de trésorerie provenant des activités d’investissement,Flux de trésorerie provenant des activités d’investissement,fluxdetresorerieprovenantdesactivitesdinvestissement,2020-03-31,2020,T1,23195948.24,1,TND,unite,Estime,augmentation (estimation trimestrielle)
SFBT,Flux de tresorerie,Flux de trésorerie provenant des activités d’investissement,Flux de trésorerie provenant des activités d’investissement,fluxdetresorerieprovenantdesactivitesdinvestissement,2020-09-30,2020,9M,31682463.306,1,TND,unite,Estime,augmentation (estimation trimestrielle)
SFBT,Flux de tresorerie,Flux de trésorerie provenant des activités d’investissement,Flux de trésorerie provenant des activités d’investissement,fluxdetresorerieprovenantdesactivitesdinvestissement,2021-03-31,2021,T1,27432917.788,1,TND,unite,Estime,augmentation (estimation trimestrielle)
SFBT,Flux de tresorerie,Flux de trésorerie provenant des activités d’investissement,Flux de trésorerie provenant des activités d’investissement,fluxdetresorerieprovenantdesactivitesdinvestissement,2021-09-30,2021,9M,,1,TND,unite,Estime,augmentation (estimation trimestrielle)
SFBT,Flux de tresorerie,Flux de trésorerie provenant des activités d’investissement,Flux de trésorerie provenant des activités d’investissement,fluxdetresorerieprovenantdesactivitesdinvestissement,2022-03-31,2022,T1,18527908.136,1,TND,unite,Estime,augmentation (estimation trimestrielle)
SFBT,Flux de tresorerie,Flux de trésorerie provenant des activités d’investissement,Flux de trésorerie provenant des activités d’investissement,fluxdetresorerieprovenantdesactivitesdinvestissement,2022-09-30,2022,9M,,1,TND,unite,Estime,augmentation (estimation trimestrielle)
SFBT,Flux de tresorerie,Flux de trésorerie provenant des activités d’investissement,Flux de trésorerie provenant des activités d’investissement,fluxdetresorerieprovenantdesactivitesdinvestissement,2023-03-31,2023,T1,26644398.701,1,TND,unite,Estime,augmentation (estimation trimestrielle)
SFBT,Flux de tresorerie,Flux de trésorerie provenant des activités d’investissement,Flux de trésorerie provenant des activités d’investissement,fluxdetresorerieprovenantdesactivitesdinvestissement,2023-09-30,2023,9M,42939145.898,1,TND,unite,Estime,augmentation (estimation trimestrielle)
SFBT,Flux de tresorerie,Flux de trésorerie provenant des activités d’investissement,Flux de trésorerie provenant des activités d’investissement,fluxdetresorerieprovenantdesactivitesdinvestissement,2024-03-31,2024,T1,31086190.358,1,TND,unite,Estime,augmentation (estimation trimestrielle)
SFBT,Flux de tresorerie,Flux de trésorerie provenant des activités d’investissement,Flux de trésorerie provenant des activités d’investissement,fluxdetresorerieprovenantdesactivitesdinvestissement,2024-09-30,2024,9M,51075603.83,1,TND,unite,Estime,augmentation (estimation trimestrielle)
SFBT,Flux de tresorerie,Flux de trésorerie provenant des activités d’investissement,Flux de trésorerie provenant des activités d’investissement,fluxdetresorerieprovenantdesactivitesdinvestissement,2025-03-31,2025,T1,34955911.982,1,TND,unite,Estime,augmentation (estimation trimestrielle)
SFBT,Flux de tresorerie,Flux de trésoreries affectés/provenant de l'exploitation,Flux de trésoreries affectés/provenant de l'exploitation,fluxdetresoreriesaffectesprovenantdelexploitation,2022-03-31,2022,T1,20523694.58,1,TND,unite,Estime,augmentation (estimation trimestrielle)
SFBT,Flux de tresorerie,Flux de trésoreries affectés/provenant de l'exploitation,Flux de trésoreries affectés/provenant de l'exploitation,fluxdetresoreriesaffectesprovenantdelexploitation,2023-03-31,2023,T1,-2066577.234,1,TND,unite,Estime,augmentation (estimation trimestrielle)
SFBT,Flux de tresorerie,Flux de trésoreries provenant de / affectés à l'exploitation,Flux de trésoreries provenant de / affectés à l'exploitation,fluxdetresoreriesprovenantdeaffectesalexploitation,2005-03-31,2005,T1,4324201.601,1,TND,unite,Estime,augmentation (estimation trimestrielle)
SFBT,Flux de tresorerie,Flux de trésoreries provenant de / affectés à l'exploitation,Flux de trésoreries provenant de / affectés à l'exploitation,fluxdetresoreriesprovenantdeaffectesalexploitation,2005-09-30,2005,9M,15630639.902,1,TND,unite,Estime,augmentation (estimation trimestrielle)
SFBT,Flux de tresorerie,Flux de trésoreries provenant de / affectés à l'exploitation,Flux de trésoreries provenant de / affectés à l'exploitation,fluxdetresoreriesprovenantdeaffectesalexploitation,2006-03-31,2006,T1,39052.335,1,TND,unite,Estime,augmentation (estimation trimestrielle)
SFBT,Flux de tresorerie,Flux de trésoreries provenant de / affectés à l'exploitation,Flux de trésoreries provenant de / affectés à l'exploitation,fluxdetresoreriesprovenantdeaffectesalexploitation,2006-09-30,2006,9M,12193545.608,1,TND,unite,Estime,augmentation (estimation trimestrielle)
SFBT,Flux de tresorerie,Flux de trésoreries provenant de / affectés à l'exploitation,Flux de trésoreries provenant de / affectés à l'exploitation,fluxdetresoreriesprovenantdeaffectesalexploitation,2007-03-31,2007,T1,7174566.978,1,TND,unite,Estime,augmentation (estimation trimestrielle)
SFBT,Flux de tresorerie,Flux de trésoreries provenant de / affectés à l'exploitation,Flux de trésoreries provenant de / affectés à l'exploitation,fluxdetresoreriesprovenantdeaffectesalexploitation,2007-09-30,2007,9M,25681270.495,1,TND,unite,Estime,augmentation (estimation trimestrielle)
SFBT,Flux de tresorerie,Flux de trésoreries provenant de / affectés à l'exploitation,Flux de trésoreries provenant de / affectés à l'exploitation,fluxdetresoreriesprovenantdeaffectesalexploitation,2008-03-31,2008,T1,8277692.781,1,TND,unite,Estime,augmentation (estimation trimestrielle)
SFBT,Flux de tresorerie,Flux de trésoreries provenant de / affectés à l'exploitation,Flux de trésoreries provenant de / affectés à l'exploitation,fluxdetresoreriesprovenantdeaffectesalexploitation,2008-09-30,2008,9M,22566560.979,1,TND,unite,Estime,augmentation (estimation trimestrielle)
SFBT,Flux de tresorerie,Flux de trésoreries provenant de / affectés à l'exploitation,Flux de trésoreries provenant de / affectés à l'exploitation,fluxdetresoreriesprovenantdeaffectesalexploitation,2009-03-31,2009,T1,4768701.532,1,TND,unite,Estime,augmentation (estimation trimestrielle)
SFBT,Flux de tresorerie,Flux de trésoreries provenant de / affectés à l'exploitation,Flux de trésoreries provenant de / affectés à l'exploitation,fluxdetresoreriesprovenantdeaffectesalexploitation,2009-09-30,2009,9M,22585545.696,1,TND,unite,Estime,augmentation (estimation trimestrielle)
SFBT,Flux de tresorerie,Flux de trésoreries provenant de / affectés à l'exploitation,Flux de trésoreries provenant de / affectés à l'exploitation,fluxdetresoreriesprovenantdeaffectesalexploitation,2010-03-31,2010,T1,6701905.0,1,TND,unite,Estime,augmentation (estimation trimestrielle)
SFBT,Flux de tresorerie,Flux de trésoreries provenant de / affectés à l'exploitation,Flux de trésoreries provenant de / affectés à l'exploitation,fluxdetresoreriesprovenantdeaffectesalexploitation,2010-09-30,2010,9M,14622953.841,1,TND,unite,Estime,augmentation (estimation trimestrielle)
SFBT,Flux de tresorerie,Flux de trésoreries provenant de / affectés à l'exploitation,Flux de trésoreries provenant de / affectés à l'exploitation,fluxdetresoreriesprovenantdeaffectesalexploitation,2011-03-31,2011,T1,11846589.0,1,TND,unite,Estime,augmentation (estimation trimestrielle)
SFBT,Flux de tresorerie,Flux de trésoreries provenant de / affectés à l'exploitation,Flux de trésoreries provenant de / affectés à l'exploitation,fluxdetresoreriesprovenantdeaffectesalexploitation,2011-09-30,2011,9M,39368656.781,1,TND,unite,Estime,augmentation (estimation trimestrielle)
SFBT,Flux de tresorerie,Flux de trésoreries provenant de / affectés à l'exploitation,Flux de trésoreries provenant de / affectés à l'exploitation,fluxdetresoreriesprovenantdeaffectesalexploitation,2020-03-31,2020,T1,-11259858.501,1,TND,unite,Estime,augmentation (estimation trimestrielle)
SFBT,Flux de tresorerie,Flux de trésoreries provenant de / affectés à l'exploitation,Flux de trésoreries provenant de / affectés à l'exploitation,fluxdetresoreriesprovenantdeaffectesalexploitation,2021-03-31,2021,T1,7802335.502,1,TND,unite,Estime,augmentation (estimation trimestrielle)
SFBT,Flux de tresorerie,Flux de trésoreries provenant de l'exploitation,Flux de trésoreries provenant de l'exploitation,fluxdetresoreriesprovenantdelexploitation,2016-03-31,2016,T1,-14039054.839,1,TND,unite,Estime,augmentation (estimation trimestrielle)
SFBT,Flux de tresorerie,Flux de trésoreries provenant de l'exploitation,Flux de trésoreries provenant de l'exploitation,fluxdetresoreriesprovenantdelexploitation,2016-09-30,2016,9M,37907752.513,1,TND,unite,Estime,augmentation (estimation trimestrielle)
SFBT,Flux de tresorerie,Flux de trésoreries provenant de l'exploitation,Flux de trésoreries provenant de l'exploitation,fluxdetresoreriesprovenantdelexploitation,2017-03-31,2017,T1,-7619045.354,1,TND,unite,Estime,augmentation (estimation trimestrielle)
SFBT,Flux de tresorerie,Flux de trésoreries provenant de l'exploitation,Flux de trésoreries provenant de l'exploitation,fluxdetresoreriesprovenantdelexploitation,2017-09-30,2017,9M,39677139.434,1,TND,unite,Estime,augmentation (estimation trimestrielle)
SFBT,Flux de tresorerie,Flux de trésoreries provenant de l'exploitation,Flux de trésoreries provenant de l'exploitation,fluxdetresoreriesprovenantdelexploitation,2018-03-31,2018,T1,13207846.315,1,TND,unite,Estime,augmentation (estimation trimestrielle)
SFBT,Flux de tresorerie,Flux de trésoreries provenant de l'exploitation,Flux de trésoreries provenant de l'exploitation,fluxdetresoreriesprovenantdelexploitation,2018-09-30,2018,9M,86459672.815,1,TND,unite,Estime,augmentation (estimation trimestrielle)
SFBT,Flux de tresorerie,Flux de trésoreries provenant de l'exploitation,Flux de trésoreries provenant de l'exploitation,fluxdetresoreriesprovenantdelexploitation,2019-03-31,2019,T1,3019094.632,1,TND,unite,Estime,augmentation (estimation trimestrielle)
SFBT,Flux de tresorerie,Flux de trésoreries provenant de l'exploitation,Flux de trésoreries provenant de l'exploitation,fluxdetresoreriesprovenantdelexploitation,2019-09-30,2019,9M,84109426.86,1,TND,unite,Estime,augmentation (estimation trimestrielle)
SFBT,Flux de tresorerie,Incidence des variations des taux de change sur les liquidités et équivalents de liquidités,Incidence des variations des taux de change sur les liquidités et équivalents de liquidités,incidencedesvariationsdestauxdechangesurlesliquiditesetequivalentsdeliquidites,2024-03-31,2024,T1,17971.188,1,TND,unite,Estime,augmentation (estimation trimestrielle)
SFBT,Flux de tresorerie,Incidence des variations des taux de change sur les liquidités et équivalents de liquidités,Incidence des variations des taux de change sur les liquidités et équivalents de liquidités,incidencedesvariationsdestauxdechangesurlesliquiditesetequivalentsdeliquidites,2024-09-30,2024,9M,52197.041,1,TND,unite,Estime,augmentation (estimation trimestrielle)
SFBT,Flux de tresorerie,Incidence des variations des taux de change sur les liquidités et équivalents de liquidités,Incidence des variations des taux de change sur les liquidités et équivalents de liquidités,incidencedesvariationsdestauxdechangesurlesliquiditesetequivalentsdeliquidites,2025-03-31,2025,T1,32239.847,1,TND,unite,Estime,augmentation (estimation trimestrielle)
SFBT,Flux de tresorerie,Remboursement d'autres emprunts,Remboursement d'autres emprunts,remboursementdautresemprunts,2011-03-31,2011,T1,2875000.0,1,TND,unite,Estime,augmentation (estimation trimestrielle)
SFBT,Flux de tresorerie,Remboursement d'autres emprunts,Remboursement d'autres emprunts,remboursementdautresemprunts,2011-09-30,2011,9M,0.0,1,TND,unite,Estime,augmentation (estimation trimestrielle)
SFBT,Flux de tresorerie,Remboursement d'emprunts auprés des sociétés du groupe,Remboursement d'emprunts auprés des sociétés du groupe,remboursementdempruntsaupresdessocietesdugroupe,2005-03-31,2005,T1,-1192224.686,1,TND,unite,Estime,augmentation (estimation trimestrielle)
SFBT,Flux de tresorerie,Remboursement d'emprunts auprés des sociétés du groupe,Remboursement d'emprunts auprés des sociétés du groupe,remboursementdempruntsaupresdessocietesdugroupe,2005-09-30,2005,9M,-4349293.372,1,TND,unite,Estime,augmentation (estimation trimestrielle)
SFBT,Flux de tresorerie,Remboursement d'emprunts auprés des sociétés du groupe,Remboursement d'emprunts auprés des sociétés du groupe,remboursementdempruntsaupresdessocietesdugroupe,2006-03-31,2006,T1,-48600.0,1,TND,unite,Estime,augmentation (estimation trimestrielle)
SFBT,Flux de tresorerie,Remboursement d'emprunts auprés des sociétés du groupe,Remboursement d'emprunts auprés des sociétés du groupe,remboursementdempruntsaupresdessocietesdugroupe,2006-09-30,2006,9M,-2110644.0,1,TND,unite,Estime,augmentation (estimation trimestrielle)
SFBT,Flux de tresorerie,Remboursement d'emprunts bancaires,Remboursement d'emprunts bancaires,remboursementdempruntsbancaires,2005-03-31,2005,T1,-224583.0,1,TND,unite,Estime,augmentation (estimation trimestrielle)
SFBT,Flux de tresorerie,Remboursement d'emprunts bancaires,Remboursement d'emprunts bancaires,remboursementdempruntsbancaires,2005-09-30,2005,9M,-747503.0,1,TND,unite,Estime,augmentation (estimation trimestrielle)
SFBT,Flux de tresorerie,Remboursement d'emprunts pour financement des stocks,Remboursement d'emprunts pour financement des stocks,remboursementdempruntspourfinancementdesstocks,2005-03-31,2005,T1,-2500000.0,1,TND,unite,Estime,augmentation (estimation trimestrielle)
SFBT,Flux de tresorerie,Remboursement d'emprunts pour financement des stocks,Remboursement d'emprunts pour financement des stocks,remboursementdempruntspourfinancementdesstocks,2005-09-30,2005,9M,-7000000.0,1,TND,unite,Estime,augmentation (estimation trimestrielle)
SFBT,Flux de tresorerie,Remboursement d'emprunts pour financement des stocks,Remboursement d'emprunts pour financement des stocks,remboursementdempruntspourfinancementdesstocks,2009-03-31,2009,T1,-1500000.0,1,TND,unite,Estime,augmentation (estimation trimestrielle)
SFBT,Flux de tresorerie,Remboursement d'emprunts pour financement des stocks,Remboursement d'emprunts pour financement des stocks,remboursementdempruntspourfinancementdesstocks,2009-09-30,2009,9M,-7750000.0,1,TND,unite,Estime,augmentation (estimation trimestrielle)
SFBT,Flux de tresorerie,Remboursement d'emprunts pour financement des stocks,Remboursement d'emprunts pour financement des stocks,remboursementdempruntspourfinancementdesstocks,2011-03-31,2011,T1,2500000.0,1,TND,unite,Estime,augmentation (estimation trimestrielle)
SFBT,Flux de tresorerie,Remboursement d'emprunts pour financement des stocks,Remboursement d'emprunts pour financement des stocks,remboursementdempruntspourfinancementdesstocks,2011-09-30,2011,9M,0.0,1,TND,unite,Estime,augmentation (estimation trimestrielle)
SFBT,Flux de tresorerie,Remboursement d'emprunts pour financement des stocks,Remboursement d'emprunts pour financement des stocks,remboursementdempruntspourfinancementdesstocks,2018-03-31,2018,T1,-5000000.0,1,TND,unite,Estime,augmentation (estimation trimestrielle)
SFBT,Flux de tresorerie,Remboursement d'emprunts pour financement des stocks,Remboursement d'emprunts pour financement des stocks,remboursementdempruntspourfinancementdesstocks,2020-03-31,2020,T1,-10000000.0,1,TND,unite,Estime,augmentation (estimation trimestrielle)
SFBT,Flux de tresorerie,Remboursement d'emprunts pour financement des stocks,Remboursement d'emprunts pour financement des stocks,remboursementdempruntspourfinancementdesstocks,2021-03-31,2021,T1,-3500000.0,1,TND,unite,Estime,augmentation (estimation trimestrielle)
SFBT,Flux de tresorerie,Remboursement d'emprunts pour financement des stocks,Remboursement d'emprunts pour financement des stocks,remboursementdempruntspourfinancementdesstocks,2021-09-30,2021,9M,,1,TND,unite,Estime,augmentation (estimation trimestrielle)
SFBT,Flux de tresorerie,Transfert des Charges,Transfert des Charges,transfertdescharges,2005-03-31,2005,T1,-37686.784,1,TND,unite,Estime,augmentation (estimation trimestrielle)
SFBT,Flux de tresorerie,Transfert des Charges,Transfert des Charges,transfertdescharges,2005-09-30,2005,9M,-52497.885,1,TND,unite,Estime,augmentation (estimation trimestrielle)
SFBT,Flux de tresorerie,Trésorerie au début de l'exercice,Trésorerie au début de l'exercice,tresorerieaudebutdelexercice,2005-09-30,2005,9M,778462.199,1,TND,unite,Estime,augmentation (estimation trimestrielle)
SFBT,Flux de tresorerie,Trésorerie au début de l'exercice,Trésorerie au début de l'exercice,tresorerieaudebutdelexercice,2006-03-31,2006,T1,1409301.121,1,TND,unite,Estime,augmentation (estimation trimestrielle)
SFBT,Flux de tresorerie,Trésorerie au début de l'exercice,Trésorerie au début de l'exercice,tresorerieaudebutdelexercice,2006-09-30,2006,9M,-398506.666,1,TND,unite,Estime,augmentation (estimation trimestrielle)
SFBT,Flux de tresorerie,Trésorerie au début de l'exercice,Trésorerie au début de l'exercice,tresorerieaudebutdelexercice,2007-03-31,2007,T1,-2472783.986,1,TND,unite,Estime,augmentation (estimation trimestrielle)
SFBT,Flux de tresorerie,Trésorerie au début de l'exercice,Trésorerie au début de l'exercice,tresorerieaudebutdelexercice,2007-09-30,2007,9M,-4570108.832,1,TND,unite,Estime,augmentation (estimation trimestrielle)
SFBT,Flux de tresorerie,Trésorerie au début de l'exercice,Trésorerie au début de l'exercice,tresorerieaudebutdelexercice,2008-03-31,2008,T1,-1679977.723,1,TND,unite,Estime,augmentation (estimation trimestrielle)
SFBT,Flux de tresorerie,Trésorerie au début de l'exercice,Trésorerie au début de l'exercice,tresorerieaudebutdelexercice,2011-09-30,2011,9M,1979367.015,1,TND,unite,Estime,augmentation (estimation trimestrielle)
SFBT,Flux de tresorerie,Trésorerie au début de l'exercice,Trésorerie au début de l'exercice,tresorerieaudebutdelexercice,2012-03-31,2012,T1,3731810.515,1,TND,unite,Estime,augmentation (estimation trimestrielle)
SFBT,Flux de tresorerie,Trésorerie au début de l'exercice,Trésorerie au début de l'exercice,tresorerieaudebutdelexercice,2012-09-30,2012,9M,3384727.305,1,TND,unite,Estime,augmentation (estimation trimestrielle)
SFBT,Flux de tresorerie,Trésorerie au début de l'exercice,Trésorerie au début de l'exercice,tresorerieaudebutdelexercice,2013-03-31,2013,T1,3373127.709,1,TND,unite,Estime,augmentation (estimation trimestrielle)
SFBT,Flux de tresorerie,Trésorerie au début de l'exercice,Trésorerie au début de l'exercice,tresorerieaudebutdelexercice,2013-09-30,2013,9M,5484253.97,1,TND,unite,Estime,augmentation (estimation trimestrielle)
SFBT,Flux de tresorerie,Trésorerie au début de l'exercice,Trésorerie au début de l'exercice,tresorerieaudebutdelexercice,2014-03-31,2014,T1,6884377.535,1,TND,unite,Estime,augmentation (estimation trimestrielle)
SFBT,Flux de tresorerie,Trésorerie au début de l'exercice,Trésorerie au début de l'exercice,tresorerieaudebutdelexercice,2014-09-30,2014,9M,8300058.057,1,TND,unite,Estime,augmentation (estimation trimestrielle)
SFBT,Flux de tresorerie,Trésorerie au début de l'exercice,Trésorerie au début de l'exercice,tresorerieaudebutdelexercice,2015-03-31,2015,T1,20791938.656,1,TND,unite,Estime,augmentation (estimation trimestrielle)
SFBT,Flux de tresorerie,Trésorerie au début de l'exercice,Trésorerie au début de l'exercice,tresorerieaudebutdelexercice,2015-09-30,2015,9M,33422617.929,1,TND,unite,Estime,augmentation (estimation trimestrielle)
SFBT,Flux de tresorerie,Trésorerie au début de l'exercice,Trésorerie au début de l'exercice,tresorerieaudebutdelexercice,2016-03-31,2016,T1,47870343.134,1,TND,unite,Estime,augmentation (estimation trimestrielle)
SFBT,Flux de tresorerie,Trésorerie au début de l'exercice,Trésorerie au début de l'exercice,tresorerieaudebutdelexercice,2016-09-30,2016,9M,62318068.338,1,TND,unite,Estime,augmentation (estimation trimestrielle)
SFBT,Flux de tresorerie,Trésorerie au début de l'exercice,Trésorerie au début de l'exercice,tresorerieaudebutdelexercice,2017-03-31,2017,T1,75835466.601,1,TND,unite,Estime,augmentation (estimation trimestrielle)
SFBT,Flux de tresorerie,Trésorerie au début de l'exercice,Trésorerie au début de l'exercice,tresorerieaudebutdelexercice,2017-09-30,2017,9M,89503058.179,1,TND,unite,Estime,augmentation (estimation trimestrielle)
SFBT,Flux de tresorerie,Trésorerie au début de l'exercice,Trésorerie au début de l'exercice,tresorerieaudebutdelexercice,2018-03-31,2018,T1,99592249.89,1,TND,unite,Estime,augmentation (estimation trimestrielle)
SFBT,Flux de tresorerie,Trésorerie au début de l'exercice,Trésorerie au début de l'exercice,tresorerieaudebutdelexercice,2018-09-30,2018,9M,109793543.732,1,TND,unite,Estime,augmentation (estimation trimestrielle)
SFBT,Flux de tresorerie,Trésorerie au début de l'exercice,Trésorerie au début de l'exercice,tresorerieaudebutdelexercice,2019-03-31,2019,T1,117363483.598,1,TND,unite,Estime,augmentation (estimation trimestrielle)
SFBT,Flux de tresorerie,Trésorerie au début de l'exercice,Trésorerie au début de l'exercice,tresorerieaudebutdelexercice,2019-09-30,2019,9M,125017533.406,1,TND,unite,Estime,augmentation (estimation trimestrielle)
SFBT,Flux de tresorerie,Trésorerie au début de l'exercice,Trésorerie au début de l'exercice,tresorerieaudebutdelexercice,2020-03-31,2020,T1,153024815.986,1,TND,unite,Estime,augmentation (estimation trimestrielle)
SFBT,Flux de tresorerie,Trésorerie au début de l'exercice,Trésorerie au début de l'exercice,tresorerieaudebutdelexercice,2020-09-30,2020,9M,181032099.065,1,TND,unite,Estime,augmentation (estimation trimestrielle)
SFBT,Flux de tresorerie,Trésorerie au début de l'exercice,Trésorerie au début de l'exercice,tresorerieaudebutdelexercice,2021-03-31,2021,T1,205610883.869,1,TND,unite,Estime,augmentation (estimation trimestrielle)
SFBT,Flux de tresorerie,Trésorerie au début de l'exercice,Trésorerie au début de l'exercice,tresorerieaudebutdelexercice,2021-09-30,2021,9M,,1,TND,unite,Estime,augmentation (estimation trimestrielle)
SFBT,Flux de tresorerie,Trésorerie au début de l'exercice,Trésorerie au début de l'exercice,tresorerieaudebutdelexercice,2022-03-31,2022,T1,,1,TND,unite,Estime,augmentation (estimation trimestrielle)
SFBT,Flux de tresorerie,Trésorerie au début de l'exercice,Trésorerie au début de l'exercice,tresorerieaudebutdelexercice,2022-09-30,2022,9M,,1,TND,unite,Estime,augmentation (estimation trimestrielle)
SFBT,Flux de tresorerie,Trésorerie au début de l'exercice,Trésorerie au début de l'exercice,tresorerieaudebutdelexercice,2023-03-31,2023,T1,,1,TND,unite,Estime,augmentation (estimation trimestrielle)
SFBT,Flux de tresorerie,Trésorerie au début de l'exercice,Trésorerie au début de l'exercice,tresorerieaudebutdelexercice,2023-09-30,2023,9M,324575477.71,1,TND,unite,Estime,augmentation (estimation trimestrielle)
SFBT,Flux de tresorerie,Trésorerie au début de l'exercice,Trésorerie au début de l'exercice,tresorerieaudebutdelexercice,2024-03-31,2024,T1,325311282.19,1,TND,unite,Estime,augmentation (estimation trimestrielle)
SFBT,Flux de tresorerie,Trésorerie au début de l'exercice,Trésorerie au début de l'exercice,tresorerieaudebutdelexercice,2024-09-30,2024,9M,326047086.67,1,TND,unite,Estime,augmentation (estimation trimestrielle)
SFBT,Flux de tresorerie,Trésorerie au début de l'exercice,Trésorerie au début de l'exercice,tresorerieaudebutdelexercice,2025-03-31,2025,T1,366545387.439,1,TND,unite,Estime,augmentation (estimation trimestrielle)
SFBT,Flux de tresorerie,Trésorerie à la clôture de l'exercice,Trésorerie à la clôture de l'exercice,tresoreriealacloturedelexercice,2005-09-30,2005,9M,-4096700.678,1,TND,unite,Estime,augmentation (estimation trimestrielle)
SFBT,Flux de tresorerie,Trésorerie à la clôture de l'exercice,Trésorerie à la clôture de l'exercice,tresoreriealacloturedelexercice,2008-03-31,2008,T1,5512300.976,1,TND,unite,Estime,augmentation (estimation trimestrielle)
SFBT,Flux de tresorerie,Trésorerie à la clôture de l'exercice,Trésorerie à la clôture de l'exercice,tresoreriealacloturedelexercice,2008-09-30,2008,9M,4252000.014,1,TND,unite,Estime,augmentation (estimation trimestrielle)
SFBT,Flux de tresorerie,Trésorerie à la clôture de l'exercice,Trésorerie à la clôture de l'exercice,tresoreriealacloturedelexercice,2009-03-31,2009,T1,-1627440.544,1,TND,unite,Estime,augmentation (estimation trimestrielle)
SFBT,Flux de tresorerie,Trésorerie à la clôture de l'exercice,Trésorerie à la clôture de l'exercice,tresoreriealacloturedelexercice,2009-09-30,2009,9M,8632803.487,1,TND,unite,Estime,augmentation (estimation trimestrielle)
SFBT,Flux de tresorerie,Trésorerie à la clôture de l'exercice,Trésorerie à la clôture de l'exercice,tresoreriealacloturedelexercice,2010-03-31,2010,T1,13090923.983,1,TND,unite,Estime,augmentation (estimation trimestrielle)
SFBT,Flux de tresorerie,Trésorerie à la clôture de l'exercice,Trésorerie à la clôture de l'exercice,tresoreriealacloturedelexercice,2010-09-30,2010,9M,4439812.015,1,TND,unite,Estime,augmentation (estimation trimestrielle)
SFBT,Flux de tresorerie,Trésorerie à la clôture de l'exercice,Trésorerie à la clôture de l'exercice,tresoreriealacloturedelexercice,2011-03-31,2011,T1,-208572.267,1,TND,unite,Estime,augmentation (estimation trimestrielle)
SFBT,Flux de tresorerie,Trésorerie à la clôture de l'exercice,Trésorerie à la clôture de l'exercice,tresoreriealacloturedelexercice,2011-09-30,2011,9M,-567810.695,1,TND,unite,Estime,augmentation (estimation trimestrielle)
SFBT,Flux de tresorerie,Trésorerie à la clôture de l'exercice,Trésorerie à la clôture de l'exercice,tresoreriealacloturedelexercice,2012-03-31,2012,T1,6030958.305,1,TND,unite,Estime,augmentation (estimation trimestrielle)
SFBT,Flux de tresorerie,Trésorerie à la clôture de l'exercice,Trésorerie à la clôture de l'exercice,tresoreriealacloturedelexercice,2012-09-30,2012,9M,8130484.97,1,TND,unite,Estime,augmentation (estimation trimestrielle)
SFBT,Flux de tresorerie,Trésorerie à la clôture de l'exercice,Trésorerie à la clôture de l'exercice,tresoreriealacloturedelexercice,2013-03-31,2013,T1,-1825633.543,1,TND,unite,Estime,augmentation (estimation trimestrielle)
SFBT,Flux de tresorerie,Trésorerie à la clôture de l'exercice,Trésorerie à la clôture de l'exercice,tresoreriealacloturedelexercice,2013-09-30,2013,9M,-458341.971,1,TND,unite,Estime,augmentation (estimation trimestrielle)
SFBT,Flux de tresorerie,Trésorerie à la clôture de l'exercice,Trésorerie à la clôture de l'exercice,tresoreriealacloturedelexercice,2014-03-31,2014,T1,-1137974.709,1,TND,unite,Estime,augmentation (estimation trimestrielle)
SFBT,Flux de tresorerie,Trésorerie à la clôture de l'exercice,Trésorerie à la clôture de l'exercice,tresoreriealacloturedelexercice,2014-09-30,2014,9M,11370871.712,1,TND,unite,Estime,augmentation (estimation trimestrielle)
SFBT,Flux de tresorerie,Trésorerie à la clôture de l'exercice,Trésorerie à la clôture de l'exercice,tresoreriealacloturedelexercice,2015-03-31,2015,T1,13648059.159,1,TND,unite,Estime,augmentation (estimation trimestrielle)
SFBT,Flux de tresorerie,Trésorerie à la clôture de l'exercice,Trésorerie à la clôture de l'exercice,tresoreriealacloturedelexercice,2015-09-30,2015,9M,27985925.704,1,TND,unite,Estime,augmentation (estimation trimestrielle)
SFBT,Flux de tresorerie,Trésorerie à la clôture de l'exercice,Trésorerie à la clôture de l'exercice,tresoreriealacloturedelexercice,2016-03-31,2016,T1,32143007.595,1,TND,unite,Estime,augmentation (estimation trimestrielle)
SFBT,Flux de tresorerie,Trésorerie à la clôture de l'exercice,Trésorerie à la clôture de l'exercice,tresoreriealacloturedelexercice,2016-09-30,2016,9M,45735502.515,1,TND,unite,Estime,augmentation (estimation trimestrielle)
SFBT,Flux de tresorerie,Trésorerie à la clôture de l'exercice,Trésorerie à la clôture de l'exercice,tresoreriealacloturedelexercice,2017-03-31,2017,T1,64277786.665,1,TND,unite,Estime,augmentation (estimation trimestrielle)
SFBT,Flux de tresorerie,Trésorerie à la clôture de l'exercice,Trésorerie à la clôture de l'exercice,tresoreriealacloturedelexercice,2017-09-30,2017,9M,74282889.044,1,TND,unite,Estime,augmentation (estimation trimestrielle)
SFBT,Flux de tresorerie,Trésorerie à la clôture de l'exercice,Trésorerie à la clôture de l'exercice,tresoreriealacloturedelexercice,2018-03-31,2018,T1,86768838.465,1,TND,unite,Estime,augmentation (estimation trimestrielle)
SFBT,Flux de tresorerie,Trésorerie à la clôture de l'exercice,Trésorerie à la clôture de l'exercice,tresoreriealacloturedelexercice,2018-09-30,2018,9M,94252918.023,1,TND,unite,Estime,augmentation (estimation trimestrielle)
SFBT,Flux de tresorerie,Trésorerie à la clôture de l'exercice,Trésorerie à la clôture de l'exercice,tresoreriealacloturedelexercice,2019-03-31,2019,T1,101837782.323,1,TND,unite,Estime,augmentation (estimation trimestrielle)
SFBT,Flux de tresorerie,Trésorerie à la clôture de l'exercice,Trésorerie à la clôture de l'exercice,tresoreriealacloturedelexercice,2019-09-30,2019,9M,129716289.01,1,TND,unite,Estime,augmentation (estimation trimestrielle)
SFBT,Flux de tresorerie,Trésorerie à la clôture de l'exercice,Trésorerie à la clôture de l'exercice,tresoreriealacloturedelexercice,2020-03-31,2020,T1,182967479.979,1,TND,unite,Estime,augmentation (estimation trimestrielle)
SFBT,Flux de tresorerie,Trésorerie à la clôture de l'exercice,Trésorerie à la clôture de l'exercice,tresoreriealacloturedelexercice,2020-09-30,2020,9M,207682813.588,1,TND,unite,Estime,augmentation (estimation trimestrielle)
SFBT,Flux de tresorerie,Trésorerie à la clôture de l'exercice,Trésorerie à la clôture de l'exercice,tresoreriealacloturedelexercice,2021-03-31,2021,T1,182719464.272,1,TND,unite,Estime,augmentation (estimation trimestrielle)
SFBT,Flux de tresorerie,Trésorerie à la clôture de l'exercice,Trésorerie à la clôture de l'exercice,tresoreriealacloturedelexercice,2021-09-30,2021,9M,,1,TND,unite,Estime,augmentation (estimation trimestrielle)
SFBT,Flux de tresorerie,Trésorerie à la clôture de l'exercice,Trésorerie à la clôture de l'exercice,tresoreriealacloturedelexercice,2022-03-31,2022,T1,,1,TND,unite,Estime,augmentation (estimation trimestrielle)
SFBT,Flux de tresorerie,Trésorerie à la clôture de l'exercice,Trésorerie à la clôture de l'exercice,tresoreriealacloturedelexercice,2022-09-30,2022,9M,,1,TND,unite,Estime,augmentation (estimation trimestrielle)
SFBT,Flux de tresorerie,Trésorerie à la clôture de l'exercice,Trésorerie à la clôture de l'exercice,tresoreriealacloturedelexercice,2023-03-31,2023,T1,,1,TND,unite,Estime,augmentation (estimation trimestrielle)
SFBT,Flux de tresorerie,Trésorerie à la clôture de l'exercice,Trésorerie à la clôture de l'exercice,tresoreriealacloturedelexercice,2023-09-30,2023,9M,258490365.113,1,TND,unite,Estime,augmentation (estimation trimestrielle)
SFBT,Flux de tresorerie,Trésorerie à la clôture de l'exercice,Trésorerie à la clôture de l'exercice,tresoreriealacloturedelexercice,2024-03-31,2024,T1,275924011.313,1,TND,unite,Estime,augmentation (estimation trimestrielle)
SFBT,Flux de tresorerie,Trésorerie à la clôture de l'exercice,Trésorerie à la clôture de l'exercice,tresoreriealacloturedelexercice,2024-09-30,2024,9M,316647302.642,1,TND,unite,Estime,augmentation (estimation trimestrielle)
SFBT,Flux de tresorerie,Trésorerie à la clôture de l'exercice,Trésorerie à la clôture de l'exercice,tresoreriealacloturedelexercice,2025-03-31,2025,T1,333282892.094,1,TND,unite,Estime,augmentation (estimation trimestrielle)
SFBT,Flux de tresorerie,Variation de trésorerie,Variation de trésorerie,variationdetresorerie,2005-03-31,2005,T1,-3077288.099,1,TND,unite,Estime,augmentation (estimation trimestrielle)
SFBT,Flux de tresorerie,Variation de trésorerie,Variation de trésorerie,variationdetresorerie,2005-09-30,2005,9M,-4875162.877,1,TND,unite,Estime,augmentation (estimation trimestrielle)
SFBT,Flux de tresorerie,Variation de trésorerie,Variation de trésorerie,variationdetresorerie,2006-03-31,2006,T1,-8221035.791,1,TND,unite,Estime,augmentation (estimation trimestrielle)
SFBT,Flux de tresorerie,Variation de trésorerie,Variation de trésorerie,variationdetresorerie,2006-09-30,2006,9M,-10306836.874,1,TND,unite,Estime,augmentation (estimation trimestrielle)
SFBT,Flux de tresorerie,Variation de trésorerie,Variation de trésorerie,variationdetresorerie,2007-03-31,2007,T1,3747867.527,1,TND,unite,Estime,augmentation (estimation trimestrielle)
SFBT,Flux de tresorerie,Variation de trésorerie,Variation de trésorerie,variationdetresorerie,2007-09-30,2007,9M,6637998.636,1,TND,unite,Estime,augmentation (estimation trimestrielle)
SFBT,Flux de tresorerie,Variation de trésorerie,Variation de trésorerie,variationdetresorerie,2008-03-31,2008,T1,4302147.589,1,TND,unite,Estime,augmentation (estimation trimestrielle)
SFBT,Flux de tresorerie,Variation de trésorerie,Variation de trésorerie,variationdetresorerie,2008-09-30,2008,9M,3041846.627,1,TND,unite,Estime,augmentation (estimation trimestrielle)
SFBT,Flux de tresorerie,Variation de trésorerie,Variation de trésorerie,variationdetresorerie,2009-03-31,2009,T1,-318753.073,1,TND,unite,Estime,augmentation (estimation trimestrielle)
SFBT,Flux de tresorerie,Variation de trésorerie,Variation de trésorerie,variationdetresorerie,2009-09-30,2009,9M,9943252.024,1,TND,unite,Estime,augmentation (estimation trimestrielle)
SFBT,Flux de tresorerie,Variation de trésorerie,Variation de trésorerie,variationdetresorerie,2010-03-31,2010,T1,-6156652.5,1,TND,unite,Estime,augmentation (estimation trimestrielle)
SFBT,Flux de tresorerie,Variation de trésorerie,Variation de trésorerie,variationdetresorerie,2011-03-31,2011,T1,-2200094.5,1,TND,unite,Estime,augmentation (estimation trimestrielle)
SFBT,Flux de tresorerie,Variation de trésorerie,Variation de trésorerie,variationdetresorerie,2011-09-30,2011,9M,-2547177.711,1,TND,unite,Estime,augmentation (estimation trimestrielle)
SFBT,Flux de tresorerie,Variation de trésorerie,Variation de trésorerie,variationdetresorerie,2012-03-31,2012,T1,2646231.0,1,TND,unite,Estime,augmentation (estimation trimestrielle)
SFBT,Flux de tresorerie,Variation de trésorerie,Variation de trésorerie,variationdetresorerie,2012-09-30,2012,9M,4745757.666,1,TND,unite,Estime,augmentation (estimation trimestrielle)
SFBT,Flux de tresorerie,Variation de trésorerie,Variation de trésorerie,variationdetresorerie,2013-03-31,2013,T1,-7350498.0,1,TND,unite,Estime,augmentation (estimation trimestrielle)
SFBT,Flux de tresorerie,Variation de trésorerie,Variation de trésorerie,variationdetresorerie,2013-09-30,2013,9M,-5942595.942,1,TND,unite,Estime,augmentation (estimation trimestrielle)
SFBT,Flux de tresorerie,Variation de trésorerie,Variation de trésorerie,variationdetresorerie,2014-03-31,2014,T1,-9490466.282,1,TND,unite,Estime,augmentation (estimation trimestrielle)
SFBT,Flux de tresorerie,Variation de trésorerie,Variation de trésorerie,variationdetresorerie,2014-09-30,2014,9M,3070813.655,1,TND,unite,Estime,augmentation (estimation trimestrielle)
SFBT,Flux de tresorerie,Variation de trésorerie,Variation de trésorerie,variationdetresorerie,2015-03-31,2015,T1,-19884417.429,1,TND,unite,Estime,augmentation (estimation trimestrielle)
SFBT,Flux de tresorerie,Variation de trésorerie,Variation de trésorerie,variationdetresorerie,2015-09-30,2015,9M,-5436692.225,1,TND,unite,Estime,augmentation (estimation trimestrielle)
SFBT,Flux de tresorerie,Variation de trésorerie,Variation de trésorerie,variationdetresorerie,2016-03-31,2016,T1,-30175060.744,1,TND,unite,Estime,augmentation (estimation trimestrielle)
SFBT,Flux de tresorerie,Variation de trésorerie,Variation de trésorerie,variationdetresorerie,2016-09-30,2016,9M,-16582565.823,1,TND,unite,Estime,augmentation (estimation trimestrielle)
SFBT,Flux de tresorerie,Variation de trésorerie,Variation de trésorerie,variationdetresorerie,2017-03-31,2017,T1,-25365411.911,1,TND,unite,Estime,augmentation (estimation trimestrielle)
SFBT,Flux de tresorerie,Variation de trésorerie,Variation de trésorerie,variationdetresorerie,2017-09-30,2017,9M,-15220169.135,1,TND,unite,Estime,augmentation (estimation trimestrielle)
SFBT,Flux de tresorerie,Variation de trésorerie,Variation de trésorerie,variationdetresorerie,2018-03-31,2018,T1,-23152620.297,1,TND,unite,Estime,augmentation (estimation trimestrielle)
SFBT,Flux de tresorerie,Variation de trésorerie,Variation de trésorerie,variationdetresorerie,2018-09-30,2018,9M,-15540625.709,1,TND,unite,Estime,augmentation (estimation trimestrielle)
SFBT,Flux de tresorerie,Variation de trésorerie,Variation de trésorerie,variationdetresorerie,2019-03-31,2019,T1,-23308527.475,1,TND,unite,Estime,augmentation (estimation trimestrielle)
SFBT,Flux de tresorerie,Variation de trésorerie,Variation de trésorerie,variationdetresorerie,2019-09-30,2019,9M,4698755.604,1,TND,unite,Estime,augmentation (estimation trimestrielle)
SFBT,Flux de tresorerie,Variation de trésorerie,Variation de trésorerie,variationdetresorerie,2020-03-31,2020,T1,1935380.914,1,TND,unite,Estime,augmentation (estimation trimestrielle)
SFBT,Flux de tresorerie,Variation de trésorerie,Variation de trésorerie,variationdetresorerie,2020-09-30,2020,9M,26650714.523,1,TND,unite,Estime,augmentation (estimation trimestrielle)
SFBT,Flux de tresorerie,Variation de trésorerie,Variation de trésorerie,variationdetresorerie,2021-03-31,2021,T1,-48008542.577,1,TND,unite,Estime,augmentation (estimation trimestrielle)
SFBT,Flux de tresorerie,Variation de trésorerie,Variation de trésorerie,variationdetresorerie,2021-09-30,2021,9M,,1,TND,unite,Estime,augmentation (estimation trimestrielle)
SFBT,Flux de tresorerie,Variation de trésorerie,Variation de trésorerie,variationdetresorerie,2022-03-31,2022,T1,-49869580.69,1,TND,unite,Estime,augmentation (estimation trimestrielle)
SFBT,Flux de tresorerie,Variation de trésorerie,Variation de trésorerie,variationdetresorerie,2022-09-30,2022,9M,,1,TND,unite,Estime,augmentation (estimation trimestrielle)
SFBT,Flux de tresorerie,Variation de trésorerie,Variation de trésorerie,variationdetresorerie,2023-03-31,2023,T1,-66820917.076,1,TND,unite,Estime,augmentation (estimation trimestrielle)
SFBT,Flux de tresorerie,Variation de trésorerie,Variation de trésorerie,variationdetresorerie,2023-09-30,2023,9M,-66085112.596,1,TND,unite,Estime,augmentation (estimation trimestrielle)
SFBT,Flux de tresorerie,Variation de trésorerie,Variation de trésorerie,variationdetresorerie,2024-03-31,2024,T1,-50123075.356,1,TND,unite,Estime,augmentation (estimation trimestrielle)
SFBT,Flux de tresorerie,Variation de trésorerie,Variation de trésorerie,variationdetresorerie,2024-09-30,2024,9M,-9399784.028,1,TND,unite,Estime,augmentation (estimation trimestrielle)
SFBT,Flux de tresorerie,Variation de trésorerie,Variation de trésorerie,variationdetresorerie,2025-03-31,2025,T1,-74623059.329,1,TND,unite,Estime,augmentation (estimation trimestrielle)
SFBT,Flux de tresorerie,Variation des Autres actifs,Variation des Autres actifs,variationdesautresactifs,2005-03-31,2005,T1,-457780.353,1,TND,unite,Estime,augmentation (estimation trimestrielle)
SFBT,Flux de tresorerie,Variation des Autres actifs,Variation des Autres actifs,variationdesautresactifs,2005-09-30,2005,9M,-215822.051,1,TND,unite,Estime,augmentation (estimation trimestrielle)
SFBT,Flux de tresorerie,Variation des Autres actifs,Variation des Autres actifs,variationdesautresactifs,2006-03-31,2006,T1,-76752.565,1,TND,unite,Estime,augmentation (estimation trimestrielle)
SFBT,Flux de tresorerie,Variation des Autres actifs,Variation des Autres actifs,variationdesautresactifs,2006-09-30,2006,9M,-1143630.678,1,TND,unite,Estime,augmentation (estimation trimestrielle)
SFBT,Flux de tresorerie,Variation des Autres actifs,Variation des Autres actifs,variationdesautresactifs,2007-03-31,2007,T1,-4178031.636,1,TND,unite,Estime,augmentation (estimation trimestrielle)
SFBT,Flux de tresorerie,Variation des Autres actifs,Variation des Autres actifs,variationdesautresactifs,2007-09-30,2007,9M,-5487545.479,1,TND,unite,Estime,augmentation (estimation trimestrielle)
SFBT,Flux de tresorerie,Variation des Autres actifs,Variation des Autres actifs,variationdesautresactifs,2010-03-31,2010,T1,3804492.0,1,TND,unite,Estime,augmentation (estimation trimestrielle)
SFBT,Flux de tresorerie,Variation des Autres actifs,Variation des Autres actifs,variationdesautresactifs,2010-09-30,2010,9M,3374497.504,1,TND,unite,Estime,augmentation (estimation trimestrielle)
SFBT,Flux de tresorerie,Variation des Autres actifs,Variation des Autres actifs,variationdesautresactifs,2011-03-31,2011,T1,3692502.0,1,TND,unite,Estime,augmentation (estimation trimestrielle)
SFBT,Flux de tresorerie,Variation des Autres actifs,Variation des Autres actifs,variationdesautresactifs,2011-09-30,2011,9M,3868130.734,1,TND,unite,Estime,augmentation (estimation trimestrielle)
SFBT,Flux de tresorerie,Variation des Autres actifs,Variation des Autres actifs,variationdesautresactifs,2012-03-31,2012,T1,-2203982.5,1,TND,unite,Estime,augmentation (estimation trimestrielle)
SFBT,Flux de tresorerie,Variation des Autres actifs,Variation des Autres actifs,variationdesautresactifs,2012-09-30,2012,9M,-3354945.907,1,TND,unite,Estime,augmentation (estimation trimestrielle)
SFBT,Flux de tresorerie,Variation des Autres actifs,Variation des Autres actifs,variationdesautresactifs,2013-03-31,2013,T1,-3652973.5,1,TND,unite,Estime,augmentation (estimation trimestrielle)
SFBT,Flux de tresorerie,Variation des Autres actifs,Variation des Autres actifs,variationdesautresactifs,2013-09-30,2013,9M,-2279821.499,1,TND,unite,Estime,augmentation (estimation trimestrielle)
SFBT,Flux de tresorerie,Variation des Autres actifs,Variation des Autres actifs,variationdesautresactifs,2014-03-31,2014,T1,-4989006.257,1,TND,unite,Estime,augmentation (estimation trimestrielle)
SFBT,Flux de tresorerie,Variation des Autres actifs,Variation des Autres actifs,variationdesautresactifs,2014-09-30,2014,9M,-5045478.105,1,TND,unite,Estime,augmentation (estimation trimestrielle)
SFBT,Flux de tresorerie,Variation des Autres actifs,Variation des Autres actifs,variationdesautresactifs,2015-03-31,2015,T1,-7918132.053,1,TND,unite,Estime,augmentation (estimation trimestrielle)
SFBT,Flux de tresorerie,Variation des Autres actifs,Variation des Autres actifs,variationdesautresactifs,2015-09-30,2015,9M,-8866516.716,1,TND,unite,Estime,augmentation (estimation trimestrielle)
SFBT,Flux de tresorerie,Variation des Autres actifs,Variation des Autres actifs,variationdesautresactifs,2016-03-31,2016,T1,-2602336.115,1,TND,unite,Estime,augmentation (estimation trimestrielle)
SFBT,Flux de tresorerie,Variation des Autres actifs,Variation des Autres actifs,variationdesautresactifs,2016-09-30,2016,9M,-2729400.049,1,TND,unite,Estime,augmentation (estimation trimestrielle)
SFBT,Flux de tresorerie,Variation des Autres actifs,Variation des Autres actifs,variationdesautresactifs,2017-03-31,2017,T1,-4889667.489,1,TND,unite,Estime,augmentation (estimation trimestrielle)
SFBT,Flux de tresorerie,Variation des Autres actifs,Variation des Autres actifs,variationdesautresactifs,2017-09-30,2017,9M,-8124437.874,1,TND,unite,Estime,augmentation (estimation trimestrielle)
SFBT,Flux de tresorerie,Variation des Autres actifs,Variation des Autres actifs,variationdesautresactifs,2018-03-31,2018,T1,-5895709.831,1,TND,unite,Estime,augmentation (estimation trimestrielle)
SFBT,Flux de tresorerie,Variation des Autres actifs,Variation des Autres actifs,variationdesautresactifs,2018-09-30,2018,9M,-7274798.163,1,TND,unite,Estime,augmentation (estimation trimestrielle)
SFBT,Flux de tresorerie,Variation des Autres actifs,Variation des Autres actifs,variationdesautresactifs,2019-03-31,2019,T1,-5735396.1,1,TND,unite,Estime,augmentation (estimation trimestrielle)
SFBT,Flux de tresorerie,Variation des Autres actifs,Variation des Autres actifs,variationdesautresactifs,2019-09-30,2019,9M,-14908239.895,1,TND,unite,Estime,augmentation (estimation trimestrielle)
SFBT,Flux de tresorerie,Variation des Autres actifs,Variation des Autres actifs,variationdesautresactifs,2020-03-31,2020,T1,-14413420.908,1,TND,unite,Estime,augmentation (estimation trimestrielle)
SFBT,Flux de tresorerie,Variation des Autres actifs,Variation des Autres actifs,variationdesautresactifs,2020-09-30,2020,9M,-8509633.178,1,TND,unite,Estime,augmentation (estimation trimestrielle)
SFBT,Flux de tresorerie,Variation des Autres actifs,Variation des Autres actifs,variationdesautresactifs,2021-03-31,2021,T1,-8375172.422,1,TND,unite,Estime,augmentation (estimation trimestrielle)
SFBT,Flux de tresorerie,Variation des Autres actifs,Variation des Autres actifs,variationdesautresactifs,2021-09-30,2021,9M,,1,TND,unite,Estime,augmentation (estimation trimestrielle)
SFBT,Flux de tresorerie,Variation des Autres actifs,Variation des Autres actifs,variationdesautresactifs,2022-03-31,2022,T1,6300900.611,1,TND,unite,Estime,augmentation (estimation trimestrielle)
SFBT,Flux de tresorerie,Variation des Autres actifs,Variation des Autres actifs,variationdesautresactifs,2022-09-30,2022,9M,,1,TND,unite,Estime,augmentation (estimation trimestrielle)
SFBT,Flux de tresorerie,Variation des Autres actifs,Variation des Autres actifs,variationdesautresactifs,2023-03-31,2023,T1,-6294645.778,1,TND,unite,Estime,augmentation (estimation trimestrielle)
SFBT,Flux de tresorerie,Variation des Autres actifs,Variation des Autres actifs,variationdesautresactifs,2023-09-30,2023,9M,-7532059.098,1,TND,unite,Estime,augmentation (estimation trimestrielle)
SFBT,Flux de tresorerie,Variation des Autres actifs,Variation des Autres actifs,variationdesautresactifs,2024-03-31,2024,T1,-3236146.512,1,TND,unite,Estime,augmentation (estimation trimestrielle)
SFBT,Flux de tresorerie,Variation des Autres actifs,Variation des Autres actifs,variationdesautresactifs,2024-09-30,2024,9M,-2709553.819,1,TND,unite,Estime,augmentation (estimation trimestrielle)
SFBT,Flux de tresorerie,Variation des Autres actifs,Variation des Autres actifs,variationdesautresactifs,2025-03-31,2025,T1,-4266040.897,1,TND,unite,Estime,augmentation (estimation trimestrielle)
SFBT,Flux de tresorerie,Variation des Créances,Variation des Créances,variationdescreances,2005-03-31,2005,T1,-3823058.305,1,TND,unite,Estime,augmentation (estimation trimestrielle)
SFBT,Flux de tresorerie,Variation des Créances,Variation des Créances,variationdescreances,2005-09-30,2005,9M,-3587156.313,1,TND,unite,Estime,augmentation (estimation trimestrielle)
SFBT,Flux de tresorerie,Variation des Créances,Variation des Créances,variationdescreances,2006-03-31,2006,T1,-5736891.646,1,TND,unite,Estime,augmentation (estimation trimestrielle)
SFBT,Flux de tresorerie,Variation des Créances,Variation des Créances,variationdescreances,2006-09-30,2006,9M,-6657567.931,1,TND,unite,Estime,augmentation (estimation trimestrielle)
SFBT,Flux de tresorerie,Variation des Créances,Variation des Créances,variationdescreances,2007-03-31,2007,T1,-5655423.956,1,TND,unite,Estime,augmentation (estimation trimestrielle)
SFBT,Flux de tresorerie,Variation des Créances,Variation des Créances,variationdescreances,2007-09-30,2007,9M,-4145874.624,1,TND,unite,Estime,augmentation (estimation trimestrielle)
SFBT,Flux de tresorerie,Variation des Créances,Variation des Créances,variationdescreances,2008-03-31,2008,T1,-5546807.748,1,TND,unite,Estime,augmentation (estimation trimestrielle)
SFBT,Flux de tresorerie,Variation des Créances,Variation des Créances,variationdescreances,2008-09-30,2008,9M,-6490666.439,1,TND,unite,Estime,augmentation (estimation trimestrielle)
SFBT,Flux de tresorerie,Variation des Créances,Variation des Créances,variationdescreances,2009-03-31,2009,T1,-8973440.217,1,TND,unite,Estime,augmentation (estimation trimestrielle)
SFBT,Flux de tresorerie,Variation des Créances,Variation des Créances,variationdescreances,2009-09-30,2009,9M,-13025085.413,1,TND,unite,Estime,augmentation (estimation trimestrielle)
SFBT,Flux de tresorerie,Variation des Créances,Variation des Créances,variationdescreances,2010-03-31,2010,T1,6769159.5,1,TND,unite,Estime,augmentation (estimation trimestrielle)
SFBT,Flux de tresorerie,Variation des Créances,Variation des Créances,variationdescreances,2010-09-30,2010,9M,-3942984.945,1,TND,unite,Estime,augmentation (estimation trimestrielle)
SFBT,Flux de tresorerie,Variation des Créances,Variation des Créances,variationdescreances,2011-03-31,2011,T1,207888.0,1,TND,unite,Estime,augmentation (estimation trimestrielle)
SFBT,Flux de tresorerie,Variation des Créances,Variation des Créances,variationdescreances,2011-09-30,2011,9M,1587662.982,1,TND,unite,Estime,augmentation (estimation trimestrielle)
SFBT,Flux de tresorerie,Variation des Créances,Variation des Créances,variationdescreances,2012-03-31,2012,T1,-6038799.0,1,TND,unite,Estime,augmentation (estimation trimestrielle)
SFBT,Flux de tresorerie,Variation des Créances,Variation des Créances,variationdescreances,2012-09-30,2012,9M,-1571202.834,1,TND,unite,Estime,augmentation (estimation trimestrielle)
SFBT,Flux de tresorerie,Variation des Créances,Variation des Créances,variationdescreances,2013-03-31,2013,T1,-3649365.5,1,TND,unite,Estime,augmentation (estimation trimestrielle)
SFBT,Flux de tresorerie,Variation des Créances,Variation des Créances,variationdescreances,2013-09-30,2013,9M,-7134140.805,1,TND,unite,Estime,augmentation (estimation trimestrielle)
SFBT,Flux de tresorerie,Variation des Créances,Variation des Créances,variationdescreances,2014-03-31,2014,T1,-6761988.798,1,TND,unite,Estime,augmentation (estimation trimestrielle)
SFBT,Flux de tresorerie,Variation des Créances,Variation des Créances,variationdescreances,2014-09-30,2014,9M,-3367179.212,1,TND,unite,Estime,augmentation (estimation trimestrielle)
SFBT,Flux de tresorerie,Variation des Créances,Variation des Créances,variationdescreances,2015-03-31,2015,T1,-12245805.053,1,TND,unite,Estime,augmentation (estimation trimestrielle)
SFBT,Flux de tresorerie,Variation des Créances,Variation des Créances,variationdescreances,2015-09-30,2015,9M,-9371667.307,1,TND,unite,Estime,augmentation (estimation trimestrielle)
SFBT,Flux de tresorerie,Variation des Créances,Variation des Créances,variationdescreances,2016-03-31,2016,T1,-11838419.15,1,TND,unite,Estime,augmentation (estimation trimestrielle)
SFBT,Flux de tresorerie,Variation des Créances,Variation des Créances,variationdescreances,2016-09-30,2016,9M,-17322244.193,1,TND,unite,Estime,augmentation (estimation trimestrielle)
SFBT,Flux de tresorerie,Variation des Créances,Variation des Créances,variationdescreances,2017-03-31,2017,T1,-7241083.735,1,TND,unite,Estime,augmentation (estimation trimestrielle)
SFBT,Flux de tresorerie,Variation des Créances,Variation des Créances,variationdescreances,2017-09-30,2017,9M,-13702976.204,1,TND,unite,Estime,augmentation (estimation trimestrielle)
SFBT,Flux de tresorerie,Variation des Créances,Variation des Créances,variationdescreances,2018-03-31,2018,T1,-2856841.987,1,TND,unite,Estime,augmentation (estimation trimestrielle)
SFBT,Flux de tresorerie,Variation des Créances,Variation des Créances,variationdescreances,2018-09-30,2018,9M,,1,TND,unite,Estime,augmentation (estimation trimestrielle)
SFBT,Flux de tresorerie,Variation des Créances,Variation des Créances,variationdescreances,2019-03-31,2019,T1,-16499119.779,1,TND,unite,Estime,augmentation (estimation trimestrielle)
SFBT,Flux de tresorerie,Variation des Créances,Variation des Créances,variationdescreances,2019-09-30,2019,9M,-18691038.987,1,TND,unite,Estime,augmentation (estimation trimestrielle)
SFBT,Flux de tresorerie,Variation des Créances,Variation des Créances,variationdescreances,2020-03-31,2020,T1,-22478522.213,1,TND,unite,Estime,augmentation (estimation trimestrielle)
SFBT,Flux de tresorerie,Variation des Créances,Variation des Créances,variationdescreances,2020-09-30,2020,9M,-23046829.866,1,TND,unite,Estime,augmentation (estimation trimestrielle)
SFBT,Flux de tresorerie,Variation des Créances,Variation des Créances,variationdescreances,2021-03-31,2021,T1,-21003512.775,1,TND,unite,Estime,augmentation (estimation trimestrielle)
SFBT,Flux de tresorerie,Variation des Créances,Variation des Créances,variationdescreances,2021-09-30,2021,9M,,1,TND,unite,Estime,augmentation (estimation trimestrielle)
SFBT,Flux de tresorerie,Variation des Créances,Variation des Créances,variationdescreances,2022-03-31,2022,T1,-26357276.799,1,TND,unite,Estime,augmentation (estimation trimestrielle)
SFBT,Flux de tresorerie,Variation des Créances,Variation des Créances,variationdescreances,2022-09-30,2022,9M,,1,TND,unite,Estime,augmentation (estimation trimestrielle)
SFBT,Flux de tresorerie,Variation des Créances,Variation des Créances,variationdescreances,2023-03-31,2023,T1,-14009065.473,1,TND,unite,Estime,augmentation (estimation trimestrielle)
SFBT,Flux de tresorerie,Variation des Créances,Variation des Créances,variationdescreances,2023-09-30,2023,9M,-25070653.804,1,TND,unite,Estime,augmentation (estimation trimestrielle)
SFBT,Flux de tresorerie,Variation des Créances,Variation des Créances,variationdescreances,2024-03-31,2024,T1,-39875251.312,1,TND,unite,Estime,augmentation (estimation trimestrielle)
SFBT,Flux de tresorerie,Variation des Créances,Variation des Créances,variationdescreances,2024-09-30,2024,9M,-37204104.883,1,TND,unite,Estime,augmentation (estimation trimestrielle)
SFBT,Flux de tresorerie,Variation des Créances,Variation des Créances,variationdescreances,2025-03-31,2025,T1,-33685750.399,1,TND,unite,Estime,augmentation (estimation trimestrielle)
SFBT,Flux de tresorerie,Variation des Stocks,Variation des Stocks,variationdesstocks,2005-03-31,2005,T1,-904274.432,1,TND,unite,Estime,augmentation (estimation trimestrielle)
SFBT,Flux de tresorerie,Variation des Stocks,Variation des Stocks,variationdesstocks,2005-09-30,2005,9M,-2443169.675,1,TND,unite,Estime,augmentation (estimation trimestrielle)
SFBT,Flux de tresorerie,Variation des Stocks,Variation des Stocks,variationdesstocks,2006-03-31,2006,T1,-1638380.055,1,TND,unite,Estime,augmentation (estimation trimestrielle)
SFBT,Flux de tresorerie,Variation des Stocks,Variation des Stocks,variationdesstocks,2006-09-30,2006,9M,-1408973.681,1,TND,unite,Estime,augmentation (estimation trimestrielle)
SFBT,Flux de tresorerie,Variation des Stocks,Variation des Stocks,variationdesstocks,2007-03-31,2007,T1,-2301756.601,1,TND,unite,Estime,augmentation (estimation trimestrielle)
SFBT,Flux de tresorerie,Variation des Stocks,Variation des Stocks,variationdesstocks,2007-09-30,2007,9M,-4031198.142,1,TND,unite,Estime,augmentation (estimation trimestrielle)
SFBT,Flux de tresorerie,Variation des Stocks,Variation des Stocks,variationdesstocks,2008-03-31,2008,T1,-321252.318,1,TND,unite,Estime,augmentation (estimation trimestrielle)
SFBT,Flux de tresorerie,Variation des Stocks,Variation des Stocks,variationdesstocks,2008-09-30,2008,9M,-1456976.956,1,TND,unite,Estime,augmentation (estimation trimestrielle)
SFBT,Flux de tresorerie,Variation des Stocks,Variation des Stocks,variationdesstocks,2009-03-31,2009,T1,-513887.09,1,TND,unite,Estime,augmentation (estimation trimestrielle)
SFBT,Flux de tresorerie,Variation des Stocks,Variation des Stocks,variationdesstocks,2009-09-30,2009,9M,-562138.078,1,TND,unite,Estime,augmentation (estimation trimestrielle)
SFBT,Flux de tresorerie,Variation des Stocks,Variation des Stocks,variationdesstocks,2010-03-31,2010,T1,5506748.0,1,TND,unite,Estime,augmentation (estimation trimestrielle)
SFBT,Flux de tresorerie,Variation des Stocks,Variation des Stocks,variationdesstocks,2010-09-30,2010,9M,-178199.396,1,TND,unite,Estime,augmentation (estimation trimestrielle)
SFBT,Flux de tresorerie,Variation des Stocks,Variation des Stocks,variationdesstocks,2011-03-31,2011,T1,776559.5,1,TND,unite,Estime,augmentation (estimation trimestrielle)
SFBT,Flux de tresorerie,Variation des Stocks,Variation des Stocks,variationdesstocks,2011-09-30,2011,9M,482409.022,1,TND,unite,Estime,augmentation (estimation trimestrielle)
SFBT,Flux de tresorerie,Variation des Stocks,Variation des Stocks,variationdesstocks,2012-03-31,2012,T1,-3289116.5,1,TND,unite,Estime,augmentation (estimation trimestrielle)
SFBT,Flux de tresorerie,Variation des Stocks,Variation des Stocks,variationdesstocks,2012-09-30,2012,9M,-5505481.27,1,TND,unite,Estime,augmentation (estimation trimestrielle)
SFBT,Flux de tresorerie,Variation des Stocks,Variation des Stocks,variationdesstocks,2013-03-31,2013,T1,-3785281.5,1,TND,unite,Estime,augmentation (estimation trimestrielle)
SFBT,Flux de tresorerie,Variation des Stocks,Variation des Stocks,variationdesstocks,2013-09-30,2013,9M,-6340308.531,1,TND,unite,Estime,augmentation (estimation trimestrielle)
SFBT,Flux de tresorerie,Variation des Stocks,Variation des Stocks,variationdesstocks,2014-03-31,2014,T1,-2891509.54,1,TND,unite,Estime,augmentation (estimation trimestrielle)
SFBT,Flux de tresorerie,Variation des Stocks,Variation des Stocks,variationdesstocks,2014-09-30,2014,9M,-6234185.483,1,TND,unite,Estime,augmentation (estimation trimestrielle)
SFBT,Flux de tresorerie,Variation des Stocks,Variation des Stocks,variationdesstocks,2015-03-31,2015,T1,-6381064.145,1,TND,unite,Estime,augmentation (estimation trimestrielle)
SFBT,Flux de tresorerie,Variation des Stocks,Variation des Stocks,variationdesstocks,2015-09-30,2015,9M,-14347055.709,1,TND,unite,Estime,augmentation (estimation trimestrielle)
SFBT,Flux de tresorerie,Variation des Stocks,Variation des Stocks,variationdesstocks,2016-03-31,2016,T1,-4234141.986,1,TND,unite,Estime,augmentation (estimation trimestrielle)
SFBT,Flux de tresorerie,Variation des Stocks,Variation des Stocks,variationdesstocks,2016-09-30,2016,9M,-3742347.317,1,TND,unite,Estime,augmentation (estimation trimestrielle)
SFBT,Flux de tresorerie,Variation des Stocks,Variation des Stocks,variationdesstocks,2017-03-31,2017,T1,-3732951.228,1,TND,unite,Estime,augmentation (estimation trimestrielle)
SFBT,Flux de tresorerie,Variation des Stocks,Variation des Stocks,variationdesstocks,2017-09-30,2017,9M,-3396333.433,1,TND,unite,Estime,augmentation (estimation trimestrielle)
SFBT,Flux de tresorerie,Variation des Stocks,Variation des Stocks,variationdesstocks,2018-03-31,2018,T1,-10393178.333,1,TND,unite,Estime,augmentation (estimation trimestrielle)
SFBT,Flux de tresorerie,Variation des Stocks,Variation des Stocks,variationdesstocks,2018-09-30,2018,9M,-18872273.869,1,TND,unite,Estime,augmentation (estimation trimestrielle)
SFBT,Flux de tresorerie,Variation des Stocks,Variation des Stocks,variationdesstocks,2019-03-31,2019,T1,-12552060.354,1,TND,unite,Estime,augmentation (estimation trimestrielle)
SFBT,Flux de tresorerie,Variation des Stocks,Variation des Stocks,variationdesstocks,2019-09-30,2019,9M,-11430457.633,1,TND,unite,Estime,augmentation (estimation trimestrielle)
SFBT,Flux de tresorerie,Variation des Stocks,Variation des Stocks,variationdesstocks,2020-03-31,2020,T1,-11409332.781,1,TND,unite,Estime,augmentation (estimation trimestrielle)
SFBT,Flux de tresorerie,Variation des Stocks,Variation des Stocks,variationdesstocks,2020-09-30,2020,9M,-11504491.077,1,TND,unite,Estime,augmentation (estimation trimestrielle)
SFBT,Flux de tresorerie,Variation des Stocks,Variation des Stocks,variationdesstocks,2021-03-31,2021,T1,-9848327.327,1,TND,unite,Estime,augmentation (estimation trimestrielle)
SFBT,Flux de tresorerie,Variation des Stocks,Variation des Stocks,variationdesstocks,2021-09-30,2021,9M,,1,TND,unite,Estime,augmentation (estimation trimestrielle)
SFBT,Flux de tresorerie,Variation des Stocks,Variation des Stocks,variationdesstocks,2022-03-31,2022,T1,-16776908.067,1,TND,unite,Estime,augmentation (estimation trimestrielle)
SFBT,Flux de tresorerie,Variation des Stocks,Variation des Stocks,variationdesstocks,2022-09-30,2022,9M,,1,TND,unite,Estime,augmentation (estimation trimestrielle)
SFBT,Flux de tresorerie,Variation des Stocks,Variation des Stocks,variationdesstocks,2023-03-31,2023,T1,-21038929.937,1,TND,unite,Estime,augmentation (estimation trimestrielle)
SFBT,Flux de tresorerie,Variation des Stocks,Variation des Stocks,variationdesstocks,2023-09-30,2023,9M,-34442750.049,1,TND,unite,Estime,augmentation (estimation trimestrielle)
SFBT,Flux de tresorerie,Variation des Stocks,Variation des Stocks,variationdesstocks,2024-03-31,2024,T1,-9202358.112,1,TND,unite,Estime,augmentation (estimation trimestrielle)
SFBT,Flux de tresorerie,Variation des Stocks,Variation des Stocks,variationdesstocks,2024-09-30,2024,9M,-18872727.201,1,TND,unite,Estime,augmentation (estimation trimestrielle)
SFBT,Flux de tresorerie,Variation des Stocks,Variation des Stocks,variationdesstocks,2025-03-31,2025,T1,-12606465.527,1,TND,unite,Estime,augmentation (estimation trimestrielle)
SFBT,Flux de tresorerie,Variation et réajustement des Autres actifs,Variation et réajustement des Autres actifs,variationetreajustementdesautresactifs,2008-03-31,2008,T1,-5318588.309,1,TND,unite,Estime,augmentation (estimation trimestrielle)
SFBT,Flux de tresorerie,Variation et réajustement des Autres actifs,Variation et réajustement des Autres actifs,variationetreajustementdesautresactifs,2009-03-31,2009,T1,219909.073,1,TND,unite,Estime,augmentation (estimation trimestrielle)
SFBT,Flux de tresorerie,Variations Fournisseurs et autres dettes,Variations Fournisseurs et autres dettes,variationsfournisseursetautresdettes,2005-03-31,2005,T1,2069028.022,1,TND,unite,Estime,augmentation (estimation trimestrielle)
SFBT,Flux de tresorerie,Variations Fournisseurs et autres dettes,Variations Fournisseurs et autres dettes,variationsfournisseursetautresdettes,2005-09-30,2005,9M,-1098410.0,1,TND,unite,Estime,augmentation (estimation trimestrielle)
SFBT,Flux de tresorerie,Variations Fournisseurs et autres dettes,Variations Fournisseurs et autres dettes,variationsfournisseursetautresdettes,2006-03-31,2006,T1,102816.543,1,TND,unite,Estime,augmentation (estimation trimestrielle)
SFBT,Flux de tresorerie,Variations Fournisseurs et autres dettes,Variations Fournisseurs et autres dettes,variationsfournisseursetautresdettes,2006-09-30,2006,9M,-679273.099,1,TND,unite,Estime,augmentation (estimation trimestrielle)
SFBT,Flux de tresorerie,Variations Fournisseurs et autres dettes,Variations Fournisseurs et autres dettes,variationsfournisseursetautresdettes,2007-03-31,2007,T1,11180056.945,1,TND,unite,Estime,augmentation (estimation trimestrielle)
SFBT,Flux de tresorerie,Variations Fournisseurs et autres dettes,Variations Fournisseurs et autres dettes,variationsfournisseursetautresdettes,2007-09-30,2007,9M,13988406.342,1,TND,unite,Estime,augmentation (estimation trimestrielle)
SFBT,Flux de tresorerie,Variations Fournisseurs et autres dettes,Variations Fournisseurs et autres dettes,variationsfournisseursetautresdettes,2008-03-31,2008,T1,10761795.18,1,TND,unite,Estime,augmentation (estimation trimestrielle)
SFBT,Flux de tresorerie,Variations Fournisseurs et autres dettes,Variations Fournisseurs et autres dettes,variationsfournisseursetautresdettes,2008-09-30,2008,9M,7737474.803,1,TND,unite,Estime,augmentation (estimation trimestrielle)
SFBT,Flux de tresorerie,Variations Fournisseurs et autres dettes,Variations Fournisseurs et autres dettes,variationsfournisseursetautresdettes,2009-03-31,2009,T1,5025100.047,1,TND,unite,Estime,augmentation (estimation trimestrielle)
SFBT,Flux de tresorerie,Variations Fournisseurs et autres dettes,Variations Fournisseurs et autres dettes,variationsfournisseursetautresdettes,2009-09-30,2009,9M,6854896.14,1,TND,unite,Estime,augmentation (estimation trimestrielle)
SFBT,Flux de tresorerie,Variations Fournisseurs et autres dettes,Variations Fournisseurs et autres dettes,variationsfournisseursetautresdettes,2010-03-31,2010,T1,12976889.0,1,TND,unite,Estime,augmentation (estimation trimestrielle)
SFBT,Flux de tresorerie,Variations Fournisseurs et autres dettes,Variations Fournisseurs et autres dettes,variationsfournisseursetautresdettes,2010-09-30,2010,9M,17082362.378,1,TND,unite,Estime,augmentation (estimation trimestrielle)
SFBT,Flux de tresorerie,Variations Fournisseurs et autres dettes,Variations Fournisseurs et autres dettes,variationsfournisseursetautresdettes,2011-03-31,2011,T1,5419571.5,1,TND,unite,Estime,augmentation (estimation trimestrielle)
SFBT,Flux de tresorerie,Variations Fournisseurs et autres dettes,Variations Fournisseurs et autres dettes,variationsfournisseursetautresdettes,2011-09-30,2011,9M,6933550.818,1,TND,unite,Estime,augmentation (estimation trimestrielle)
SFBT,Flux de tresorerie,Variations Fournisseurs et autres dettes,Variations Fournisseurs et autres dettes,variationsfournisseursetautresdettes,2016-03-31,2016,T1,-14184244.264,1,TND,unite,Estime,augmentation (estimation trimestrielle)
SFBT,Flux de tresorerie,Variations Fournisseurs et autres dettes,Variations Fournisseurs et autres dettes,variationsfournisseursetautresdettes,2016-09-30,2016,9M,-5713427.053,1,TND,unite,Estime,augmentation (estimation trimestrielle)
SFBT,Flux de tresorerie,Variations Fournisseurs et autres dettes,Variations Fournisseurs et autres dettes,variationsfournisseursetautresdettes,2017-03-31,2017,T1,-13607159.167,1,TND,unite,Estime,augmentation (estimation trimestrielle)
SFBT,Flux de tresorerie,Variations Fournisseurs et autres dettes,Variations Fournisseurs et autres dettes,variationsfournisseursetautresdettes,2017-09-30,2017,9M,-16458123.243,1,TND,unite,Estime,augmentation (estimation trimestrielle)
SFBT,Flux de tresorerie,Variations Fournisseurs et autres dettes,Variations Fournisseurs et autres dettes,variationsfournisseursetautresdettes,2018-03-31,2018,T1,5086291.553,1,TND,unite,Estime,augmentation (estimation trimestrielle)
SFBT,Flux de tresorerie,Variations Fournisseurs et autres dettes,Variations Fournisseurs et autres dettes,variationsfournisseursetautresdettes,2018-09-30,2018,9M,13404194.573,1,TND,unite,Estime,augmentation (estimation trimestrielle)
SFBT,Flux de tresorerie,Variations Fournisseurs et autres dettes,Variations Fournisseurs et autres dettes,variationsfournisseursetautresdettes,2019-03-31,2019,T1,6406796.931,1,TND,unite,Estime,augmentation (estimation trimestrielle)
SFBT,Flux de tresorerie,Variations Fournisseurs et autres dettes,Variations Fournisseurs et autres dettes,variationsfournisseursetautresdettes,2019-09-30,2019,9M,13461618.021,1,TND,unite,Estime,augmentation (estimation trimestrielle)
SFBT,Flux de tresorerie,Variations Fournisseurs et autres dettes,Variations Fournisseurs et autres dettes,variationsfournisseursetautresdettes,2020-03-31,2020,T1,3772922.786,1,TND,unite,Estime,augmentation (estimation trimestrielle)
SFBT,Flux de tresorerie,Variations Fournisseurs et autres dettes,Variations Fournisseurs et autres dettes,variationsfournisseursetautresdettes,2020-09-30,2020,9M,17926834.159,1,TND,unite,Estime,augmentation (estimation trimestrielle)
SFBT,Flux de tresorerie,Variations Fournisseurs et autres dettes,Variations Fournisseurs et autres dettes,variationsfournisseursetautresdettes,2021-03-31,2021,T1,6982809.752,1,TND,unite,Estime,augmentation (estimation trimestrielle)
SFBT,Flux de tresorerie,Variations des Fournisseurs et autres dettes,Variations des Fournisseurs et autres dettes,variationsdesfournisseursetautresdettes,2012-03-31,2012,T1,5024000.0,1,TND,unite,Estime,augmentation (estimation trimestrielle)
SFBT,Flux de tresorerie,Variations des Fournisseurs et autres dettes,Variations des Fournisseurs et autres dettes,variationsdesfournisseursetautresdettes,2013-03-31,2013,T1,9049098.5,1,TND,unite,Estime,augmentation (estimation trimestrielle)
SFBT,Flux de tresorerie,Variations des Fournisseurs et autres dettes,Variations des Fournisseurs et autres dettes,variationsdesfournisseursetautresdettes,2014-03-31,2014,T1,4849481.12,1,TND,unite,Estime,augmentation (estimation trimestrielle)
SFBT,Flux de tresorerie,Variations des Fournisseurs et autres dettes,Variations des Fournisseurs et autres dettes,variationsdesfournisseursetautresdettes,2015-03-31,2015,T1,280345.77,1,TND,unite,Estime,augmentation (estimation trimestrielle)
SFBT,Flux de tresorerie,Variations des Fournisseurs et autres dettes,Variations des Fournisseurs et autres dettes,variationsdesfournisseursetautresdettes,2022-03-31,2022,T1,10285081.072,1,TND,unite,Estime,augmentation (estimation trimestrielle)
SFBT,Flux de tresorerie,Variations des Fournisseurs et autres dettes,Variations des Fournisseurs et autres dettes,variationsdesfournisseursetautresdettes,2022-09-30,2022,9M,,1,TND,unite,Estime,augmentation (estimation trimestrielle)
SFBT,Flux de tresorerie,Variations des Fournisseurs et autres dettes,Variations des Fournisseurs et autres dettes,variationsdesfournisseursetautresdettes,2023-03-31,2023,T1,-7277632.607,1,TND,unite,Estime,augmentation (estimation trimestrielle)
SFBT,Flux de tresorerie,Variations des Fournisseurs et autres dettes,Variations des Fournisseurs et autres dettes,variationsdesfournisseursetautresdettes,2024-03-31,2024,T1,25984582.12,1,TND,unite,Estime,augmentation (estimation trimestrielle)
SFBT,Flux de tresorerie,Variations des Fournisseurs et autres dettes,Variations des Fournisseurs et autres dettes,variationsdesfournisseursetautresdettes,2025-03-31,2025,T1,4694984.071,1,TND,unite,Estime,augmentation (estimation trimestrielle)
SFBT,SIG,Achats consommés,Achats consommés,achatsconsommes,2025-03-31,2025,T1,86792941.0,1,TND,unite,Estime,augmentation (estimation trimestrielle)
SFBT,SIG,Autres charges externes,Autres charges externes,autreschargesexternes,2025-03-31,2025,T1,10627402.5,1,TND,unite,Estime,augmentation (estimation trimestrielle)
SFBT,SIG,Autres gains ordinaires,Autres gains ordinaires,autresgainsordinaires,2025-03-31,2025,T1,217636.0,1,TND,unite,Estime,augmentation (estimation trimestrielle)
SFBT,SIG,Autres pertes Ordinaires,Autres pertes Ordinaires,autrespertesordinaires,2025-03-31,2025,T1,839116.0,1,TND,unite,Estime,augmentation (estimation trimestrielle)
SFBT,SIG,Autres produits d'exploitation,Autres produits d'exploitation,autresproduitsdexploitation,2025-03-31,2025,T1,1518208.5,1,TND,unite,Estime,augmentation (estimation trimestrielle)
SFBT,SIG,Charges de Personnel,Charges de Personnel,chargesdepersonnel,2025-03-31,2025,T1,13746627.5,1,TND,unite,Estime,augmentation (estimation trimestrielle)
SFBT,SIG,Contribution sociale de solidarité (Loi. Fin. 2018),Contribution sociale de solidarité (Loi. Fin. 2018),contributionsocialedesolidariteloifin2018,2025-03-31,2025,T1,520496.5,1,TND,unite,Estime,augmentation (estimation trimestrielle)
SFBT,SIG,Coût d'achat de marchandises vendues,Coût d'achat de marchandises vendues,coutdachatdemarchandisesvendues,2025-03-31,2025,T1,16244974.5,1,TND,unite,Estime,augmentation (estimation trimestrielle)
SFBT,SIG,Dotations aux Amorts et Prov.Ordinaires,Dotations aux Amorts et Prov .Ordinaires,dotationsauxamortsetprovordinaires,2025-03-31,2025,T1,6135801.0,1,TND,unite,Estime,augmentation (estimation trimestrielle)
SFBT,SIG,Excédent brut d'exploitation,Excédent brut d'exploitation,excedentbrutdexploitation,2025-03-31,2025,T1,46311511.0,1,TND,unite,Estime,augmentation (estimation trimestrielle)
SFBT,SIG,Impôt sur le Résultat Ordinaire,Impôt sur le Résultat Ordinaire,impotsurleresultatordinaire,2025-03-31,2025,T1,10409930.5,1,TND,unite,Estime,augmentation (estimation trimestrielle)
SFBT,SIG,Impôts et Taxes,Impôts et Taxes,impotsettaxes,2025-03-31,2025,T1,5799298.5,1,TND,unite,Estime,augmentation (estimation trimestrielle)
SFBT,SIG,Marge commerciale,Marge commerciale,margecommerciale,2025-03-31,2025,T1,138371.5,1,TND,unite,Estime,augmentation (estimation trimestrielle)
SFBT,SIG,Marge sur coût matières,Marge sur coût matières,margesurcoutmatieres,2025-03-31,2025,T1,74828259.5,1,TND,unite,Estime,augmentation (estimation trimestrielle)
SFBT,SIG,Production,Production,production,2025-03-31,2025,T1,161621200.5,1,TND,unite,Estime,augmentation (estimation trimestrielle)
SFBT,SIG,Produits et charges financiers nets,Produits et charges financiers nets,produitsetchargesfinanciersnets,2025-03-31,2025,T1,2559174.0,1,TND,unite,Estime,augmentation (estimation trimestrielle)
SFBT,SIG,Produits financiers,Produits financiers,produitsfinanciers,2025-03-31,2025,T1,53635866.5,1,TND,unite,Estime,augmentation (estimation trimestrielle)
SFBT,SIG,Revenus et autres produits d'exploitations,Revenus et autres produits d'exploitations,revenusetautresproduitsdexploitations,2025-03-31,2025,T1,162537649.0,1,TND,unite,Estime,augmentation (estimation trimestrielle)
SFBT,SIG,Résultat des activités ordinaires après IS,Résultat des activités ordinaires après IS,resultatdesactivitesordinairesapresis,2025-03-31,2025,T1,84818844.0,1,TND,unite,Estime,augmentation (estimation trimestrielle)
SFBT,SIG,Valeur Ajoutée Brute,Valeur Ajoutée Brute,valeurajouteebrute,2025-03-31,2025,T1,65857437.0,1,TND,unite,Estime,augmentation (estimation trimestrielle)
SFBT,SIG,Variation des stocks d'en-cours et produits finis,Variation des stocks d'en-cours et produits finis,variationdesstocksdencoursetproduitsfinis,2025-03-31,2025,T1,-916448.5,1,TND,unite,Estime,augmentation (estimation trimestrielle)
SFBT,SIG,Ventes de marchandises et autres,Ventes de marchandises et autres,ventesdemarchandisesetautres,2025-03-31,2025,T1,16383346.0,1,TND,unite,Estime,augmentation (estimation trimestrielle)
